	start time: 2021-08-23 13:08:34.939522
2021_8_23_13_8,-0.47,0.08,0.96,-4.39,0.78,0.0009,0.0009, -1461.854633654396, 0.0008538534864753639
2021_8_23_13_9,-0.47000001490116117,0.08,0.96,-4.39,0.78,0.0009,0.0009, -1461.8546236466004, 0.0008538535296637795
2021_8_23_13_9,-0.47,0.0800000149011612,0.96,-4.39,0.78,0.0009,0.0009, -1461.854669990011, 0.0008538533208846198
2021_8_23_13_9,-0.47,0.08,0.9600000149011612,-4.39,0.78,0.0009,0.0009, -1461.8546374957461, 0.000853853465735727
2021_8_23_13_9,-0.47,0.08,0.96,-4.390000065416097,0.78,0.0009,0.0009, -1461.8546337332273, 0.0008538534864753639
2021_8_23_13_9,-0.47,0.08,0.96,-4.39,0.7800000149011612,0.0009,0.0009, -1461.854633542116, 0.0008538534864753639
2021_8_23_13_9,-0.47,0.08,0.96,-4.39,0.78,0.0009000149011611938,0.0009, -1461.8546888662129, 0.0008538534864753639
2021_8_23_13_10,-0.47,0.08,0.96,-4.39,0.78,0.0009,0.0009000149011611938, -1461.8556102186326, 0.0008538534864753639
2021_8_23_13_10,-0.45809623525202914,0.034086710802624716,0.9945186962944538,-4.3813599172669155,0.8164709481909587,0.02522640908897687,0.35111001407745296, -751.145026718522, 0.001431734953892562
2021_8_23_13_10,-0.45809625015319033,0.034086710802624716,0.9945186962944538,-4.3813599172669155,0.8164709481909587,0.02522640908897687,0.35111001407745296, -751.1450287364307, 0.0014317350212552716
2021_8_23_13_10,-0.45809623525202914,0.03408672570378591,0.9945186962944538,-4.3813599172669155,0.8164709481909587,0.02522640908897687,0.35111001407745296, -751.1450176597369, 0.001431734699539851
2021_8_23_13_10,-0.45809623525202914,0.034086710802624716,0.994518711195615,-4.3813599172669155,0.8164709481909587,0.02522640908897687,0.35111001407745296, -751.1450245079743, 0.0014317349154168444
2021_8_23_13_11,-0.45809623525202914,0.034086710802624716,0.9945186962944538,-4.381359982554266,0.8164709481909587,0.02522640908897687,0.35111001407745296, -751.1450267604046, 0.001431734953892562
2021_8_23_13_11,-0.45809623525202914,0.034086710802624716,0.9945186962944538,-4.3813599172669155,0.8164709630921199,0.02522640908897687,0.35111001407745296, -751.145026668403, 0.001431734953892562
2021_8_23_13_11,-0.45809623525202914,0.034086710802624716,0.9945186962944538,-4.3813599172669155,0.8164709481909587,0.025226423990138063,0.35111001407745296, -751.1449743461128, 0.001431734953892562
2021_8_23_13_11,-0.45809623525202914,0.034086710802624716,0.9945186962944538,-4.3813599172669155,0.8164709481909587,0.02522640908897687,0.35111002897861415, -751.1450229414651, 0.001431734953892562
2021_8_23_13_11,-0.4643457503743323,0.0896395589897321,0.9611872025730436,-4.384561847473316,0.7785615000966977,0.010680696395396327,0.1732438310192804, -893.4786770553246, 0.0007596257963889112
2021_8_23_13_12,-0.4643457652754935,0.0896395589897321,0.9611872025730436,-4.384561847473316,0.7785615000966977,0.010680696395396327,0.1732438310192804, -893.4786792486195, 0.0007596258165017706
2021_8_23_13_12,-0.4643457503743323,0.08963957389089329,0.9611872025730436,-4.384561847473316,0.7785615000966977,0.010680696395396327,0.1732438310192804, -893.4786664197765, 0.000759625718777287
2021_8_23_13_12,-0.4643457503743323,0.0896395589897321,0.9611872174742048,-4.384561847473316,0.7785615000966977,0.010680696395396327,0.1732438310192804, -893.4786750873493, 0.0007596257881852647
2021_8_23_13_12,-0.4643457503743323,0.0896395589897321,0.9611872025730436,-4.384561912808379,0.7785615000966977,0.010680696395396327,0.1732438310192804, -893.4786771776431, 0.0007596257963889112
2021_8_23_13_12,-0.4643457503743323,0.0896395589897321,0.9611872025730436,-4.384561847473316,0.7785615149978589,0.010680696395396327,0.1732438310192804, -893.4786768803027, 0.0007596257963889112
2021_8_23_13_13,-0.4643457503743323,0.0896395589897321,0.9611872025730436,-4.384561847473316,0.7785615000966977,0.01068071129655752,0.1732438310192804, -893.478553700893, 0.0007596257963889112
2021_8_23_13_13,-0.4643457503743323,0.0896395589897321,0.9611872025730436,-4.384561847473316,0.7785615000966977,0.010680696395396327,0.1732438459204416, -893.4786694004472, 0.0007596257963889112
2021_8_23_13_13,-0.46754737980199584,0.08496596113347674,0.9597622984905534,-4.391981487991627,0.777240960925226,0.0058173631975003345,0.08725732714801784, -1008.0066986638814, 0.0007988380218248013
2021_8_23_13_13,-0.46754739470315704,0.08496596113347674,0.9597622984905534,-4.391981487991627,0.777240960925226,0.0058173631975003345,0.08725732714801784, -1008.0067007889173, 0.0007988380548558817
2021_8_23_13_13,-0.46754737980199584,0.08496597603463793,0.9597622984905534,-4.391981487991627,0.777240960925226,0.0058173631975003345,0.08725732714801784, -1008.0066883833787, 0.0007988378949177357
2021_8_23_13_13,-0.46754737980199584,0.08496596113347674,0.9597623133917146,-4.391981487991627,0.777240960925226,0.0058173631975003345,0.08725732714801784, -1008.0066967113694, 0.0007988380067673962
2021_8_23_13_14,-0.46754737980199584,0.08496596113347674,0.9597622984905534,-4.391981553437251,0.777240960925226,0.0058173631975003345,0.08725732714801784, -1008.0066987556064, 0.0007988380218248013
2021_8_23_13_14,-0.46754737980199584,0.08496596113347674,0.9597622984905534,-4.391981487991627,0.7772409758263872,0.0058173631975003345,0.08725732714801784, -1008.0066985324892, 0.0007988380218248013
2021_8_23_13_14,-0.46754737980199584,0.08496596113347674,0.9597622984905534,-4.391981487991627,0.777240960925226,0.005817378098661528,0.08725732714801784, -1008.0064758928725, 0.0007988380218248013
2021_8_23_13_14,-0.46754737980199584,0.08496596113347674,0.9597622984905534,-4.391981487991627,0.777240960925226,0.0058173631975003345,0.08725734204917904, -1008.0066834674041, 0.0007988380218248013
2021_8_23_13_14,-0.4688679275461457,0.0825182660143135,0.9596733337456782,-4.392164804797851,0.7781110059903809,0.003364122954898307,0.04410187052336305, -1115.272088495668, 0.0008246753042143251
2021_8_23_13_15,-0.4688679424473069,0.0825182660143135,0.9596733337456782,-4.392164804797851,0.7781110059903809,0.003364122954898307,0.04410187052336305, -1115.2720904680832, 0.0008246753426595014
2021_8_23_13_15,-0.4688679275461457,0.0825182809154747,0.9596733337456782,-4.392164804797851,0.7781110059903809,0.003364122954898307,0.04410187052336305, -1115.2720788411507, 0.0008246751566857844
2021_8_23_13_15,-0.4688679275461457,0.0825182660143135,0.9596733486468394,-4.392164804797851,0.7781110059903809,0.003364122954898307,0.04410187052336305, -1115.272086620725, 0.0008246752861707864
2021_8_23_13_15,-0.4688679275461457,0.0825182660143135,0.9596733337456782,-4.392164870246207,0.7781110059903809,0.003364122954898307,0.04410187052336305, -1115.272088578725, 0.0008246753042143251
2021_8_23_13_15,-0.4688679275461457,0.0825182660143135,0.9596733337456782,-4.392164804797851,0.778111020891542,0.003364122954898307,0.04410187052336305, -1115.2720883768577, 0.0008246753042143251
2021_8_23_13_16,-0.4688679275461457,0.0825182660143135,0.9596733337456782,-4.392164804797851,0.7781110059903809,0.0033641378560595007,0.04410187052336305, -1115.2717221784694, 0.0008246753042143251
2021_8_23_13_16,-0.4688679275461457,0.0825182660143135,0.9596733337456782,-4.392164804797851,0.7781110059903809,0.003364122954898307,0.04410188542452424, -1115.272058443474, 0.0008246753042143251
2021_8_23_13_16,-0.46945757712851793,0.08126778951463709,0.95978476290377,-4.391375508554599,0.7789283123807296,0.0021332574303888456,0.022503854841700408, -1210.6767264037294, 0.0008388894346862637
2021_8_23_13_16,-0.4694575920296791,0.08126778951463709,0.95978476290377,-4.391375508554599,0.7789283123807296,0.0021332574303888456,0.022503854841700408, -1210.676728000087, 0.0008388894755970824
2021_8_23_13_16,-0.46945757712851793,0.08126780441579828,0.95978476290377,-4.391375508554599,0.7789283123807296,0.0021332574303888456,0.022503854841700408, -1210.676718208353, 0.0008388892777940065
2021_8_23_13_16,-0.46945757712851793,0.08126778951463709,0.9597847778049312,-4.391375508554599,0.7789283123807296,0.0021332574303888456,0.022503854841700408, -1210.6767247502687, 0.0008388894152532229
2021_8_23_13_17,-0.46945757712851793,0.08126778951463709,0.95978476290377,-4.391375573991193,0.7789283123807296,0.0021332574303888456,0.022503854841700408, -1210.676726484123, 0.0008388894346862637
2021_8_23_13_17,-0.46945757712851793,0.08126778951463709,0.95978476290377,-4.391375508554599,0.7789283272818908,0.0021332574303888456,0.022503854841700408, -1210.67672628893, 0.0008388894346862637
2021_8_23_13_17,-0.46945757712851793,0.08126778951463709,0.95978476290377,-4.391375508554599,0.7789283123807296,0.0021332723315500395,0.022503854841700408, -1210.6762166646506, 0.0008388894346862637
2021_8_23_13_17,-0.46945757712851793,0.08126778951463709,0.95978476290377,-4.391375508554599,0.7789283123807296,0.0021332574303888456,0.0225038697428616, -1210.6766676217978, 0.0008388894346862637
2021_8_23_13_17,-0.4697346972348889,0.08063603785548855,0.9598794147127777,-4.390760962725816,0.7794323881464816,0.0015169071700945418,0.01170229836528225, -1290.8478681750155, 0.0008462818281143053
2021_8_23_13_18,-0.4697347121360501,0.08063603785548855,0.9598794147127777,-4.390760962725816,0.7794323881464816,0.0015169071700945418,0.01170229836528225, -1290.8478691249038, 0.000846281870181765
2021_8_23_13_18,-0.4697346972348889,0.08063605275664974,0.9598794147127777,-4.390760962725816,0.7794323881464816,0.0015169071700945418,0.01170229836528225, -1290.847862452973, 0.0008462816668083859
2021_8_23_13_18,-0.4697346972348889,0.08063603785548855,0.9598794296139389,-4.390760962725816,0.7794323881464816,0.0015169071700945418,0.01170229836528225, -1290.847866906591, 0.000846281808021102
2021_8_23_13_18,-0.4697346972348889,0.08063603785548855,0.9598794147127777,-4.3907610281532525,0.7794323881464816,0.0015169071700945418,0.01170229836528225, -1290.847868254491, 0.0008462818281143053
2021_8_23_13_18,-0.4697346972348889,0.08063603785548855,0.9598794147127777,-4.390760962725816,0.7794324030476428,0.0015169071700945418,0.01170229836528225, -1290.8478680616624, 0.0008462818281143053
2021_8_23_13_19,-0.4697346972348889,0.08063603785548855,0.9598794147127777,-4.390760962725816,0.7794323881464816,0.0015169220712557357,0.01170229836528225, -1290.847309096151, 0.0008462818281143053
2021_8_23_13_19,-0.4697346972348889,0.08063603785548855,0.9598794147127777,-4.390760962725816,0.7794323881464816,0.0015169071700945418,0.011702313266443444, -1290.8477559381802, 0.0008462818281143053
2021_8_23_13_19,-0.469868826363371,0.0803185520485628,0.9599364670155637,-4.39039877391096,0.7797082562203093,0.0012085206341533748,0.006301197151643346, -1355.582791131741, 0.0008500453013084129
2021_8_23_13_19,-0.4698688412645322,0.0803185520485628,0.9599364670155637,-4.39039877391096,0.7797082562203093,0.0012085206341533748,0.006301197151643346, -1355.5827912313002, 0.0008500453439552986
2021_8_23_13_19,-0.469868826363371,0.08031856694972399,0.9599364670155637,-4.39039877391096,0.7797082562203093,0.0012085206341533748,0.006301197151643346, -1355.5827886577422, 0.0008500451377785906
2021_8_23_13_20,-0.469868826363371,0.0803185520485628,0.9599364819167249,-4.39039877391096,0.7797082562203093,0.0012085206341533748,0.006301197151643346, -1355.5827903595134, 0.0008500452808788538
2021_8_23_13_20,-0.469868826363371,0.0803185520485628,0.9599364670155637,-4.390398839333,0.7797082562203093,0.0012085206341533748,0.006301197151643346, -1355.58279121086, 0.0008500453013084129
2021_8_23_13_20,-0.469868826363371,0.0803185520485628,0.9599364670155637,-4.39039877391096,0.7797082711214705,0.0012085206341533748,0.006301197151643346, -1355.5827910189678, 0.0008500453013084129
2021_8_23_13_20,-0.469868826363371,0.0803185520485628,0.9599364670155637,-4.39039877391096,0.7797082562203093,0.0012085355353145687,0.006301197151643346, -1355.5823210521635, 0.0008500453013084129
2021_8_23_13_20,-0.469868826363371,0.0803185520485628,0.9599364670155637,-4.39039877391096,0.7797082562203093,0.0012085206341533748,0.00630121205280454, -1355.5825877286075, 0.0008500453013084129
2021_8_23_13_20,-0.4699347826849409,0.08015940897123859,0.9599674236022354,-4.390203958831441,0.7798521441951167,0.00105427675893846,0.0036006049791375925, -1406.3574289674489, 0.0008519441606070923
2021_8_23_13_21,-0.46993479758610207,0.08015940897123859,0.9599674236022354,-4.390203958831441,0.7798521441951167,0.00105427675893846,0.0036006049791375925, -1406.3574280755095, 0.000851944203528579
2021_8_23_13_21,-0.4699347826849409,0.08015942387239978,0.9599674236022354,-4.390203958831441,0.7798521441951167,0.00105427675893846,0.0036006049791375925, -1406.3574302802883, 0.0008519439960299983
2021_8_23_13_21,-0.4699347826849409,0.08015940897123859,0.9599674385033966,-4.390203958831441,0.7798521441951167,0.00105427675893846,0.0036006049791375925, -1406.3574287338356, 0.0008519441400198786
2021_8_23_13_21,-0.4699347826849409,0.08015940897123859,0.9599674236022354,-4.390204024250578,0.7798521441951167,0.00105427675893846,0.0036006049791375925, -1406.357429046416, 0.0008519441606070923
2021_8_23_13_21,-0.4699347826849409,0.08015940897123859,0.9599674236022354,-4.390203958831441,0.7798521590962779,0.00105427675893846,0.0036006049791375925, -1406.3574288549405, 0.0008519441606070923
2021_8_23_13_22,-0.4699347826849409,0.08015940897123859,0.9599674236022354,-4.390203958831441,0.7798521441951167,0.001054291660099654,0.0036006049791375925, -1406.3571189822173, 0.0008519441606070923
2021_8_23_13_22,-0.4699347826849409,0.08015940897123859,0.9599674236022354,-4.390203958831441,0.7798521441951167,0.00105427675893846,0.0036006198802987863, -1406.357098705396, 0.0008519441606070923
2021_8_23_13_22,-0.4699674837262867,0.08007973768060814,0.9599835093479163,-4.390103122222992,0.7799255761890971,0.00097714244989407,0.0022503033922340785, -1442.203992119651, 0.0008528975522147018
2021_8_23_13_22,-0.4699674986274479,0.08007973768060814,0.9599835093479163,-4.390103122222992,0.7799255761890971,0.00097714244989407,0.0022503033922340785, -1442.2039899484403, 0.0008528975952707843
2021_8_23_13_22,-0.4699674837262867,0.08007975258176933,0.9599835093479163,-4.390103122222992,0.7799255761890971,0.00097714244989407,0.0022503033922340785, -1442.2039983352606, 0.0008528973871257673
2021_8_23_13_23,-0.4699674837262867,0.08007973768060814,0.9599835242490775,-4.390103122222992,0.7799255761890971,0.00097714244989407,0.0022503033922340785, -1442.203992512729, 0.0008528975315504822
2021_8_23_13_23,-0.4699674837262867,0.08007973768060814,0.9599835093479163,-4.390103187640626,0.7799255761890971,0.00097714244989407,0.0022503033922340785, -1442.2039921985474, 0.0008528975522147018
2021_8_23_13_23,-0.4699674837262867,0.08007973768060814,0.9599835093479163,-4.390103122222992,0.7799255910902583,0.00097714244989407,0.0022503033922340785, -1442.2039920072627, 0.0008528975522147018
2021_8_23_13_23,-0.4699674837262867,0.08007973768060814,0.9599835093479163,-4.390103122222992,0.7799255761890971,0.0009771573510552638,0.0022503033922340785, -1442.2038274592248, 0.0008528975522147018
2021_8_23_13_23,-0.4699674837262867,0.08007973768060814,0.9599835093479163,-4.390103122222992,0.7799255761890971,0.00097714244989407,0.0022503182933952723, -1442.2035591146819, 0.0008528975522147018
2021_8_23_13_23,-0.4699837649600762,0.08003987713382661,0.9599917040636013,-4.390051846792843,0.7799626641263313,0.0009385722375489057,0.0015751518345417962, -1461.9295655081373, 0.000853375204036298
2021_8_23_13_24,-0.4699837798612374,0.08003987713382661,0.9599917040636013,-4.390051846792843,0.7799626641263313,0.0009385722375489057,0.0015751518345417962, -1461.9295616352672, 0.000853375247158356
2021_8_23_13_24,-0.4699837649600762,0.0800398920349878,0.9599917040636013,-4.390051846792843,0.7799626641263313,0.0009385722375489057,0.0015751518345417962, -1461.9295782570111, 0.0008533750386977162
2021_8_23_13_24,-0.4699837649600762,0.08003987713382661,0.9599917189647625,-4.390051846792843,0.7799626641263313,0.0009385722375489057,0.0015751518345417962, -1461.929566675436, 0.0008533751833345621
2021_8_23_13_24,-0.4699837649600762,0.08003987713382661,0.9599917040636013,-4.390051912209713,0.7799626641263313,0.0009385722375489057,0.0015751518345417962, -1461.9295655870012, 0.000853375204036298
2021_8_23_13_24,-0.4699837649600762,0.08003987713382661,0.9599917040636013,-4.390051846792843,0.7799626790274925,0.0009385722375489057,0.0015751518345417962, -1461.9295653958, 0.000853375204036298
2021_8_23_13_25,-0.4699837649600762,0.08003987713382661,0.9599917040636013,-4.390051846792843,0.7799626641263313,0.0009385871387100996,0.0015751518345417962, -1461.9294993269148, 0.000853375204036298
2021_8_23_13_25,-0.4699837649600762,0.08003987713382661,0.9599917040636013,-4.390051846792843,0.7799626641263313,0.0009385722375489057,0.00157516673570299, -1461.929179999467, 0.000853375204036298
2021_8_23_13_25,-0.46996817823248693,0.0800753509865734,0.959982143995496,-4.3901033155202,0.7799251942616641,0.0008243261385526752,0.0009094149937609358, -1461.6472317413354, 0.0008529500567051046
2021_8_23_13_25,-0.4699681931336481,0.0800753509865734,0.959982143995496,-4.3901033155202,0.7799251942616641,0.0008243261385526752,0.0009094149937609358, -1461.6472212949627, 0.0008529500997685285
2021_8_23_13_25,-0.46996817823248693,0.08007536588773459,0.959982143995496,-4.3901033155202,0.7799251942616641,0.0008243261385526752,0.0009094149937609358, -1461.6472697360198, 0.0008529498915883711
2021_8_23_13_26,-0.46996817823248693,0.0800753509865734,0.9599821588966572,-4.3901033155202,0.7799251942616641,0.0008243261385526752,0.0009094149937609358, -1461.6472358879678, 0.0008529500360367169
2021_8_23_13_26,-0.46996817823248693,0.0800753509865734,0.959982143995496,-4.390103380937838,0.7799251942616641,0.0008243261385526752,0.0009094149937609358, -1461.647231820212, 0.0008529500567051046
2021_8_23_13_26,-0.46996817823248693,0.0800753509865734,0.959982143995496,-4.3901033155202,0.7799252091628253,0.0008243261385526752,0.0009094149937609358, -1461.6472316289764, 0.0008529500567051046
2021_8_23_13_26,-0.46996817823248693,0.0800753509865734,0.959982143995496,-4.3901033155202,0.7799251942616641,0.000824341039713869,0.0009094149937609358, -1461.6476094430725, 0.0008529500567051046
2021_8_23_13_26,-0.46996817823248693,0.0800753509865734,0.959982143995496,-4.3901033155202,0.7799251942616641,0.0008243261385526752,0.0009094298949221297, -1461.6481423954426, 0.0008529500567051046
2021_8_23_13_27,-0.4699191422956136,0.08015343602379023,0.9600005138640129,-4.390077667484498,0.7799433353557799,0.001117875067380441,0.001307007442355439, -1464.7379948488026, 0.000851919363388057
2021_8_23_13_27,-0.4699191571967748,0.08015343602379023,0.9600005138640129,-4.390077667484498,0.7799433353557799,0.001117875067380441,0.001307007442355439, -1464.737990686764, 0.0008519194063046306
2021_8_23_13_27,-0.4699191422956136,0.08015345092495142,0.9600005138640129,-4.390077667484498,0.7799433353557799,0.001117875067380441,0.001307007442355439, -1464.7380087505671, 0.0008519191988291807
2021_8_23_13_27,-0.4699191422956136,0.08015343602379023,0.960000528765174,-4.390077667484498,0.7799433353557799,0.001117875067380441,0.001307007442355439, -1464.7379959590462, 0.0008519193428034428
2021_8_23_13_27,-0.4699191422956136,0.08015343602379023,0.9600005138640129,-4.390077732901752,0.7799433353557799,0.001117875067380441,0.001307007442355439, -1464.737994928116, 0.000851919363388057
2021_8_23_13_27,-0.4699191422956136,0.08015343602379023,0.9600005138640129,-4.390077667484498,0.7799433502569411,0.001117875067380441,0.001307007442355439, -1464.7379947358356, 0.000851919363388057
2021_8_23_13_28,-0.4699191422956136,0.08015343602379023,0.9600005138640129,-4.390077667484498,0.7799433353557799,0.0011178899685416349,0.001307007442355439, -1464.7376036174198, 0.000851919363388057
2021_8_23_13_28,-0.4699191422956136,0.08015343602379023,0.9600005138640129,-4.390077667484498,0.7799433353557799,0.001117875067380441,0.0013070223435166328, -1464.7377759447925, 0.000851919363388057
2021_8_23_13_28,-0.4698689179122794,0.08024919248663916,0.9599989212078149,-4.390129049571074,0.77990558411562,0.00048091037287791016,0.0015184262960175256, -1404.554494363606, 0.0008507218287664755
2021_8_23_13_28,-0.4698689328134406,0.08024919248663916,0.9599989212078149,-4.390129049571074,0.77990558411562,0.00048091037287791016,0.0015184262960175256, -1404.5544815872431, 0.0008507218715077727
2021_8_23_13_28,-0.4698689179122794,0.08024920738780035,0.9599989212078149,-4.390129049571074,0.77990558411562,0.00048091037287791016,0.0015184262960175256, -1404.5545410114305, 0.0008507216648768561
2021_8_23_13_29,-0.4698689179122794,0.08024919248663916,0.9599989361089761,-4.390129049571074,0.77990558411562,0.00048091037287791016,0.0015184262960175256, -1404.5545009485127, 0.0008507218082827668
2021_8_23_13_29,-0.4698689179122794,0.08024919248663916,0.9599989212078149,-4.390129114989095,0.77990558411562,0.00048091037287791016,0.0015184262960175256, -1404.5544944432077, 0.0008507218287664755
2021_8_23_13_29,-0.4698689179122794,0.08024919248663916,0.9599989212078149,-4.390129049571074,0.7799055990167812,0.00048091037287791016,0.0015184262960175256, -1404.554494250217, 0.0008507218287664755
2021_8_23_13_29,-0.4698689179122794,0.08024919248663916,0.9599989212078149,-4.390129049571074,0.77990558411562,0.000480925274039104,0.0015184262960175256, -1404.561702536582, 0.0008507218287664755
2021_8_23_13_29,-0.4698689179122794,0.08024919248663916,0.9599989212078149,-4.390129049571074,0.77990558411562,0.00048091037287791016,0.0015184411971787195, -1404.5541268094312, 0.0008507218287664755
2021_8_23_13_30,-0.4699144180701486,0.08016279177633259,0.9599995154564045,-4.3900854761392125,0.7799376353534136,0.0010724250455092722,0.0012163292086790022, -1466.8644809771906, 0.0008518038389350314
2021_8_23_13_30,-0.4699144329713098,0.08016279177633259,0.9599995154564045,-4.3900854761392125,0.7799376353534136,0.0010724250455092722,0.0012163292086790022, -1466.8644759944268, 0.0008518038818354232
2021_8_23_13_30,-0.4699144180701486,0.08016280667749379,0.9599995154564045,-4.3900854761392125,0.7799376353534136,0.0010724250455092722,0.0012163292086790022, -1466.864498027854, 0.0008518036744373216
2021_8_23_13_30,-0.4699144180701486,0.08016279177633259,0.9599995303575657,-4.3900854761392125,0.7799376353534136,0.0010724250455092722,0.0012163292086790022, -1466.8644824730127, 0.0008518038183595879
2021_8_23_13_30,-0.4699144180701486,0.08016279177633259,0.9599995154564045,-4.390085541556584,0.7799376353534136,0.0010724250455092722,0.0012163292086790022, -1466.864481056524, 0.0008518038389350314
2021_8_23_13_31,-0.4699144180701486,0.08016279177633259,0.9599995154564045,-4.3900854761392125,0.7799376502545748,0.0010724250455092722,0.0012163292086790022, -1466.8644808641861, 0.0008518038389350314
2021_8_23_13_31,-0.4699144180701486,0.08016279177633259,0.9599995154564045,-4.3900854761392125,0.7799376353534136,0.001072439946670466,0.0012163292086790022, -1466.8641447261375, 0.0008518038389350314
2021_8_23_13_31,-0.4699144180701486,0.08016279177633259,0.9599995154564045,-4.3900854761392125,0.7799376353534136,0.0010724250455092722,0.001216344109840196, -1466.8643776900756, 0.0008518038389350314
2021_8_23_13_31,-0.4698230248653519,0.08032661836354925,0.9600063538344622,-4.390137690550071,0.7798981888518516,0.0010188424829403867,0.0005210713659001534, -1365.5927009863983, 0.0008497301150484765
2021_8_23_13_31,-0.4698230397665131,0.08032661836354925,0.9600063538344622,-4.390137690550071,0.7798981888518516,0.0010188424829403867,0.0005210713659001534, -1365.5926749732575, 0.0008497301576411797
2021_8_23_13_31,-0.4698230248653519,0.08032663326471044,0.9600063538344622,-4.390137690550071,0.7798981888518516,0.0010188424829403867,0.0005210713659001534, -1365.592798891858, 0.0008497299517295783
2021_8_23_13_32,-0.4698230248653519,0.08032661836354925,0.9600063687356234,-4.390137690550071,0.7798981888518516,0.0010188424829403867,0.0005210713659001534, -1365.5927114865226, 0.0008497300946507077
2021_8_23_13_32,-0.4698230248653519,0.08032661836354925,0.9600063538344622,-4.39013775596822,0.7798981888518516,0.0010188424829403867,0.0005210713659001534, -1365.5927010663313, 0.0008497301150484765
2021_8_23_13_32,-0.4698230248653519,0.08032661836354925,0.9600063538344622,-4.390137690550071,0.7798982037530128,0.0010188424829403867,0.0005210713659001534, -1365.5927008725337, 0.0008497301150484765
2021_8_23_13_32,-0.4698230248653519,0.08032661836354925,0.9600063538344622,-4.390137690550071,0.7798981888518516,0.0010188573841015806,0.0005210713659001534, -1365.592445610837, 0.0008497301150484765
2021_8_23_13_32,-0.4698230248653519,0.08032661836354925,0.9600063538344622,-4.390137690550071,0.7798981888518516,0.0010188424829403867,0.0005210862670613472, -1365.602638752859, 0.0008497301150484765
2021_8_23_13_33,-0.4698810038519623,0.08021847326972843,0.9600049298378159,-4.390094688557794,0.7799318286493826,0.0010229934059330548,0.0012077906406550713, -1467.9932194220576, 0.0008510863200477553
2021_8_23_13_33,-0.4698810187531235,0.08021847326972843,0.9600049298378159,-4.390094688557794,0.7799318286493826,0.0010229934059330548,0.0012077906406550713, -1467.9932141592324, 0.0008510863628468958
2021_8_23_13_33,-0.4698810038519623,0.08021848817088963,0.9600049298378159,-4.390094688557794,0.7799318286493826,0.0010229934059330548,0.0012077906406550713, -1467.9932375416402, 0.0008510861559330307
2021_8_23_13_33,-0.4698810038519623,0.08021847326972843,0.9600049447389771,-4.390094688557794,0.7799318286493826,0.0010229934059330548,0.0012077906406550713, -1467.9932210788616, 0.0008510862995296922
2021_8_23_13_33,-0.4698810038519623,0.08021847326972843,0.9600049298378159,-4.390094753975303,0.7799318286493826,0.0010229934059330548,0.0012077906406550713, -1467.9932195016254, 0.0008510863200477553
2021_8_23_13_34,-0.4698810038519623,0.08021847326972843,0.9600049298378159,-4.390094688557794,0.7799318435505438,0.0010229934059330548,0.0012077906406550713, -1467.9932193087259, 0.0008510863200477553
2021_8_23_13_34,-0.4698810038519623,0.08021847326972843,0.9600049298378159,-4.390094688557794,0.7799318286493826,0.0010230083070942486,0.0012077906406550713, -1467.9929590578688, 0.0008510863200477553
2021_8_23_13_34,-0.4698810038519623,0.08021847326972843,0.9600049298378159,-4.390094688557794,0.7799318286493826,0.0010229934059330548,0.0012078055418162652, -1467.993127531748, 0.0008510863200477553
2021_8_23_13_34,-0.4695535149994258,0.08076508572497736,0.9600654290289452,-4.390157950525929,0.7798908891562321,0.000981209570620348,0.0011967772428861047, -1470.0740935705246, 0.0008441310427010054
2021_8_23_13_34,-0.469553529900587,0.08076508572497736,0.9600654290289452,-4.390157950525929,0.7798908891562321,0.000981209570620348,0.0011967772428861047, -1470.07408827051, 0.0008441310844404015
2021_8_23_13_34,-0.4695535149994258,0.08076510062613855,0.9600654290289452,-4.390157950525929,0.7798908891562321,0.000981209570620348,0.0011967772428861047, -1470.0741118216501, 0.0008441308826356013
2021_8_23_13_35,-0.4695535149994258,0.08076508572497736,0.9600654439301064,-4.390157950525929,0.7798908891562321,0.000981209570620348,0.0011967772428861047, -1470.0740952501335, 0.000844131022791893
2021_8_23_13_35,-0.4695535149994258,0.08076508572497736,0.9600654290289452,-4.3901580159443805,0.7798908891562321,0.000981209570620348,0.0011967772428861047, -1470.0740936524635, 0.0008441310427010054
2021_8_23_13_35,-0.4695535149994258,0.08076508572497736,0.9600654290289452,-4.390157950525929,0.7798909040573933,0.000981209570620348,0.0011967772428861047, -1470.0740934538223, 0.0008441310427010054
2021_8_23_13_35,-0.4695535149994258,0.08076508572497736,0.9600654290289452,-4.390157950525929,0.7798908891562321,0.000981224471781542,0.0011967772428861047, -1470.073902198027, 0.0008441310427010054
2021_8_23_13_35,-0.4695535149994258,0.08076508572497736,0.9600654290289452,-4.390157950525929,0.7798908891562321,0.000981209570620348,0.0011967921440472985, -1470.073999887627, 0.0008441310427010054
2021_8_23_13_36,-0.4669738765043976,0.084504464265419,0.9605621945502534,-4.390311465884604,0.7797454589745906,0.0008015420234782,0.001128261102042551, -1478.584609194709, 0.0008006989409567077
2021_8_23_13_36,-0.4669738914055588,0.084504464265419,0.9605621945502534,-4.390311465884604,0.7797454589745906,0.0008015420234782,0.001128261102042551, -1478.5846046361958, 0.0008006989743733406
2021_8_23_13_36,-0.4669738765043976,0.08450447916658019,0.9605621945502534,-4.390311465884604,0.7797454589745906,0.0008015420234782,0.001128261102042551, -1478.5846246791043, 0.0008006988125510142
2021_8_23_13_36,-0.4669738765043976,0.084504464265419,0.9605622094514146,-4.390311465884604,0.7797454589745906,0.0008015420234782,0.001128261102042551, -1478.5846104633451, 0.000800698925686291
2021_8_23_13_36,-0.4669738765043976,0.084504464265419,0.9605621945502534,-4.390311531305343,0.7797454589745906,0.0008015420234782,0.001128261102042551, -1478.5846092938639, 0.0008006989409567077
2021_8_23_13_37,-0.4669738765043976,0.084504464265419,0.9605621945502534,-4.390311465884604,0.7797454738757518,0.0008015420234782,0.001128261102042551, -1478.5846090534553, 0.0008006989409567077
2021_8_23_13_37,-0.4669738765043976,0.084504464265419,0.9605621945502534,-4.390311465884604,0.7797454589745906,0.0008015569246393938,0.001128261102042551, -1478.5849473865185, 0.0008006989409567077
2021_8_23_13_37,-0.4669738765043976,0.084504464265419,0.9605621945502534,-4.390311465884604,0.7797454589745906,0.0008015420234782,0.0011282760032037449, -1478.5844952155906, 0.0008006989409567077
2021_8_23_13_37,-0.4649522151620734,0.09054255994459291,0.96087991495518,-4.390254154847749,0.7795752428197039,0.0008013630628524107,0.0010636691638952766, -1487.9397183770218, 0.0007560675042882122
2021_8_23_13_37,-0.4649522300632346,0.09054255994459291,0.96087991495518,-4.390254154847749,0.7795752428197039,0.0008013630628524107,0.0010636691638952766, -1487.9397174128871, 0.0007560675226836738
2021_8_23_13_38,-0.4649522151620734,0.0905425748457541,0.96087991495518,-4.390254154847749,0.7795752428197039,0.0008013630628524107,0.0010636691638952766, -1487.9397201243437, 0.0007560674333226831
2021_8_23_13_38,-0.4649522151620734,0.09054255994459291,0.9608799298563412,-4.390254154847749,0.7795752428197039,0.0008013630628524107,0.0010636691638952766, -1487.939717663563, 0.0007560674969753917
2021_8_23_13_38,-0.4649522151620734,0.09054255994459291,0.96087991495518,-4.390254220267634,0.7795752428197039,0.0008013630628524107,0.0010636691638952766, -1487.939718502831, 0.0007560675042882122
2021_8_23_13_38,-0.4649522151620734,0.09054255994459291,0.96087991495518,-4.390254154847749,0.7795752577208651,0.0008013630628524107,0.0010636691638952766, -1487.9397181969653, 0.0007560675042882122
2021_8_23_13_38,-0.4649522151620734,0.09054255994459291,0.96087991495518,-4.390254154847749,0.7795752428197039,0.0008013779640136045,0.0010636691638952766, -1487.9399899264372, 0.0007560675042882122
2021_8_23_13_38,-0.4649522151620734,0.09054255994459291,0.96087991495518,-4.390254154847749,0.7795752428197039,0.0008013630628524107,0.0010636840650564705, -1487.9395375789213, 0.0007560675042882122
2021_8_23_13_39,-0.46468155444155335,0.09213214394405866,0.9605804262684268,-4.390167837220524,0.7794475855425536,0.0008692179175090193,0.0010435128941660133, -1489.9178679878241, 0.0007491619203167667
2021_8_23_13_39,-0.46468156934271454,0.09213214394405866,0.9605804262684268,-4.390167837220524,0.7794475855425536,0.0008692179175090193,0.0010435128941660133, -1489.9178678007584, 0.0007491619345792271
2021_8_23_13_39,-0.46468155444155335,0.09213215884521986,0.9605804262684268,-4.390167837220524,0.7794475855425536,0.0008692179175090193,0.0010435128941660133, -1489.9178666603334, 0.0007491618651953268
2021_8_23_13_39,-0.46468155444155335,0.09213214394405866,0.960580441169588,-4.390167837220524,0.7794475855425536,0.0008692179175090193,0.0010435128941660133, -1489.9178668611794, 0.0007491619151169698
2021_8_23_13_39,-0.46468155444155335,0.09213214394405866,0.9605804262684268,-4.3901679026391225,0.7794475855425536,0.0008692179175090193,0.0010435128941660133, -1489.9178681201552, 0.0007491619203167667
2021_8_23_13_40,-0.46468155444155335,0.09213214394405866,0.9605804262684268,-4.390167837220524,0.7794476004437147,0.0008692179175090193,0.0010435128941660133, -1489.917867798062, 0.0007491619203167667
2021_8_23_13_40,-0.46468155444155335,0.09213214394405866,0.9605804262684268,-4.390167837220524,0.7794475855425536,0.0008692328186702132,0.0010435128941660133, -1489.917857208082, 0.0007491619203167667
2021_8_23_13_40,-0.46468155444155335,0.09213214394405866,0.9605804262684268,-4.390167837220524,0.7794475855425536,0.0008692179175090193,0.0010435277953272071, -1489.9176865991963, 0.0007491619203167667
2021_8_23_13_40,-0.46441025162987754,0.0925952660774911,0.9604008535458289,-4.390078168571178,0.7792627240388842,0.0008673625329766721,0.001024719413147778, -1490.3765708275012, 0.0007473388956712911
2021_8_23_13_40,-0.46441026653103873,0.0925952660774911,0.9604008535458289,-4.390078168571178,0.7792627240388842,0.0008673625329766721,0.001024719413147778, -1490.3765708398385, 0.0007473389085907006
2021_8_23_13_41,-0.46441025162987754,0.0925952809786523,0.9604008535458289,-4.390078168571178,0.7792627240388842,0.0008673625329766721,0.001024719413147778, -1490.3765687218813, 0.000747338845685646
2021_8_23_13_41,-0.46441025162987754,0.0925952660774911,0.9604008684469901,-4.390078168571178,0.7792627240388842,0.0008673625329766721,0.001024719413147778, -1490.376569586371, 0.0007473388911515072
2021_8_23_13_41,-0.46441025162987754,0.0925952660774911,0.9604008535458289,-4.390078233988441,0.7792627240388842,0.0008673625329766721,0.001024719413147778, -1490.3765709614415, 0.0007473388956712911
2021_8_23_13_41,-0.46441025162987754,0.0925952660774911,0.9604008535458289,-4.390078168571178,0.7792627389400454,0.0008673625329766721,0.001024719413147778, -1490.3765706352715, 0.0007473388956712911
2021_8_23_13_41,-0.46441025162987754,0.0925952660774911,0.9604008535458289,-4.390078168571178,0.7792627240388842,0.000867377434137866,0.001024719413147778, -1490.3765697368772, 0.0007473388956712911
2021_8_23_13_41,-0.46441025162987754,0.0925952660774911,0.9604008535458289,-4.390078168571178,0.7792627240388842,0.0008673625329766721,0.0010247343143089719, -1490.3764151472433, 0.0007473388956712911
2021_8_23_13_42,-0.46381445905327573,0.09287223861308097,0.9594502965689949,-4.389804583933678,0.7786691745081299,0.0008672533647968151,0.0009749492012785014, -1490.996356905985, 0.0007462137277545501
2021_8_23_13_42,-0.4638144739544369,0.09287223861308097,0.9594502965689949,-4.389804583933678,0.7786691745081299,0.0008672533647968151,0.0009749492012785014, -1490.9963567873785, 0.0007462137398569582
2021_8_23_13_42,-0.46381445905327573,0.09287225351424216,0.9594502965689949,-4.389804583933678,0.7786691745081299,0.0008672533647968151,0.0009749492012785014, -1490.996355273199, 0.000746213680866605
2021_8_23_13_42,-0.46381445905327573,0.09287223861308097,0.9594503114701561,-4.389804583933678,0.7786691745081299,0.0008672533647968151,0.0009749492012785014, -1490.9963557001208, 0.0007462137236378937
2021_8_23_13_42,-0.46381445905327573,0.09287223861308097,0.9594502965689949,-4.389804649346864,0.7786691745081299,0.0008672533647968151,0.0009749492012785014, -1490.9963570395344, 0.0007462137277545501
2021_8_23_13_43,-0.46381445905327573,0.09287223861308097,0.9594502965689949,-4.389804583933678,0.7786691894092911,0.0008672533647968151,0.0009749492012785014, -1490.9963567140553, 0.0007462137277545501
2021_8_23_13_43,-0.46381445905327573,0.09287223861308097,0.9594502965689949,-4.389804583933678,0.7786691745081299,0.0008672682659580089,0.0009749492012785014, -1490.9963583772892, 0.0007462137277545501
2021_8_23_13_43,-0.46381445905327573,0.09287223861308097,0.9594502965689949,-4.389804583933678,0.7786691745081299,0.0008672533647968151,0.0009749641024396952, -1490.9963098235235, 0.0007462137277545501
2021_8_23_13_43,-0.4637473889407491,0.09280095472354459,0.9587526823729309,-4.389735263632652,0.7789350888319154,0.0008684096829706448,0.0009608742341369928, -1490.92130621053, 0.0007465835788588687
2021_8_23_13_43,-0.46374740384191027,0.09280095472354459,0.9587526823729309,-4.389735263632652,0.7789350888319154,0.0008684096829706448,0.0009608742341369928, -1490.921305896741, 0.0007465835913477637
2021_8_23_13_44,-0.4637473889407491,0.09280096962470578,0.9587526823729309,-4.389735263632652,0.7789350888319154,0.0008684096829706448,0.0009608742341369928, -1490.921305313702, 0.0007465835304883887
2021_8_23_13_44,-0.4637473889407491,0.09280095472354459,0.9587526972740921,-4.389735263632652,0.7789350888319154,0.0008684096829706448,0.0009608742341369928, -1490.9213050955805, 0.0007465835745420131
2021_8_23_13_44,-0.4637473889407491,0.09280095472354459,0.9587526823729309,-4.389735329044805,0.7789350888319154,0.0008684096829706448,0.0009608742341369928, -1490.9213063444151, 0.0007465835788588687
2021_8_23_13_44,-0.4637473889407491,0.09280095472354459,0.9587526823729309,-4.389735263632652,0.7789351037330766,0.0008684096829706448,0.0009608742341369928, -1490.9213060181132, 0.0007465835788588687
2021_8_23_13_44,-0.4637473889407491,0.09280095472354459,0.9587526823729309,-4.389735263632652,0.7789350888319154,0.0008684245841318386,0.0009608742341369928, -1490.9213023591665, 0.0007465835788588687
2021_8_23_13_45,-0.4637473889407491,0.09280095472354459,0.9587526823729309,-4.389735263632652,0.7789350888319154,0.0008684096829706448,0.0009608891352981866, -1490.9213011595557, 0.0007465835788588687
2021_8_23_13_45,-0.4635488462975834,0.0926701373846961,0.9582275826220839,-4.389708940117887,0.7788438194689739,0.0008675454009874582,0.0009547401198340909, -1490.8737147191785, 0.0007470013878260865
2021_8_23_13_45,-0.4635488611987446,0.0926701373846961,0.9582275826220839,-4.389708940117887,0.7788438194689739,0.0008675454009874582,0.0009547401198340909, -1490.8737142688178, 0.0007470014006998384
2021_8_23_13_46,-0.4635488462975834,0.09267015228585729,0.9582275826220839,-4.389708940117887,0.7788438194689739,0.0008675454009874582,0.0009547401198340909, -1490.873714341991, 0.0007470013379721651
2021_8_23_13_46,-0.4635488462975834,0.0926701373846961,0.958227597523245,-4.389708940117887,0.7788438194689739,0.0008675454009874582,0.0009547401198340909, -1490.8737136696793, 0.0007470013833111043
2021_8_23_13_46,-0.4635488462975834,0.0926701373846961,0.9582275826220839,-4.389709005529648,0.7788438194689739,0.0008675454009874582,0.0009547401198340909, -1490.8737148521902, 0.0007470013878260865
2021_8_23_13_47,-0.4635488462975834,0.0926701373846961,0.9582275826220839,-4.389708940117887,0.778843834370135,0.0008675454009874582,0.0009547401198340909, -1490.873714527983, 0.0007470013878260865
2021_8_23_13_47,-0.4635488462975834,0.0926701373846961,0.9582275826220839,-4.389708940117887,0.7788438194689739,0.0008675603021486521,0.0009547401198340909, -1490.8737127906086, 0.0007470013878260865
2021_8_23_13_48,-0.4635488462975834,0.0926701373846961,0.9582275826220839,-4.389708940117887,0.7788438194689739,0.0008675454009874582,0.0009547550209952848, -1490.8737311644834, 0.0007470013878260865
2021_8_23_13_48,-0.4627706252427669,0.0923605004793197,0.9557330713603164,-4.38966234399807,0.7791049676466426,0.0008678981798862252,0.000937511908686657, -1490.717498259087, 0.000748188054857006
2021_8_23_13_48,-0.4627706401439281,0.0923605004793197,0.9557330713603164,-4.38966234399807,0.7791049676466426,0.0008678981798862252,0.000937511908686657, -1490.7174973881095, 0.0007481880688717963
2021_8_23_13_49,-0.4627706252427669,0.09236051538048089,0.9557330713603164,-4.38966234399807,0.7791049676466426,0.0008678981798862252,0.000937511908686657, -1490.7174994858267, 0.0007481880005884561
2021_8_23_13_49,-0.4627706252427669,0.0923605004793197,0.9557330862614776,-4.38966234399807,0.7791049676466426,0.0008678981798862252,0.000937511908686657, -1490.7174974195073, 0.0007481880497433366
2021_8_23_13_50,-0.4627706252427669,0.0923605004793197,0.9557330713603164,-4.389662409409136,0.7791049676466426,0.0008678981798862252,0.000937511908686657, -1490.717498391274, 0.000748188054857006
2021_8_23_13_50,-0.4627706252427669,0.0923605004793197,0.9557330713603164,-4.38966234399807,0.7791049825478038,0.0008678981798862252,0.000937511908686657, -1490.7174980689306, 0.000748188054857006
2021_8_23_13_51,-0.4627706252427669,0.0923605004793197,0.9557330713603164,-4.38966234399807,0.7791049676466426,0.0008679130810474191,0.000937511908686657, -1490.7174920862224, 0.000748188054857006
2021_8_23_13_51,-0.4627706252427669,0.0923605004793197,0.9557330713603164,-4.38966234399807,0.7791049676466426,0.0008678981798862252,0.0009375268098478508, -1490.717579046035, 0.000748188054857006
2021_8_23_13_52,-0.46175095785067954,0.09215203274413615,0.9530113732781923,-4.389688224052834,0.7792440582220159,0.0008679039540343363,0.0009297983950821583, -1490.5688866840235, 0.0007489551147399956
2021_8_23_13_52,-0.46175097275184074,0.09215203274413615,0.9530113732781923,-4.389688224052834,0.7792440582220159,0.0008679039540343363,0.0009297983950821583, -1490.5688855441417, 0.0007489551295685775
2021_8_23_13_53,-0.46175095785067954,0.09215204764529734,0.9530113732781923,-4.389688224052834,0.7792440582220159,0.0008679039540343363,0.0009297983950821583, -1490.5688889344658, 0.0007489550573018391
2021_8_23_13_53,-0.46175095785067954,0.09215203274413615,0.9530113881793535,-4.389688224052834,0.7792440582220159,0.0008679039540343363,0.0009297983950821583, -1490.5688859874847, 0.0007489551091850693
2021_8_23_13_53,-0.46175095785067954,0.09215203274413615,0.9530113732781923,-4.389688289464286,0.7792440582220159,0.0008679039540343363,0.0009297983950821583, -1490.568886815511, 0.0007489551147399956
2021_8_23_13_54,-0.46175095785067954,0.09215203274413615,0.9530113732781923,-4.389688224052834,0.7792440731231771,0.0008679039540343363,0.0009297983950821583, -1490.5688864946605, 0.0007489551147399956
2021_8_23_13_54,-0.46175095785067954,0.09215203274413615,0.9530113732781923,-4.389688224052834,0.7792440582220159,0.0008679188551955301,0.0009297983950821583, -1490.5688787714496, 0.0007489551147399956
2021_8_23_13_55,-0.46175095785067954,0.09215203274413615,0.9530113732781923,-4.389688224052834,0.7792440582220159,0.0008679039540343363,0.0009298132962433522, -1490.5690003438842, 0.0007489551147399956
2021_8_23_13_55,-0.45638192126562105,0.09160947687089567,0.9397985109728803,-4.38994633786994,0.7795796850746208,0.0008680124845977411,0.0009097216351580618, -1489.800268776479, 0.0007509297315421646
2021_8_23_13_56,-0.45638193616678224,0.09160947687089567,0.9397985109728803,-4.38994633786994,0.7795796850746208,0.0008680124845977411,0.0009097216351580618, -1489.8002668874713, 0.0007509297485656506
2021_8_23_13_56,-0.45638192126562105,0.09160949177205686,0.9397985109728803,-4.38994633786994,0.7795796850746208,0.0008680124845977411,0.0009097216351580618, -1489.8002739243846, 0.0007509296653551325
2021_8_23_13_57,-0.45638192126562105,0.09160947687089567,0.9397985258740414,-4.38994633786994,0.7795796850746208,0.0008680124845977411,0.0009097216351580618, -1489.8002685053305, 0.0007509297247733053
2021_8_23_13_57,-0.45638192126562105,0.09160947687089567,0.9397985109728803,-4.389946403285238,0.7795796850746208,0.0008680124845977411,0.0009097216351580618, -1489.8002689057873, 0.0007509297315421646
2021_8_23_13_58,-0.45638192126562105,0.09160947687089567,0.9397985109728803,-4.38994633786994,0.779579699975782,0.0008680124845977411,0.0009097216351580618, -1489.80026858901, 0.0007509297315421646
2021_8_23_13_59,-0.45638192126562105,0.09160947687089567,0.9397985109728803,-4.38994633786994,0.7795796850746208,0.0008680273857589349,0.0009097216351580618, -1489.8002577331902, 0.0007509297315421646
2021_8_23_13_59,-0.45638192126562105,0.09160947687089567,0.9397985109728803,-4.38994633786994,0.7795796850746208,0.0008680124845977411,0.0009097365363192557, -1489.8004732239535, 0.0007509297315421646
2021_8_23_14_0,-0.44381796848222055,0.09106546405152692,0.910319912461705,-4.390701917449406,0.7798469000747329,0.0008682537924134791,0.0008881653339622896, -1489.346338278756, 0.0007530486793933647
2021_8_23_14_0,-0.44381798338338174,0.09106546405152692,0.910319912461705,-4.390701917449406,0.7798469000747329,0.0008682537924134791,0.0008881653339622896, -1489.346335416329, 0.0007530486993042262
2021_8_23_14_1,-0.44381796848222055,0.09106547895268811,0.910319912461705,-4.390701917449406,0.7798469000747329,0.0008682537924134791,0.0008881653339622896, -1489.3463472045967, 0.000753048601395677
2021_8_23_14_1,-0.44381796848222055,0.09106546405152692,0.9103199273628662,-4.390701917449406,0.7798469000747329,0.0008682537924134791,0.0008881653339622896, -1489.3463386340632, 0.000753048670933653
2021_8_23_14_1,-0.44381796848222055,0.09106546405152692,0.910319912461705,-4.390701982875963,0.7798469000747329,0.0008682537924134791,0.0008881653339622896, -1489.3463384048916, 0.0007530486793933647
2021_8_23_14_2,-0.44381796848222055,0.09106546405152692,0.910319912461705,-4.390701917449406,0.7798469149758941,0.0008682537924134791,0.0008881653339622896, -1489.3463380925336, 0.0007530486793933647
2021_8_23_14_2,-0.44381796848222055,0.09106546405152692,0.910319912461705,-4.390701917449406,0.7798469000747329,0.0008682686935746729,0.0008881653339622896, -1489.3463306504239, 0.0007530486793933647
2021_8_23_14_3,-0.44381796848222055,0.09106546405152692,0.910319912461705,-4.390701917449406,0.7798469000747329,0.0008682537924134791,0.0008881802351234834, -1489.3466454581853, 0.0007530486793933647
2021_8_23_14_4,-0.4438179684822205,0.09106546405152686,0.9103199124617051,-4.390701917449405,0.7798469000747329,0.0008682537924134791,0.0008881653339622896, -1489.3463382787565, 0.0007530486793933663
2021_8_23_14_4,-0.4438179833833817,0.09106546405152686,0.9103199124617051,-4.390701917449405,0.7798469000747329,0.0008682537924134791,0.0008881653339622896, -1489.3463354163289, 0.0007530486993042255
2021_8_23_14_5,-0.4438179684822205,0.09106547895268806,0.9103199124617051,-4.390701917449405,0.7798469000747329,0.0008682537924134791,0.0008881653339622896, -1489.3463472045962, 0.0007530486013956775
2021_8_23_14_5,-0.4438179684822205,0.09106546405152686,0.9103199273628663,-4.390701917449405,0.7798469000747329,0.0008682537924134791,0.0008881653339622896, -1489.346338634064, 0.0007530486709336518
2021_8_23_14_6,-0.4438179684822205,0.09106546405152686,0.9103199124617051,-4.390701982875962,0.7798469000747329,0.0008682537924134791,0.0008881653339622896, -1489.346338404892, 0.0007530486793933663
2021_8_23_14_7,-0.4438179684822205,0.09106546405152686,0.9103199124617051,-4.390701917449405,0.7798469149758941,0.0008682537924134791,0.0008881653339622896, -1489.346338092534, 0.0007530486793933663
2021_8_23_14_7,-0.4438179684822205,0.09106546405152686,0.9103199124617051,-4.390701917449405,0.7798469000747329,0.0008682686935746729,0.0008881653339622896, -1489.3463306504245, 0.0007530486793933663
2021_8_23_14_7,-0.4438179684822205,0.09106546405152686,0.9103199124617051,-4.390701917449405,0.7798469000747329,0.0008682537924134791,0.0008881802351234834, -1489.3466454581858, 0.0007530486793933663
2021_8_23_14_8,-0.4173990497249653,0.09111110057657795,0.8504399555951491,-4.392450346472795,0.779659244311123,0.0008722336883251463,0.0008696059168029702, -1489.331080723509, 0.000752516317863719
2021_8_23_14_8,-0.41739906462612647,0.09111110057657795,0.8504399555951491,-4.392450346472795,0.779659244311123,0.0008722336883251463,0.0008696059168029702, -1489.3310771997403, 0.0007525163396023783
2021_8_23_14_8,-0.4173990497249653,0.09111111547773915,0.8504399555951491,-4.392450346472795,0.779659244311123,0.0008722336883251463,0.0008696059168029702, -1489.3310923060594, 0.0007525162310960431
2021_8_23_14_9,-0.4173990497249653,0.09111110057657795,0.8504399704963103,-4.392450346472795,0.779659244311123,0.0008722336883251463,0.0008696059168029702, -1489.3310817448034, 0.0007525163081176986
2021_8_23_14_9,-0.4173990497249653,0.09111110057657795,0.8504399555951491,-4.392450411925405,0.779659244311123,0.0008722336883251463,0.0008696059168029702, -1489.3310808470549, 0.000752516317863719
2021_8_23_14_10,-0.4173990497249653,0.09111110057657795,0.8504399555951491,-4.392450346472795,0.7796592592122842,0.0008722336883251463,0.0008696059168029702, -1489.3310805324588, 0.000752516317863719
2021_8_23_14_10,-0.4173990497249653,0.09111110057657795,0.8504399555951491,-4.392450346472795,0.779659244311123,0.0008722485894863401,0.0008696059168029702, -1489.331079451489, 0.000752516317863719
2021_8_23_14_10,-0.4173990497249653,0.09111110057657795,0.8504399555951491,-4.392450346472795,0.779659244311123,0.0008722336883251463,0.000869620817964164, -1489.33144865588, 0.000752516317863719
2021_8_23_14_11,-0.41907205732515657,0.09156084878007534,0.8602734952349068,-4.389724721507225,0.774630274704776,0.0008671720374254351,0.0009217032155913404, -1491.6604270746573, 0.0007464750304136585
2021_8_23_14_11,-0.41907207222631776,0.09156084878007534,0.8602734952349068,-4.389724721507225,0.774630274704776,0.0008671720374254351,0.0009217032155913404, -1491.6604249634554, 0.0007464750487361185
2021_8_23_14_12,-0.41907205732515657,0.09156086368123653,0.8602734952349068,-4.389724721507225,0.774630274704776,0.0008671720374254351,0.0009217032155913404, -1491.660433240457, 0.0007464749568980084
2021_8_23_14_12,-0.41907205732515657,0.09156084878007534,0.860273510136068,-4.389724721507225,0.774630274704776,0.0008671720374254351,0.0009217032155913404, -1491.660427393559, 0.0007464750223774462
2021_8_23_14_12,-0.41907205732515657,0.09156084878007534,0.8602734952349068,-4.389724786919221,0.774630274704776,0.0008671720374254351,0.0009217032155913404, -1491.6604271859683, 0.0007464750304136585
2021_8_23_14_13,-0.41907205732515657,0.09156084878007534,0.8602734952349068,-4.389724721507225,0.7746302896059372,0.0008671720374254351,0.0009217032155913404, -1491.6604269013508, 0.0007464750304136585
2021_8_23_14_13,-0.41907205732515657,0.09156084878007534,0.8602734952349068,-4.389724721507225,0.774630274704776,0.0008671869385866289,0.0009217032155913404, -1491.6604320864583, 0.0007464750304136585
2021_8_23_14_13,-0.41907205732515657,0.09156084878007534,0.8602734952349068,-4.389724721507225,0.774630274704776,0.0008671720374254351,0.0009217181167525343, -1491.660541667192, 0.0007464750304136585
2021_8_23_14_14,-0.3721336903993668,0.09369240023097498,0.762473364334377,-4.389868833935281,0.7681565900053265,0.0008753292951378834,0.0009215680303919692, -1492.7778182893671, 0.0007350482072985156
2021_8_23_14_14,-0.372133705300528,0.09369240023097498,0.762473364334377,-4.389868833935281,0.7681565900053265,0.0008753292951378834,0.0009215680303919692, -1492.7778181812353, 0.0007350482175826032
2021_8_23_14_15,-0.3721336903993668,0.09369241513213618,0.762473364334377,-4.389868833935281,0.7681565900053265,0.0008753292951378834,0.0009215680303919692, -1492.7778168669108, 0.000735048160947871
2021_8_23_14_15,-0.3721336903993668,0.09369240023097498,0.7624733792355382,-4.389868833935281,0.7681565900053265,0.0008753292951378834,0.0009215680303919692, -1492.7778184343572, 0.0007350482023643506
2021_8_23_14_15,-0.3721336903993668,0.09369240023097498,0.762473364334377,-4.389868899349424,0.7681565900053265,0.0008753292951378834,0.0009215680303919692, -1492.7778183864007, 0.0007350482072985156
2021_8_23_14_16,-0.3721336903993668,0.09369240023097498,0.762473364334377,-4.389868833935281,0.7681566049064877,0.0008753292951378834,0.0009215680303919692, -1492.7778181155552, 0.0007350482072985156
2021_8_23_14_16,-0.3721336903993668,0.09369240023097498,0.762473364334377,-4.389868833935281,0.7681565900053265,0.0008753441962990773,0.0009215680303919692, -1492.777808256498, 0.0007350482072985156
2021_8_23_14_16,-0.3721336903993668,0.09369240023097498,0.762473364334377,-4.389868833935281,0.7681565900053265,0.0008753292951378834,0.0009215829315531631, -1492.7778359886167, 0.0007350482072985156
2021_8_23_14_17,-0.3773009428112412,0.09315952512249333,0.7748968495119702,-4.389404896223682,0.7676556301413778,0.0008709572052205858,0.0009369757788448002, -1493.0149004770785, 0.0007362580680848004
2021_8_23_14_17,-0.3773009577124024,0.09315952512249333,0.7748968495119702,-4.389404896223682,0.7676556301413778,0.0008709572052205858,0.0009369757788448002, -1493.0149000972324, 0.0007362580797961298
2021_8_23_14_17,-0.3773009428112412,0.09315954002365452,0.7748968495119702,-4.389404896223682,0.7676556301413778,0.0008709572052205858,0.0009369757788448002, -1493.0149001080397, 0.00073625801668858
2021_8_23_14_17,-0.3773009428112412,0.09315952512249333,0.7748968644131314,-4.389404896223682,0.7676556301413778,0.0008709572052205858,0.0009369757788448002, -1493.0149006327467, 0.0007362580625769957
2021_8_23_14_18,-0.3773009428112412,0.09315952512249333,0.7748968495119702,-4.389404961630912,0.7676556301413778,0.0008709572052205858,0.0009369757788448002, -1493.0149005694273, 0.0007362580680848004
2021_8_23_14_18,-0.3773009428112412,0.09315952512249333,0.7748968495119702,-4.389404896223682,0.767655645042539,0.0008709572052205858,0.0009369757788448002, -1493.014900312684, 0.0007362580680848004
2021_8_23_14_18,-0.3773009428112412,0.09315952512249333,0.7748968495119702,-4.389404896223682,0.7676556301413778,0.0008709721063817796,0.0009369757788448002, -1493.0149047961058, 0.0007362580680848004
2021_8_23_14_18,-0.3773009428112412,0.09315952512249333,0.7748968495119702,-4.389404896223682,0.7676556301413778,0.0008709572052205858,0.0009369906800059941, -1493.0148804201312, 0.0007362580680848004
2021_8_23_14_18,-0.37678229442600525,0.09313221409950082,0.7749546581600323,-4.389205315330812,0.7669174896276325,0.0008709631260603733,0.0009369199291161159, -1493.0685027697314, 0.0007359287401795138
2021_8_23_14_19,-0.37678230932716644,0.09313221409950082,0.7749546581600323,-4.389205315330812,0.7669174896276325,0.0008709631260603733,0.0009369199291161159, -1493.0685024777558, 0.0007359287515227185
2021_8_23_14_19,-0.37678229442600525,0.09313222900066201,0.7749546581600323,-4.389205315330812,0.7669174896276325,0.0008709631260603733,0.0009369199291161159, -1493.0685020747953, 0.0007359286901559922
2021_8_23_14_19,-0.37678229442600525,0.09313221409950082,0.7749546730611935,-4.389205315330812,0.7669174896276325,0.0008709631260603733,0.0009369199291161159, -1493.0685028855773, 0.0007359287348343558
2021_8_23_14_19,-0.37678229442600525,0.09313221409950082,0.7749546581600323,-4.389205380735068,0.7669174896276325,0.0008709631260603733,0.0009369199291161159, -1493.0685028592854, 0.0007359287401795138
2021_8_23_14_19,-0.37678229442600525,0.09313221409950082,0.7749546581600323,-4.389205315330812,0.7669175045287937,0.0008709631260603733,0.0009369199291161159, -1493.0685026091314, 0.0007359287401795138
2021_8_23_14_19,-0.37678229442600525,0.09313221409950082,0.7749546581600323,-4.389205315330812,0.7669174896276325,0.0008709780272215671,0.0009369199291161159, -1493.068506823224, 0.0007359287401795138
2021_8_23_14_20,-0.37678229442600525,0.09313221409950082,0.7749546581600323,-4.389205315330812,0.7669174896276325,0.0008709631260603733,0.0009369348302773097, -1493.0684807292296, 0.0007359287401795138
2021_8_23_14_20,-0.3693612534708809,0.09206020022645535,0.7736671897472907,-4.387171711090502,0.7578767700656979,0.0008709768795011328,0.0009401237063496338, -1493.3973056894683, 0.0007345762706314654
2021_8_23_14_20,-0.3693612683720421,0.09206020022645535,0.7736671897472907,-4.387171711090502,0.7578767700656979,0.0008709768795011328,0.0009401237063496338, -1493.3973059646453, 0.0007345762796215093
2021_8_23_14_20,-0.3693612534708809,0.09206021512761654,0.7736671897472907,-4.387171711090502,0.7578767700656979,0.0008709768795011328,0.0009401237063496338, -1493.3973029649467, 0.0007345762290704186
2021_8_23_14_20,-0.3693612534708809,0.09206020022645535,0.7736672046484518,-4.387171711090502,0.7578767700656979,0.0008709768795011328,0.0009401237063496338, -1493.3973055640326, 0.0007345762662731856
2021_8_23_14_21,-0.3693612534708809,0.09206020022645535,0.7736671897472907,-4.387171776464455,0.7578767700656979,0.0008709768795011328,0.0009401237063496338, -1493.3973057396897, 0.0007345762706314654
2021_8_23_14_21,-0.3693612534708809,0.09206020022645535,0.7736671897472907,-4.387171711090502,0.7578767849668591,0.0008709768795011328,0.0009401237063496338, -1493.3973055820964, 0.0007345762706314654
2021_8_23_14_21,-0.3693612534708809,0.09206020022645535,0.7736671897472907,-4.387171711090502,0.7578767700656979,0.0008709917806623267,0.0009401237063496338, -1493.3973118814945, 0.0007345762706314654
2021_8_23_14_21,-0.3693612534708809,0.09206020022645535,0.7736671897472907,-4.387171711090502,0.7578767700656979,0.0008709768795011328,0.0009401386075108276, -1493.397263013828, 0.0007345762706314654
2021_8_23_14_21,-0.35949521242072907,0.0899468681419325,0.7730146078096182,-4.384747005538437,0.7456137420289931,0.0008730053112385459,0.000942769925421493, -1493.326596420884, 0.0007348365012288087
2021_8_23_14_22,-0.35949522732189026,0.0899468681419325,0.7730146078096182,-4.384747005538437,0.7456137420289931,0.0008730053112385459,0.000942769925421493, -1493.3265970253422, 0.0007348365087965257
2021_8_23_14_22,-0.35949521242072907,0.0899468830430937,0.7730146078096182,-4.384747005538437,0.7456137420289931,0.0008730053112385459,0.000942769925421493, -1493.3265926613105, 0.0007348364643441217
2021_8_23_14_22,-0.35949521242072907,0.0899468681419325,0.7730146227107794,-4.384747005538437,0.7456137420289931,0.0008730053112385459,0.000942769925421493, -1493.3265961556094, 0.0007348364974111977
2021_8_23_14_22,-0.35949521242072907,0.0899468681419325,0.7730146078096182,-4.3847470708762595,0.7456137420289931,0.0008730053112385459,0.000942769925421493, -1493.3265964135505, 0.0007348365012288087
2021_8_23_14_22,-0.35949521242072907,0.0899468681419325,0.7730146078096182,-4.384747005538437,0.7456137569301543,0.0008730053112385459,0.000942769925421493, -1493.3265963919196, 0.0007348365012288087
2021_8_23_14_22,-0.35949521242072907,0.0899468681419325,0.7730146078096182,-4.384747005538437,0.7456137420289931,0.0008730202123997398,0.000942769925421493, -1493.3266018085897, 0.0007348365012288087
2021_8_23_14_23,-0.35949521242072907,0.0899468681419325,0.7730146078096182,-4.384747005538437,0.7456137420289931,0.0008730053112385459,0.0009427848265826869, -1493.3265430392134, 0.0007348365012288087
2021_8_23_14_23,-0.3594952124207291,0.08994686814193247,0.7730146078096182,-4.384747005538437,0.7456137420289932,0.0008730053112385459,0.000942769925421493, -1493.3265964208833, 0.000734836501228809
2021_8_23_14_23,-0.3594952273218903,0.08994686814193247,0.7730146078096182,-4.384747005538437,0.7456137420289932,0.0008730053112385459,0.000942769925421493, -1493.3265970253426, 0.0007348365087965257
2021_8_23_14_23,-0.3594952124207291,0.08994688304309366,0.7730146078096182,-4.384747005538437,0.7456137420289932,0.0008730053112385459,0.000942769925421493, -1493.3265926613105, 0.0007348364643441215
2021_8_23_14_23,-0.3594952124207291,0.08994686814193247,0.7730146227107794,-4.384747005538437,0.7456137420289932,0.0008730053112385459,0.000942769925421493, -1493.3265961556108, 0.0007348364974111981
2021_8_23_14_24,-0.3594952124207291,0.08994686814193247,0.7730146078096182,-4.3847470708762595,0.7456137420289932,0.0008730053112385459,0.000942769925421493, -1493.3265964135503, 0.000734836501228809
2021_8_23_14_24,-0.3594952124207291,0.08994686814193247,0.7730146078096182,-4.384747005538437,0.7456137569301544,0.0008730053112385459,0.000942769925421493, -1493.326596391919, 0.000734836501228809
2021_8_23_14_24,-0.3594952124207291,0.08994686814193247,0.7730146078096182,-4.384747005538437,0.7456137420289932,0.0008730202123997398,0.000942769925421493, -1493.3266018085887, 0.000734836501228809
2021_8_23_14_24,-0.3594952124207291,0.08994686814193247,0.7730146078096182,-4.384747005538437,0.7456137420289932,0.0008730053112385459,0.0009427848265826869, -1493.326543039213, 0.000734836501228809
2021_8_23_14_24,-0.35678866778734514,0.08861670655982165,0.7754945697855284,-4.384131846506538,0.7414167079748492,0.000871895957930918,0.0009378473389264761, -1493.081897368979, 0.0007361689543069939
2021_8_23_14_25,-0.35678868268850633,0.08861670655982165,0.7754945697855284,-4.384131846506538,0.7414167079748492,0.000871895957930918,0.0009378473389264761, -1493.0818977063864, 0.0007361689628741892
2021_8_23_14_25,-0.35678866778734514,0.08861672146098284,0.7754945697855284,-4.384131846506538,0.7414167079748492,0.000871895957930918,0.0009378473389264761, -1493.0818947483506, 0.000736168913398402
2021_8_23_14_25,-0.35678866778734514,0.08861670655982165,0.7754945846866896,-4.384131846506538,0.7414167079748492,0.000871895957930918,0.0009378473389264761, -1493.081897202621, 0.0007361689500169256
2021_8_23_14_25,-0.35678866778734514,0.08861670655982165,0.7754945697855284,-4.384131911835193,0.7414167079748492,0.000871895957930918,0.0009378473389264761, -1493.081897339535, 0.0007361689543069939
2021_8_23_14_25,-0.35678866778734514,0.08861670655982165,0.7754945697855284,-4.384131846506538,0.7414167228760103,0.000871895957930918,0.0009378473389264761, -1493.0818973708408, 0.0007361689543069939
2021_8_23_14_25,-0.35678866778734514,0.08861670655982165,0.7754945697855284,-4.384131846506538,0.7414167079748492,0.0008719108590921118,0.0009378473389264761, -1493.0819097222463, 0.0007361689543069939
2021_8_23_14_26,-0.35678866778734514,0.08861670655982165,0.7754945697855284,-4.384131846506538,0.7414167079748492,0.000871895957930918,0.0009378622400876699, -1493.0818650107437, 0.0007361689543069939
2021_8_23_14_26,-0.35678866778734514,0.08861670655982161,0.7754945697855284,-4.384131846506538,0.7414167079748492,0.000871895957930918,0.0009378473389264761, -1493.0818973689793, 0.0007361689543069944
2021_8_23_14_26,-0.35678868268850633,0.08861670655982161,0.7754945697855284,-4.384131846506538,0.7414167079748492,0.000871895957930918,0.0009378473389264761, -1493.0818977063866, 0.0007361689628741894
2021_8_23_14_26,-0.35678866778734514,0.0886167214609828,0.7754945697855284,-4.384131846506538,0.7414167079748492,0.000871895957930918,0.0009378473389264761, -1493.0818947483508, 0.0007361689133984013
2021_8_23_14_26,-0.35678866778734514,0.08861670655982161,0.7754945846866896,-4.384131846506538,0.7414167079748492,0.000871895957930918,0.0009378473389264761, -1493.0818972026211, 0.0007361689500169262
2021_8_23_14_27,-0.35678866778734514,0.08861670655982161,0.7754945697855284,-4.384131911835193,0.7414167079748492,0.000871895957930918,0.0009378473389264761, -1493.0818973395355, 0.0007361689543069944
2021_8_23_14_27,-0.35678866778734514,0.08861670655982161,0.7754945697855284,-4.384131846506538,0.7414167228760103,0.000871895957930918,0.0009378473389264761, -1493.0818973708415, 0.0007361689543069944
2021_8_23_14_27,-0.35678866778734514,0.08861670655982161,0.7754945697855284,-4.384131846506538,0.7414167079748492,0.0008719108590921118,0.0009378473389264761, -1493.0819097222468, 0.0007361689543069944
2021_8_23_14_27,-0.35678866778734514,0.08861670655982161,0.7754945697855284,-4.384131846506538,0.7414167079748492,0.000871895957930918,0.0009378622400876699, -1493.081865010744, 0.0007361689543069944
2021_8_23_14_27,-0.3628741664678886,0.08929958416466435,0.7748576270240136,-4.386208866937833,0.7505816051832988,0.0008712311221001521,0.0009379854117457646, -1492.6065028885596, 0.000738387049505942
2021_8_23_14_28,-0.3628741813690498,0.08929958416466435,0.7748576270240136,-4.386208866937833,0.7505816051832988,0.0008712311221001521,0.0009379854117457646, -1492.6065024739332, 0.00073838706122868
2021_8_23_14_28,-0.3628741664678886,0.08929959906582555,0.7748576270240136,-4.386208866937833,0.7505816051832988,0.0008712311221001521,0.0009379854117457646, -1492.6065030161114, 0.000738386996985522
2021_8_23_14_28,-0.3628741664678886,0.08929958416466435,0.7748576419251748,-4.386208866937833,0.7505816051832988,0.0008712311221001521,0.0009379854117457646, -1492.6065030606296, 0.0007383870438503438
2021_8_23_14_28,-0.3628741664678886,0.08929958416466435,0.7748576270240136,-4.386208932297439,0.7505816051832988,0.0008712311221001521,0.0009379854117457646, -1492.6065028966334, 0.000738387049505942
2021_8_23_14_28,-0.3628741664678886,0.08929958416466435,0.7748576270240136,-4.386208866937833,0.7505816200844599,0.0008712311221001521,0.0009379854117457646, -1492.6065028392625, 0.000738387049505942
2021_8_23_14_28,-0.3628741664678886,0.08929958416466435,0.7748576270240136,-4.386208866937833,0.7505816051832988,0.000871246023261346,0.0009379854117457646, -1492.6065168100984, 0.000738387049505942
2021_8_23_14_29,-0.3628741664678886,0.08929958416466435,0.7748576270240136,-4.386208866937833,0.7505816051832988,0.0008712311221001521,0.0009380003129069584, -1492.6064865246115, 0.000738387049505942
2021_8_23_14_29,-0.3628741664678886,0.08929958416466437,0.7748576270240136,-4.386208866937833,0.7505816051832988,0.0008712311221001521,0.0009379854117457646, -1492.6065028885596, 0.0007383870495059418
2021_8_23_14_29,-0.3628741813690498,0.08929958416466437,0.7748576270240136,-4.386208866937833,0.7505816051832988,0.0008712311221001521,0.0009379854117457646, -1492.6065024739326, 0.00073838706122868
2021_8_23_14_29,-0.3628741664678886,0.08929959906582556,0.7748576270240136,-4.386208866937833,0.7505816051832988,0.0008712311221001521,0.0009379854117457646, -1492.6065030161112, 0.0007383869969855222
2021_8_23_14_29,-0.3628741664678886,0.08929958416466437,0.7748576419251748,-4.386208866937833,0.7505816051832988,0.0008712311221001521,0.0009379854117457646, -1492.6065030606294, 0.0007383870438503437
2021_8_23_14_30,-0.3628741664678886,0.08929958416466437,0.7748576270240136,-4.386208932297439,0.7505816051832988,0.0008712311221001521,0.0009379854117457646, -1492.6065028966336, 0.0007383870495059418
2021_8_23_14_30,-0.3628741664678886,0.08929958416466437,0.7748576270240136,-4.386208866937833,0.7505816200844599,0.0008712311221001521,0.0009379854117457646, -1492.6065028392625, 0.0007383870495059418
2021_8_23_14_31,-0.3628741664678886,0.08929958416466437,0.7748576270240136,-4.386208866937833,0.7505816051832988,0.000871246023261346,0.0009379854117457646, -1492.6065168100984, 0.0007383870495059418
2021_8_23_14_31,-0.3628741664678886,0.08929958416466437,0.7748576270240136,-4.386208866937833,0.7505816051832988,0.0008712311221001521,0.0009380003129069584, -1492.6064865246115, 0.0007383870495059418
2021_8_23_14_31,-0.36999622015459877,0.09042876040502443,0.7734107245846399,-4.387246254365623,0.7577131776517355,0.0008710018329497487,0.0009399720434028297, -1492.053479506686, 0.0007409161128738565
2021_8_23_14_32,-0.36999623505575996,0.09042876040502443,0.7734107245846399,-4.387246254365623,0.7577131776517355,0.0008710018329497487,0.0009399720434028297, -1492.0534783961082, 0.0007409161275448731
2021_8_23_14_32,-0.36999622015459877,0.09042877530618562,0.7734107245846399,-4.387246254365623,0.7577131776517355,0.0008710018329497487,0.0009399720434028297, -1492.0534821362098, 0.0007409160495816563
2021_8_23_14_33,-0.36999622015459877,0.09042876040502443,0.7734107394858011,-4.387246254365623,0.7577131776517355,0.0008710018329497487,0.0009399720434028297, -1492.053480003586, 0.0007409161059357385
2021_8_23_14_33,-0.36999622015459877,0.09042876040502443,0.7734107245846399,-4.387246319740687,0.7577131776517355,0.0008710018329497487,0.0009399720434028297, -1492.0534795446372, 0.0007409161128738565
2021_8_23_14_34,-0.36999622015459877,0.09042876040502443,0.7734107245846399,-4.387246254365623,0.7577131925528967,0.0008710018329497487,0.0009399720434028297, -1492.05347941636, 0.0007409161128738565
2021_8_23_14_34,-0.36999622015459877,0.09042876040502443,0.7734107245846399,-4.387246254365623,0.7577131776517355,0.0008710167341109426,0.0009399720434028297, -1492.053495374667, 0.0007409161128738565
2021_8_23_14_34,-0.36999622015459877,0.09042876040502443,0.7734107245846399,-4.387246254365623,0.7577131776517355,0.0008710018329497487,0.0009399869445640235, -1492.0534743090802, 0.0007409161128738565
2021_8_23_14_35,-0.36999622015459877,0.09042876040502439,0.7734107245846399,-4.387246254365623,0.7577131776517355,0.0008710018329497487,0.0009399720434028297, -1492.0534795066856, 0.0007409161128738574
2021_8_23_14_35,-0.36999623505575996,0.09042876040502439,0.7734107245846399,-4.387246254365623,0.7577131776517355,0.0008710018329497487,0.0009399720434028297, -1492.0534783961077, 0.0007409161275448732
2021_8_23_14_35,-0.36999622015459877,0.09042877530618558,0.7734107245846399,-4.387246254365623,0.7577131776517355,0.0008710018329497487,0.0009399720434028297, -1492.0534821362105, 0.0007409160495816562
2021_8_23_14_36,-0.36999622015459877,0.09042876040502439,0.7734107394858011,-4.387246254365623,0.7577131776517355,0.0008710018329497487,0.0009399720434028297, -1492.0534800035857, 0.0007409161059357388
2021_8_23_14_36,-0.36999622015459877,0.09042876040502439,0.7734107245846399,-4.387246319740687,0.7577131776517355,0.0008710018329497487,0.0009399720434028297, -1492.053479544637, 0.0007409161128738574
2021_8_23_14_37,-0.36999622015459877,0.09042876040502439,0.7734107245846399,-4.387246254365623,0.7577131925528967,0.0008710018329497487,0.0009399720434028297, -1492.0534794163598, 0.0007409161128738574
2021_8_23_14_37,-0.36999622015459877,0.09042876040502439,0.7734107245846399,-4.387246254365623,0.7577131776517355,0.0008710167341109426,0.0009399720434028297, -1492.0534953746662, 0.0007409161128738574
2021_8_23_14_37,-0.36999622015459877,0.09042876040502439,0.7734107245846399,-4.387246254365623,0.7577131776517355,0.0008710018329497487,0.0009399869445640235, -1492.0534743090802, 0.0007409161128738574
2021_8_23_14_38,-0.3698348692073696,0.09196034323422024,0.773891262806786,-4.3873537268781595,0.7581106283907764,0.0008709867437424833,0.0009400614419569544, -1493.25459227438, 0.0007350911454790214
2021_8_23_14_38,-0.36983488410853077,0.09196034323422024,0.773891262806786,-4.3873537268781595,0.7581106283907764,0.0008709867437424833,0.0009400614419569544, -1493.2545923972039, 0.0007350911551092571
2021_8_23_14_38,-0.3698348692073696,0.09196035813538143,0.773891262806786,-4.3873537268781595,0.7581106283907764,0.0008709867437424833,0.0009400614419569544, -1493.254590130595, 0.0007350911014933005
2021_8_23_14_39,-0.3698348692073696,0.09196034323422024,0.7738912777079472,-4.3873537268781595,0.7581106283907764,0.0008709867437424833,0.0009400614419569544, -1493.2545922148247, 0.0007350911408344222
2021_8_23_14_39,-0.3698348692073696,0.09196034323422024,0.773891262806786,-4.3873537922548245,0.7581106283907764,0.0008709867437424833,0.0009400614419569544, -1493.2545923244804, 0.0007350911454790214
2021_8_23_14_40,-0.3698348692073696,0.09196034323422024,0.773891262806786,-4.3873537268781595,0.7581106432919376,0.0008709867437424833,0.0009400614419569544, -1493.254592167256, 0.0007350911454790214
2021_8_23_14_40,-0.3698348692073696,0.09196034323422024,0.773891262806786,-4.3873537268781595,0.7581106283907764,0.0008710016449036772,0.0009400614419569544, -1493.2545987429, 0.0007350911454790214
2021_8_23_14_40,-0.3698348692073696,0.09196034323422024,0.773891262806786,-4.3873537268781595,0.7581106283907764,0.0008709867437424833,0.0009400763431181482, -1493.2545531535, 0.0007350911454790214
2021_8_23_14_41,-0.36983486920736963,0.0919603432342202,0.773891262806786,-4.3873537268781595,0.7581106283907764,0.0008709867437424833,0.0009400614419569544, -1493.25459227438, 0.0007350911454790208
2021_8_23_14_41,-0.3698348841085308,0.0919603432342202,0.773891262806786,-4.3873537268781595,0.7581106283907764,0.0008709867437424833,0.0009400614419569544, -1493.2545923972043, 0.000735091155109258
2021_8_23_14_42,-0.36983486920736963,0.09196035813538139,0.773891262806786,-4.3873537268781595,0.7581106283907764,0.0008709867437424833,0.0009400614419569544, -1493.2545901305944, 0.0007350911014933011
2021_8_23_14_42,-0.36983486920736963,0.0919603432342202,0.7738912777079472,-4.3873537268781595,0.7581106283907764,0.0008709867437424833,0.0009400614419569544, -1493.2545922148245, 0.0007350911408344225
2021_8_23_14_42,-0.36983486920736963,0.0919603432342202,0.773891262806786,-4.3873537922548245,0.7581106283907764,0.0008709867437424833,0.0009400614419569544, -1493.2545923244804, 0.0007350911454790208
2021_8_23_14_43,-0.36983486920736963,0.0919603432342202,0.773891262806786,-4.3873537268781595,0.7581106432919376,0.0008709867437424833,0.0009400614419569544, -1493.254592167256, 0.0007350911454790208
2021_8_23_14_43,-0.36983486920736963,0.0919603432342202,0.773891262806786,-4.3873537268781595,0.7581106283907764,0.0008710016449036772,0.0009400614419569544, -1493.2545987429003, 0.0007350911454790208
2021_8_23_14_43,-0.36983486920736963,0.0919603432342202,0.773891262806786,-4.3873537268781595,0.7581106283907764,0.0008709867437424833,0.0009400763431181482, -1493.2545531535006, 0.0007350911454790208
2021_8_23_14_44,-0.3693871558449246,0.09202326450019613,0.773662738123204,-4.38717264587848,0.7578730119313617,0.0008709774527453835,0.0009401202222655815, -1493.371802574298, 0.0007346970160169966
2021_8_23_14_44,-0.3693871707460858,0.09202326450019613,0.773662738123204,-4.38717264587848,0.7578730119313617,0.0008709774527453835,0.0009401202222655815, -1493.3718028160424, 0.0007346970251477437
2021_8_23_14_45,-0.3693871558449246,0.09202327940135732,0.773662738123204,-4.38717264587848,0.7578730119313617,0.0008709774527453835,0.0009401202222655815, -1493.3717999778105, 0.0007346969739184772
2021_8_23_14_45,-0.3693871558449246,0.09202326450019613,0.7736627530243652,-4.38717264587848,0.7578730119313617,0.0008709774527453835,0.0009401202222655815, -1493.3718024636535, 0.0007346970115952341
2021_8_23_14_45,-0.3693871558449246,0.09202326450019613,0.773662738123204,-4.387172711252447,0.7578730119313617,0.0008709774527453835,0.0009401202222655815, -1493.3718026242277, 0.0007346970160169966
2021_8_23_14_45,-0.3693871558449246,0.09202326450019613,0.773662738123204,-4.38717264587848,0.7578730268325229,0.0008709774527453835,0.0009401202222655815, -1493.3718024673328, 0.0007346970160169966
2021_8_23_14_46,-0.3693871558449246,0.09202326450019613,0.773662738123204,-4.38717264587848,0.7578730119313617,0.0008709923539065773,0.0009401202222655815, -1493.3718088764297, 0.0007346970160169966
2021_8_23_14_46,-0.3693871558449246,0.09202326450019613,0.773662738123204,-4.38717264587848,0.7578730119313617,0.0008709774527453835,0.0009401351234267753, -1493.3717606689365, 0.0007346970160169966
2021_8_23_14_46,-0.36938715584492465,0.09202326450019609,0.773662738123204,-4.38717264587848,0.7578730119313617,0.0008709774527453835,0.0009401202222655815, -1493.371802574298, 0.0007346970160169964
2021_8_23_14_46,-0.36938717074608585,0.09202326450019609,0.773662738123204,-4.38717264587848,0.7578730119313617,0.0008709774527453835,0.0009401202222655815, -1493.3718028160436, 0.0007346970251477426
2021_8_23_14_46,-0.36938715584492465,0.09202327940135728,0.773662738123204,-4.38717264587848,0.7578730119313617,0.0008709774527453835,0.0009401202222655815, -1493.37179997781, 0.0007346969739184773
2021_8_23_14_47,-0.36938715584492465,0.09202326450019609,0.7736627530243652,-4.38717264587848,0.7578730119313617,0.0008709774527453835,0.0009401202222655815, -1493.3718024636541, 0.0007346970115952347
2021_8_23_14_47,-0.36938715584492465,0.09202326450019609,0.773662738123204,-4.387172711252447,0.7578730119313617,0.0008709774527453835,0.0009401202222655815, -1493.3718026242273, 0.0007346970160169964
2021_8_23_14_47,-0.36938715584492465,0.09202326450019609,0.773662738123204,-4.38717264587848,0.7578730268325229,0.0008709774527453835,0.0009401202222655815, -1493.3718024673328, 0.0007346970160169964
2021_8_23_14_47,-0.36938715584492465,0.09202326450019609,0.773662738123204,-4.38717264587848,0.7578730119313617,0.0008709923539065773,0.0009401202222655815, -1493.37180887643, 0.0007346970160169964
2021_8_23_14_47,-0.36938715584492465,0.09202326450019609,0.773662738123204,-4.38717264587848,0.7578730119313617,0.0008709774527453835,0.0009401351234267753, -1493.3717606689368, 0.0007346970160169964
2021_8_23_14_48,-0.3693669041119743,0.09205214264330625,0.7736662186189318,-4.3871719150158786,0.7578759502231507,0.0008709770045552115,0.0009401229462915601, -1493.3988905297629, 0.0007346024752756361
2021_8_23_14_48,-0.3693669190131355,0.09205214264330625,0.7736662186189318,-4.3871719150158786,0.7578759502231507,0.0008709770045552115,0.0009401229462915601, -1493.3988907975306, 0.0007346024842963595
2021_8_23_14_48,-0.3693669041119743,0.09205215754446744,0.7736662186189318,-4.3871719150158786,0.7578759502231507,0.0008709770045552115,0.0009401229462915601, -1493.3988878336847, 0.0007346024335974433
2021_8_23_14_48,-0.3693669041119743,0.09205214264330625,0.773666233520093,-4.3871719150158786,0.7578759502231507,0.0008709770045552115,0.0009401229462915601, -1493.398890407627, 0.00073460247090352
2021_8_23_14_48,-0.3693669041119743,0.09205214264330625,0.7736662186189318,-4.387171980389835,0.7578759502231507,0.0008709770045552115,0.0009401229462915601, -1493.3988905799197, 0.0007346024752756361
2021_8_23_14_48,-0.3693669041119743,0.09205214264330625,0.7736662186189318,-4.3871719150158786,0.7578759651243119,0.0008709770045552115,0.0009401229462915601, -1493.3988904224766, 0.0007346024752756361
2021_8_23_14_49,-0.3693669041119743,0.09205214264330625,0.7736662186189318,-4.3871719150158786,0.7578759502231507,0.0008709919057164053,0.0009401229462915601, -1493.3988967453029, 0.0007346024752756361
2021_8_23_14_49,-0.3693669041119743,0.09205214264330625,0.7736662186189318,-4.3871719150158786,0.7578759502231507,0.0008709770045552115,0.000940137847452754, -1493.3988480215892, 0.0007346024752756361
2021_8_23_14_49,-0.3694058420943607,0.09199567540337145,0.7736595247182981,-4.387173357194953,0.7578701491605473,0.0008709778927749731,0.000940117585813562, -1493.3445513494669, 0.000734787811957363
2021_8_23_14_49,-0.3694058569955219,0.09199567540337145,0.7736595247182981,-4.387173357194953,0.7578701491605473,0.0008709778927749731,0.000940117585813562, -1493.3445515659537, 0.0007347878211987063
2021_8_23_14_49,-0.3694058420943607,0.09199569030453264,0.7736595247182981,-4.387173357194953,0.7578701491605473,0.0008709778927749731,0.000940117585813562, -1493.344548850695, 0.000734787769430124
2021_8_23_14_50,-0.3694058420943607,0.09199567540337145,0.7736595396194593,-4.387173357194953,0.7578701491605473,0.0008709778927749731,0.000940117585813562, -1493.3445512501435, 0.000734787807484368
2021_8_23_14_50,-0.3694058420943607,0.09199567540337145,0.7736595247182981,-4.387173422568931,0.7578701491605473,0.0008709778927749731,0.000940117585813562, -1493.3445513991792, 0.000734787811957363
2021_8_23_14_50,-0.3694058420943607,0.09199567540337145,0.7736595247182981,-4.387173357194953,0.7578701640617085,0.0008709778927749731,0.000940117585813562, -1493.3445512428086, 0.000734787811957363
2021_8_23_14_50,-0.3694058420943607,0.09199567540337145,0.7736595247182981,-4.387173357194953,0.7578701491605473,0.0008709927939361669,0.000940117585813562, -1493.3445577375505, 0.000734787811957363
2021_8_23_14_50,-0.3694058420943607,0.09199567540337145,0.7736595247182981,-4.387173357194953,0.7578701491605473,0.0008709778927749731,0.0009401324869747559, -1493.3445100209458, 0.000734787811957363
2021_8_23_14_51,-0.36940584209436067,0.09199567540337146,0.7736595247182981,-4.387173357194953,0.7578701491605473,0.0008709778927749731,0.000940117585813562, -1493.3445513494662, 0.000734787811957363
2021_8_23_14_51,-0.36940585699552186,0.09199567540337146,0.7736595247182981,-4.387173357194953,0.7578701491605473,0.0008709778927749731,0.000940117585813562, -1493.344551565954, 0.0007347878211987066
2021_8_23_14_51,-0.36940584209436067,0.09199569030453265,0.7736595247182981,-4.387173357194953,0.7578701491605473,0.0008709778927749731,0.000940117585813562, -1493.3445488506948, 0.0007347877694301242
2021_8_23_14_51,-0.36940584209436067,0.09199567540337146,0.7736595396194593,-4.387173357194953,0.7578701491605473,0.0008709778927749731,0.000940117585813562, -1493.344551250144, 0.000734787807484368
2021_8_23_14_51,-0.36940584209436067,0.09199567540337146,0.7736595247182981,-4.387173422568931,0.7578701491605473,0.0008709778927749731,0.000940117585813562, -1493.3445513991792, 0.000734787811957363
2021_8_23_14_52,-0.36940584209436067,0.09199567540337146,0.7736595247182981,-4.387173357194953,0.7578701640617085,0.0008709778927749731,0.000940117585813562, -1493.3445512428086, 0.000734787811957363
2021_8_23_14_52,-0.36940584209436067,0.09199567540337146,0.7736595247182981,-4.387173357194953,0.7578701491605473,0.0008709927939361669,0.000940117585813562, -1493.3445577375508, 0.000734787811957363
2021_8_23_14_52,-0.36940584209436067,0.09199567540337146,0.7736595247182981,-4.387173357194953,0.7578701491605473,0.0008709778927749731,0.0009401324869747559, -1493.3445100209453, 0.000734787811957363
2021_8_23_14_52,-0.3693734122469448,0.09204293531061458,0.773665198163909,-4.387172173877952,0.757875046184369,0.0008709771496733171,0.0009401220712318096, -1493.4006789496761, 0.0007346325168185333
2021_8_23_14_52,-0.369373427148106,0.09204293531061458,0.773665198163909,-4.387172173877952,0.757875046184369,0.0008709771496733171,0.0009401220712318096, -1493.4006792089758, 0.0007346325258743174
2021_8_23_14_52,-0.3693734122469448,0.09204295021177578,0.773665198163909,-4.387172173877952,0.757875046184369,0.0008709771496733171,0.0009401220712318096, -1493.4006762861106, 0.0007346324750064771
2021_8_23_14_53,-0.3693734122469448,0.09204293531061458,0.7736652130650702,-4.387172173877952,0.757875046184369,0.0008709771496733171,0.0009401220712318096, -1493.4006788313177, 0.0007346325124306073
2021_8_23_14_53,-0.3693734122469448,0.09204293531061458,0.773665198163909,-4.387172239251911,0.757875046184369,0.0008709771496733171,0.0009401220712318096, -1493.4006789997609, 0.0007346325168185333
2021_8_23_14_53,-0.3693734122469448,0.09204293531061458,0.773665198163909,-4.387172173877952,0.7578750610855302,0.0008709771496733171,0.0009401220712318096, -1493.4006788424954, 0.0007346325168185333
2021_8_23_14_53,-0.3693734122469448,0.09204293531061458,0.773665198163909,-4.387172173877952,0.757875046184369,0.000870992050834511,0.0009401220712318096, -1493.4006851924014, 0.0007346325168185333
2021_8_23_14_53,-0.3693734122469448,0.09204293531061458,0.773665198163909,-4.387172173877952,0.757875046184369,0.0008709771496733171,0.0009401369723930034, -1493.400636633321, 0.0007346325168185333
2021_8_23_14_54,-0.3694170803766658,0.0919783255644078,0.7736576888112509,-4.38717384157304,0.7578683346635728,0.0008709781818597058,0.0009401158923263496, -1493.3476128305692, 0.0007348450195361623
2021_8_23_14_54,-0.369417095277827,0.0919783255644078,0.7736576888112509,-4.38717384157304,0.7578683346635728,0.0008709781818597058,0.0009401158923263496, -1493.3476130313236, 0.0007348450288425695
2021_8_23_14_55,-0.3694170803766658,0.09197834046556899,0.7736576888112509,-4.38717384157304,0.7578683346635728,0.0008709781818597058,0.0009401158923263496, -1493.3476103922094, 0.0007348449767604465
2021_8_23_14_55,-0.3694170803766658,0.0919783255644078,0.773657703712412,-4.38717384157304,0.7578683346635728,0.0008709781818597058,0.0009401158923263496, -1493.347612738258, 0.0007348450150338066
2021_8_23_14_55,-0.3694170803766658,0.0919783255644078,0.7736576888112509,-4.387173906947025,0.7578683346635728,0.0008709781818597058,0.0009401158923263496, -1493.3476128801456, 0.0007348450195361623
2021_8_23_14_56,-0.3694170803766658,0.0919783255644078,0.7736576888112509,-4.38717384157304,0.757868349564734,0.0008709781818597058,0.0009401158923263496, -1493.3476127240929, 0.0007348450195361623
2021_8_23_14_56,-0.3694170803766658,0.0919783255644078,0.7736576888112509,-4.38717384157304,0.7578683346635728,0.0008709930830208996,0.0009401158923263496, -1493.3476192741707, 0.0007348450195361623
2021_8_23_14_56,-0.3694170803766658,0.0919783255644078,0.7736576888112509,-4.38717384157304,0.7578683346635728,0.0008709781818597058,0.0009401307934875434, -1493.3475718645284, 0.0007348450195361623
2021_8_23_14_56,-0.3694170803766658,0.09197832556440784,0.7736576888112509,-4.38717384157304,0.7578683346635728,0.0008709781818597059,0.0009401158923263496, -1493.3476128305688, 0.0007348450195361619
2021_8_23_14_56,-0.369417095277827,0.09197832556440784,0.7736576888112509,-4.38717384157304,0.7578683346635728,0.0008709781818597059,0.0009401158923263496, -1493.3476130313236, 0.0007348450288425689
2021_8_23_14_56,-0.3694170803766658,0.09197834046556903,0.7736576888112509,-4.38717384157304,0.7578683346635728,0.0008709781818597059,0.0009401158923263496, -1493.3476103922105, 0.0007348449767604466
2021_8_23_14_57,-0.3694170803766658,0.09197832556440784,0.773657703712412,-4.38717384157304,0.7578683346635728,0.0008709781818597059,0.0009401158923263496, -1493.347612738257, 0.000734845015033806
2021_8_23_14_57,-0.3694170803766658,0.09197832556440784,0.7736576888112509,-4.387173906947025,0.7578683346635728,0.0008709781818597059,0.0009401158923263496, -1493.3476128801453, 0.0007348450195361619
2021_8_23_14_57,-0.3694170803766658,0.09197832556440784,0.7736576888112509,-4.38717384157304,0.757868349564734,0.0008709781818597059,0.0009401158923263496, -1493.3476127240924, 0.0007348450195361619
2021_8_23_14_58,-0.3694170803766658,0.09197832556440784,0.7736576888112509,-4.38717384157304,0.7578683346635728,0.0008709930830208998,0.0009401158923263496, -1493.3476192741703, 0.0007348450195361619
2021_8_23_14_58,-0.3694170803766658,0.09197832556440784,0.7736576888112509,-4.38717384157304,0.7578683346635728,0.0008709781818597059,0.0009401307934875434, -1493.347571864528, 0.0007348450195361619
2021_8_23_14_59,-0.3693813920229171,0.09203112872985078,0.7736638259285444,-4.38717247862728,0.7578738197422765,0.0008709773382917946,0.0009401209421181599, -1493.3703137578227, 0.0007346709802188732
2021_8_23_14_59,-0.3693814069240783,0.09203112872985078,0.7736638259285444,-4.38717247862728,0.7578738197422765,0.0008709773382917946,0.0009401209421181599, -1493.3703140068621, 0.0007346709893194354
2021_8_23_14_59,-0.3693813920229171,0.09203114363101197,0.7736638259285444,-4.38717247862728,0.7578738197422765,0.0008709773382917946,0.0009401209421181599, -1493.3703111333425, 0.0007346709382355894
2021_8_23_15_0,-0.3693813920229171,0.09203112872985078,0.7736638408297056,-4.38717247862728,0.7578738197422765,0.0008709773382917946,0.0009401209421181599, -1493.370313643934, 0.0007346709758107249
2021_8_23_15_0,-0.3693813920229171,0.09203112872985078,0.7736638259285444,-4.387172544001244,0.7578738197422765,0.0008709773382917946,0.0009401209421181599, -1493.3703138078154, 0.0007346709802188732
2021_8_23_15_0,-0.3693813920229171,0.09203112872985078,0.7736638259285444,-4.38717247862728,0.7578738346434377,0.0008709773382917946,0.0009401209421181599, -1493.3703136507747, 0.0007346709802188732
2021_8_23_15_1,-0.3693813920229171,0.09203112872985078,0.7736638259285444,-4.38717247862728,0.7578738197422765,0.0008709922394529885,0.0009401209421181599, -1493.370320035935, 0.0007346709802188732
2021_8_23_15_1,-0.3693813920229171,0.09203112872985078,0.7736638259285444,-4.38717247862728,0.7578738197422765,0.0008709773382917946,0.0009401358432793537, -1493.370271686646, 0.0007346709802188732
