	start time: 2021-08-23 13:08:35.557140
2021_8_23_13_9,-1.78,0.25,2.2,-1.86,0.15,0.0024,0.0023, -82.71671806521641, 0.005753991400580601
2021_8_23_13_9,-1.780000026524067,0.25,2.2,-1.86,0.15,0.0024,0.0023, -82.7166294274579, 0.005753991576978648
2021_8_23_13_9,-1.78,0.2500000149011612,2.2,-1.86,0.15,0.0024,0.0023, -82.71688526342706, 0.005753991069690342
2021_8_23_13_10,-1.78,0.25,2.2000000327825546,-1.86,0.15,0.0024,0.0023, -82.71676844382408, 0.0057539912967506665
2021_8_23_13_10,-1.78,0.25,2.2,-1.86000002771616,0.15,0.0024,0.0023, -82.71671798832223, 0.005753991400580601
2021_8_23_13_10,-1.78,0.25,2.2,-1.86,0.1500000149011612,0.0024,0.0023, -82.71671837792421, 0.005753991400580601
2021_8_23_13_11,-1.78,0.25,2.2,-1.86,0.15,0.0024000149011611936,0.0023, -82.72232970513099, 0.005753991400580601
2021_8_23_13_11,-1.78,0.25,2.2,-1.86,0.15,0.0024,0.002300014901161194, -82.72824282763568, 0.005753991400580601
2021_8_23_13_12,-1.776878870146054,0.18247564353024337,2.2054140724230136,-1.8640842647876081,0.23769474210275782,0.15779858110898184,0.3174894027709679, -85.88274305789609, 0.007295708117734523
2021_8_23_13_12,-1.7768788966236124,0.18247564353024337,2.2054140724230136,-1.8640842647876081,0.23769474210275782,0.15779858110898184,0.3174894027709679, -85.88274335114865, 0.007295708316773542
2021_8_23_13_12,-1.776878870146054,0.18247565843140456,2.2054140724230136,-1.8640842647876081,0.23769474210275782,0.15779858110898184,0.3174894027709679, -85.88274168005742, 0.007295707749067249
2021_8_23_13_13,-1.776878870146054,0.18247564353024337,2.2054141052862444,-1.8640842647876081,0.23769474210275782,0.15779858110898184,0.3174894027709679, -85.88274088882822, 0.007295707992344813
2021_8_23_13_13,-1.776878870146054,0.18247564353024337,2.2054140724230136,-1.8640842925646282,0.23769474210275782,0.15779858110898184,0.3174894027709679, -85.88274300676639, 0.007295708117734523
2021_8_23_13_13,-1.776878870146054,0.18247564353024337,2.2054140724230136,-1.8640842647876081,0.237694757003919,0.15779858110898184,0.3174894027709679, -85.88274328001262, 0.007295708117734523
2021_8_23_13_14,-1.776878870146054,0.18247564353024337,2.2054140724230136,-1.8640842647876081,0.23769474210275782,0.15779859601014304,0.3174894027709679, -85.8827274256493, 0.007295708117734523
2021_8_23_13_14,-1.776878870146054,0.18247564353024337,2.2054140724230136,-1.8640842647876081,0.23769474210275782,0.15779858110898184,0.31748941767212907, -85.88273527366862, 0.007295708117734523
2021_8_23_13_14,-1.776885065696228,0.18250940467643745,2.20538280929328,-1.8640794820884472,0.23761436551323528,0.1574035726036047,0.3172894467315747, -86.39995606471575, 0.007295038716280162
2021_8_23_13_15,-1.7768850921738788,0.18250940467643745,2.20538280929328,-1.8640794820884472,0.23761436551323528,0.1574035726036047,0.3172894467315747, -86.39995635860839, 0.007295038915305154
2021_8_23_13_15,-1.776885065696228,0.18250941957759864,2.20538280929328,-1.8640794820884472,0.23761436551323528,0.1574035726036047,0.3172894467315747, -86.3999546852965, 0.0072950383476365
2021_8_23_13_15,-1.776885065696228,0.18250940467643745,2.205382842156045,-1.8640794820884472,0.23761436551323528,0.1574035726036047,0.3172894467315747, -86.39995389495489, 0.0072950385909072825
2021_8_23_13_16,-1.776885065696228,0.18250940467643745,2.20538280929328,-1.864079509865396,0.23761436551323528,0.1574035726036047,0.3172894467315747, -86.39995601355882, 0.007295038716280162
2021_8_23_13_16,-1.776885065696228,0.18250940467643745,2.20538280929328,-1.8640794820884472,0.23761438041439648,0.1574035726036047,0.3172894467315747, -86.39995628691065, 0.007295038716280162
2021_8_23_13_18,-1.776885065696228,0.18250940467643745,2.20538280929328,-1.8640794820884472,0.23761436551323528,0.1574035875047659,0.3172894467315747, -86.3999403934475, 0.007295038716280162
2021_8_23_13_19,-1.776885065696228,0.18250940467643745,2.20538280929328,-1.8640794820884472,0.23761436551323528,0.1574035726036047,0.3172894616327359, -86.39994827559089, 0.007295038716280162
2021_8_23_13_20,-1.7759830540789485,0.1880538715498734,2.2036774727422914,-1.8650970177630564,0.24159624946969888,0.168411618485682,0.30809868969363574, -79.71701985279674, 0.007157929423698527
2021_8_23_13_20,-1.7759830805431582,0.1880538715498734,2.2036774727422914,-1.8650970177630564,0.24159624946969888,0.168411618485682,0.30809868969363574, -79.7170201603679, 0.00715792962101324
2021_8_23_13_21,-1.7759830540789485,0.1880538864510346,2.2036774727422914,-1.8650970177630564,0.24159624946969888,0.168411618485682,0.30809868969363574, -79.71701841704633, 0.007157929056959372
2021_8_23_13_21,-1.7759830540789485,0.1880538715498734,2.2036775055796447,-1.8650970177630564,0.24159624946969888,0.168411618485682,0.30809868969363574, -79.71701768389075, 0.007157929299919706
2021_8_23_13_22,-1.7759830540789485,0.1880538715498734,2.2036774727422914,-1.8650970455551676,0.24159624946969888,0.168411618485682,0.30809868969363574, -79.71701980366701, 0.007157929423698527
2021_8_23_13_24,-1.7759830540789485,0.1880538715498734,2.2036774727422914,-1.8650970177630564,0.24159626437086007,0.168411618485682,0.30809868969363574, -79.71702007027113, 0.007157929423698527
2021_8_23_13_25,-1.7759830540789485,0.1880538715498734,2.2036774727422914,-1.8650970177630564,0.24159624946969888,0.1684116333868432,0.30809868969363574, -79.71700519896956, 0.007157929423698527
2021_8_23_13_26,-1.7759830540789485,0.1880538715498734,2.2036774727422914,-1.8650970177630564,0.24159624946969888,0.168411618485682,0.30809870459479693, -79.7170118315439, 0.007157929423698527
2021_8_23_13_27,-1.7765228058494325,0.20978579769610164,2.202213616877064,-1.8638590605940215,0.2151351000836356,0.1674922599973846,0.19057224490256053, -157.72177138743942, 0.006639730812569161
2021_8_23_13_28,-1.776522832321685,0.20978579769610164,2.202213616877064,-1.8638590605940215,0.2151351000836356,0.1674922599973846,0.19057224490256053, -157.72177174359706, 0.006639731001531156
2021_8_23_13_29,-1.7765228058494325,0.20978581259726284,2.202213616877064,-1.8638590605940215,0.2151351000836356,0.1674922599973846,0.19057224490256053, -157.72176976558063, 0.006639730457055096
2021_8_23_13_30,-1.7765228058494325,0.20978579769610164,2.202213649692604,-1.8638590605940215,0.2151351000836356,0.1674922599973846,0.19057224490256053, -157.7217692472285, 0.006639730696122999
2021_8_23_13_31,-1.7765228058494325,0.20978579769610164,2.202213616877064,-1.8638590883676858,0.2151351000836356,0.1674922599973846,0.19057224490256053, -157.72177133128042, 0.006639730812569161
2021_8_23_13_32,-1.7765228058494325,0.20978579769610164,2.202213616877064,-1.8638590605940215,0.2151351149847968,0.1674922599973846,0.19057224490256053, -157.72177162857298, 0.006639730812569161
2021_8_23_13_33,-1.7765228058494325,0.20978579769610164,2.202213616877064,-1.8638590605940215,0.2151351000836356,0.1674922748985458,0.19057224490256053, -157.72175664736994, 0.006639730812569161
2021_8_23_13_34,-1.7765228058494325,0.20978579769610164,2.202213616877064,-1.8638590605940215,0.2151351000836356,0.1674922599973846,0.19057225980372172, -157.72175843531843, 0.006639730812569161
2021_8_23_13_34,-1.7767100181115136,0.22802296357740676,2.2008238199922605,-1.860479949139214,0.19058700658081373,0.11325166957272209,0.11355104626666784, -305.77297431996885, 0.006218796044715316
2021_8_23_13_35,-1.776710044586556,0.22802296357740676,2.2008238199922605,-1.860479949139214,0.19058700658081373,0.11325166957272209,0.11355104626666784, -305.77297469599097, 0.006218796224034527
2021_8_23_13_36,-1.7767100181115136,0.22802297847856795,2.2008238199922605,-1.860479949139214,0.19058700658081373,0.11325166957272209,0.11355104626666784, -305.77297256481796, 0.006218795703471383
2021_8_23_13_36,-1.7767100181115136,0.22802296357740676,2.200823852787091,-1.860479949139214,0.19058700658081373,0.11325166957272209,0.11355104626666784, -305.77297222507246, 0.0062187959357712765
2021_8_23_13_37,-1.7767100181115136,0.22802296357740676,2.2008238199922605,-1.8604799768625258,0.19058700658081373,0.11325166957272209,0.11355104626666784, -305.7729742568811, 0.006218796044715316
2021_8_23_13_38,-1.7767100181115136,0.22802296357740676,2.2008238199922605,-1.860479949139214,0.19058702148197493,0.11325166957272209,0.11355104626666784, -305.7729745854891, 0.006218796044715316
2021_8_23_13_39,-1.7767100181115136,0.22802296357740676,2.2008238199922605,-1.860479949139214,0.19058700658081373,0.11325168447388329,0.11355104626666784, -305.7729525556625, 0.006218796044715316
2021_8_23_13_39,-1.7767100181115136,0.22802296357740676,2.2008238199922605,-1.860479949139214,0.19058700658081373,0.11325166957272209,0.11355106116782904, -305.7729526544633, 0.006218796044715316
2021_8_23_13_40,-1.7770104320239,0.2400445942440696,2.2000004577688235,-1.8597960789976633,0.17591678260214338,0.06951811770320598,0.06968228974873111, -465.037228650079, 0.005953073721470513
2021_8_23_13_41,-1.7770104585034188,0.2400445942440696,2.2000004577688235,-1.8597960789976633,0.17591678260214338,0.06951811770320598,0.06968228974873111, -465.0372289992114, 0.005953073892682165
2021_8_23_13_42,-1.7770104320239,0.2400446091452308,2.2000004577688235,-1.8597960789976633,0.17591678260214338,0.06951811770320598,0.06968228974873111, -465.0372268758167, 0.005953073392923536
2021_8_23_13_42,-1.7770104320239,0.2400445942440696,2.200000490551385,-1.8597960789976633,0.17591678260214338,0.06951811770320598,0.06968228974873111, -465.03722661127966, 0.005953073618432696
2021_8_23_13_43,-1.7770104320239,0.2400445942440696,2.2000004577688235,-1.8597961067107844,0.17591678260214338,0.06951811770320598,0.06968228974873111, -465.0372285826398, 0.005953073721470513
2021_8_23_13_44,-1.7770104320239,0.2400445942440696,2.2000004577688235,-1.8597960789976633,0.17591679750330458,0.06951811770320598,0.06968228974873111, -465.0372289316493, 0.005953073721470513
2021_8_23_13_45,-1.7770104320239,0.2400445942440696,2.2000004577688235,-1.8597960789976633,0.17591678260214338,0.06951813260436718,0.06968228974873111, -465.0371933665248, 0.005953073721470513
2021_8_23_13_45,-1.7770104320239,0.2400445942440696,2.2000004577688235,-1.8597960789976633,0.17591678260214338,0.06951811770320598,0.06968230464989231, -465.03719363039716, 0.005953073721470513
2021_8_23_13_46,-1.7771480146665117,0.2454118651201045,2.1996173745181786,-1.859488242638844,0.16933869382418204,0.04988691723573668,0.049994903133762585, -572.8483809956081, 0.005837963104063477
2021_8_23_13_47,-1.7771480411480807,0.2454118651201045,2.1996173745181786,-1.859488242638844,0.16933869382418204,0.04988691723573668,0.049994903133762585, -572.8483812718598, 0.005837963271148065
2021_8_23_13_48,-1.7771480146665117,0.24541188002126568,2.1996173745181786,-1.859488242638844,0.16933869382418204,0.04988691723573668,0.049994903133762585, -572.8483793314005, 0.005837962782123467
2021_8_23_13_48,-1.7771480146665117,0.2454118651201045,2.199617407295032,-1.859488242638844,0.16933869382418204,0.04988691723573668,0.049994903133762585, -572.8483790185544, 0.0058379630039258395
2021_8_23_13_49,-1.7771480146665117,0.2454118651201045,2.1996173745181786,-1.859488270347378,0.16933869382418204,0.04988691723573668,0.049994903133762585, -572.8483809261584, 0.005837963104063477
2021_8_23_13_50,-1.7771480146665117,0.2454118651201045,2.1996173745181786,-1.859488242638844,0.16933870872534323,0.04988691723573668,0.049994903133762585, -572.8483812847467, 0.005837963104063477
2021_8_23_13_50,-1.7771480146665117,0.2454118651201045,2.1996173745181786,-1.859488242638844,0.16933869382418204,0.04988693213689788,0.049994903133762585, -572.8483321799728, 0.005837963104063477
2021_8_23_13_51,-1.7771480146665117,0.2454118651201045,2.1996173745181786,-1.859488242638844,0.16933869382418204,0.04988691723573668,0.04999491803492378, -572.848332774012, 0.005837963104063477
2021_8_23_13_52,-1.7771521459152253,0.24536428192304374,2.19959299118893,-1.859487274699944,0.16934966319580286,0.04988691592940308,0.049994903119160924, -572.8554454921884, 0.0058390918264670895
2021_8_23_13_53,-1.777152172396856,0.24536428192304374,2.19959299118893,-1.859487274699944,0.16934966319580286,0.04988691592940308,0.049994903119160924, -572.8554457709103, 0.005839091993603399
2021_8_23_13_53,-1.7771521459152253,0.24536429682420494,2.19959299118893,-1.859487274699944,0.16934966319580286,0.04988691592940308,0.049994903119160924, -572.8554438227839, 0.005839091504449562
2021_8_23_13_54,-1.7771521459152253,0.24536428192304374,2.1995930239654196,-1.859487274699944,0.16934966319580286,0.04988691592940308,0.049994903119160924, -572.8554435120199, 0.00583909172629545
2021_8_23_13_55,-1.7771521459152253,0.24536428192304374,2.19959299118893,-1.8594873024084637,0.16934966319580286,0.04988691592940308,0.049994903119160924, -572.8554454227349, 0.0058390918264670895
2021_8_23_13_56,-1.7771521459152253,0.24536428192304374,2.19959299118893,-1.859487274699944,0.16934967809696405,0.04988691592940308,0.049994903119160924, -572.8554457813184, 0.0058390918264670895
2021_8_23_13_57,-1.7771521459152253,0.24536428192304374,2.19959299118893,-1.859487274699944,0.16934966319580286,0.04988693083056427,0.049994903119160924, -572.8553966769325, 0.0058390918264670895
2021_8_23_13_58,-1.7771521459152253,0.24536428192304374,2.19959299118893,-1.859487274699944,0.16934966319580286,0.04988691592940308,0.04999491802032212, -572.8553972709816, 0.0058390918264670895
2021_8_23_13_59,-1.7771563149959253,0.24531655176752143,2.1995685693174165,-1.8594863069231802,0.16936063856953168,0.049886914623364816,0.049994903104562706, -572.8625022403754, 0.005840224436599
2021_8_23_13_59,-1.777156341477618,0.24531655176752143,2.1995685693174165,-1.8594863069231802,0.16936063856953168,0.049886914623364816,0.049994903104562706, -572.8625025145507, 0.005840224603794984
2021_8_23_14_0,-1.7771563149959253,0.24531656666868262,2.1995685693174165,-1.8594863069231802,0.16936063856953168,0.049886914623364816,0.049994903104562706, -572.8625005825735, 0.00584022411448856
2021_8_23_14_1,-1.7771563149959253,0.24531655176752143,2.1995686020935423,-1.8594863069231802,0.16936063856953168,0.049886914623364816,0.049994903104562706, -572.8625002649748, 0.0058402243363837
2021_8_23_14_1,-1.7771563149959253,0.24531655176752143,2.1995685693174165,-1.8594863346316854,0.16936063856953168,0.049886914623364816,0.049994903104562706, -572.8625021709189, 0.005840224436599
2021_8_23_14_2,-1.7771563149959253,0.24531655176752143,2.1995685693174165,-1.8594863069231802,0.16936065347069287,0.049886914623364816,0.049994903104562706, -572.8625025295005, 0.005840224436599
2021_8_23_14_2,-1.7771563149959253,0.24531655176752143,2.1995685693174165,-1.8594863069231802,0.16936063856953168,0.04988692952452601,0.049994903104562706, -572.8624534255036, 0.005840224436599
2021_8_23_14_2,-1.7771563149959253,0.24531655176752143,2.1995685693174165,-1.8594863069231802,0.16936063856953168,0.049886914623364816,0.0499949180057239, -572.8624540195598, 0.005840224436599
2021_8_23_14_3,-1.777860153653257,0.2371788879908834,2.1953859629931958,-1.8593201046283383,0.17124201681206183,0.04988685838237327,0.049994902477288085, -574.0240050692051, 0.0060369593992726485
2021_8_23_14_3,-1.7778601801454377,0.2371788879908834,2.1953859629931958,-1.8593201046283383,0.17124201681206183,0.04988685838237327,0.049994902477288085, -574.0240053133008, 0.006036959573774031
2021_8_23_14_3,-1.777860153653257,0.2371789028920446,2.1953859629931958,-1.8593201046283383,0.17124201681206183,0.04988685838237327,0.049994902477288085, -574.0240035179916, 0.006036959065896911
2021_8_23_14_4,-1.777860153653257,0.2371788879908834,2.195385995706996,-1.8593201046283383,0.17124201681206183,0.04988685838237327,0.049994902477288085, -574.0240030858787, 0.0060369592940114295
2021_8_23_14_4,-1.777860153653257,0.2371788879908834,2.1953859629931958,-1.8593201323343669,0.17124201681206183,0.04988685838237327,0.049994902477288085, -574.0240049991571, 0.0060369593992726485
2021_8_23_14_5,-1.777860153653257,0.2371788879908834,2.1953859629931958,-1.8593201046283383,0.17124203171322303,0.04988685838237327,0.049994902477288085, -574.0240053572415, 0.0060369593992726485
2021_8_23_14_5,-1.777860153653257,0.2371788879908834,2.1953859629931958,-1.8593201046283383,0.17124201681206183,0.049886873283534465,0.049994902477288085, -574.0239563232641, 0.0060369593992726485
2021_8_23_14_5,-1.777860153653257,0.2371788879908834,2.1953859629931958,-1.8593201046283383,0.17124201681206183,0.04988685838237327,0.04999491737844928, -574.023956915922, 0.0060369593992726485
2021_8_23_14_6,-1.7918172040167835,0.07576269299413416,2.1123856233017286,-1.8560218244460378,0.2085711589686849,0.0498857655483258,0.049994890286574535, -587.2942701876073, 0.010486961515675339
2021_8_23_14_6,-1.7918172307169404,0.07576269299413416,2.1123856233017286,-1.8560218244460378,0.2085711589686849,0.0498857655483258,0.049994890286574535, -587.2942700618241, 0.010486961720967157
2021_8_23_14_6,-1.7918172040167835,0.07576270789529535,2.1123856233017286,-1.8560218244460378,0.2085711589686849,0.0498857655483258,0.049994890286574535, -587.2942699745944, 0.010486961160654104
2021_8_23_14_7,-1.7918172040167835,0.07576269299413416,2.1123856547787274,-1.8560218244460378,0.2085711589686849,0.0498857655483258,0.049994890286574535, -587.2942681846871, 0.010486961372127061
2021_8_23_14_7,-1.7918172040167835,0.07576269299413416,2.1123856233017286,-1.8560218521029181,0.2085711589686849,0.0498857655483258,0.049994890286574535, -587.2942701063547, 0.010486961515675339
2021_8_23_14_7,-1.7918172040167835,0.07576269299413416,2.1123856233017286,-1.8560218244460378,0.20857117386984608,0.0498857655483258,0.049994890286574535, -587.2942704571514, 0.010486961515675339
2021_8_23_14_8,-1.7918172040167835,0.07576269299413416,2.1123856233017286,-1.8560218244460378,0.2085711589686849,0.049885780449486994,0.049994890286574535, -587.2942241793434, 0.010486961515675339
2021_8_23_14_8,-1.7918172040167835,0.07576269299413416,2.1123856233017286,-1.8560218244460378,0.2085711589686849,0.0498857655483258,0.04999490518773573, -587.2942234989348, 0.010486961515675339
2021_8_23_14_8,-1.7997398122382577,-0.01590792125006872,2.0652142318456135,-1.8541470624486367,0.22978129935483416,0.049884982369409706,0.04999488131198771, -590.5690294412849, 0.0128290232042658
2021_8_23_14_9,-1.7997398390564707,-0.01590792125006872,2.0652142318456135,-1.8541470624486367,0.22978129935483416,0.049884982369409706,0.04999488131198771, -590.5690291368606, 0.012829023399820196
2021_8_23_14_9,-1.7997398122382577,-0.015907936151229915,2.0652142318456135,-1.8541470624486367,0.22978129935483416,0.049884982369409706,0.04999488131198771, -590.5690292299734, 0.012829023524563903
2021_8_23_14_9,-1.7997398122382577,-0.01590792125006872,2.065214262619704,-1.8541470624486367,0.22978129935483416,0.049884982369409706,0.04999488131198771, -590.5690275139137, 0.012829023057082313
2021_8_23_14_10,-1.7997398122382577,-0.01590792125006872,2.0652142318456135,-1.854147090077581,0.22978129935483416,0.049884982369409706,0.04999488131198771, -590.5690293528978, 0.0128290232042658
2021_8_23_14_10,-1.7997398122382577,-0.01590792125006872,2.0652142318456135,-1.8541470624486367,0.22978131425599535,0.049884982369409706,0.04999488131198771, -590.5690297035878, 0.0128290232042658
2021_8_23_14_11,-1.7997398122382577,-0.01590792125006872,2.0652142318456135,-1.8541470624486367,0.22978129935483416,0.0498849972705709,0.04999488131198771, -590.5689857235152, 0.0128290232042658
2021_8_23_14_11,-1.7997398122382577,-0.01590792125006872,2.0652142318456135,-1.8541470624486367,0.22978129935483416,0.049884982369409706,0.049994896213148905, -590.5689835217992, 0.0128290232042658
2021_8_23_14_11,-1.8051043515183043,-0.07803981950519366,2.0332101927001895,-1.8528747113677935,0.24416712645371536,0.04988404168363865,0.049994870232903756, -591.5542602048038, 0.014296511698054397
2021_8_23_14_12,-1.805104378416455,-0.07803981950519366,2.0332101927001895,-1.8528747113677935,0.24416712645371536,0.04988404168363865,0.049994870232903756, -591.5542598590449, 0.014296511880274601
2021_8_23_14_12,-1.8051043515183043,-0.07803983440635485,2.0332101927001895,-1.8528747113677935,0.24416712645371536,0.04988404168363865,0.049994870232903756, -591.5542598684431, 0.01429651198828656
2021_8_23_14_12,-1.8051043515183043,-0.07803981950519366,2.0332102229973823,-1.8528747113677935,0.24416712645371536,0.04988404168363865,0.049994870232903756, -591.5542582993105, 0.014296511554192946
2021_8_23_14_13,-1.8051043515183043,-0.07803981950519366,2.0332101927001895,-1.8528747389777782,0.24416712645371536,0.04988404168363865,0.049994870232903756, -591.5542601114361, 0.014296511698054397
2021_8_23_14_13,-1.8051043515183043,-0.07803981950519366,2.0332101927001895,-1.8528747113677935,0.24416714135487655,0.04988404168363865,0.049994870232903756, -591.5542604631106, 0.014296511698054397
2021_8_23_14_13,-1.8051043515183043,-0.07803981950519366,2.0332101927001895,-1.8528747113677935,0.24416712645371536,0.049884056584799844,0.049994870232903756, -591.5542182496494, 0.014296511698054397
2021_8_23_14_14,-1.8051043515183043,-0.07803981950519366,2.0332101927001895,-1.8528747113677935,0.24416712645371536,0.04988404168363865,0.04999488513406495, -591.5542147308381, 0.014296511698054397
2021_8_23_14_14,-1.8119420819938112,-0.1572889848427581,1.992355836116735,-1.851250033988633,0.2625263280159504,0.04988235720255701,0.049994850025738634, -592.6831525305838, 0.01588874649058337
2021_8_23_14_14,-1.8119421089938523,-0.1572889848427581,1.992355836116735,-1.851250033988633,0.2625263280159504,0.04988235720255701,0.049994850025738634, -592.6831522178807, 0.01588874663759073
2021_8_23_14_15,-1.8119420819938112,-0.1572889997439193,1.992355836116735,-1.851250033988633,0.2625263280159504,0.04988235720255701,0.049994850025738634, -592.6831521761219, 0.015888746725195586
2021_8_23_14_15,-1.8119420819938112,-0.1572889848427581,1.9923558658051506,-1.851250033988633,0.2625263280159504,0.04988235720255701,0.049994850025738634, -592.6831506002464, 0.015888746365504722
2021_8_23_14_15,-1.8119420819938112,-0.1572889848427581,1.992355836116735,-1.8512500615744083,0.2625263280159504,0.04988235720255701,0.049994850025738634, -592.6831524309719, 0.01588874649058337
2021_8_23_14_16,-1.8119420819938112,-0.1572889848427581,1.992355836116735,-1.851250033988633,0.2625263429171116,0.04988235720255701,0.049994850025738634, -592.6831527847039, 0.01588874649058337
2021_8_23_14_16,-1.8119420819938112,-0.1572889848427581,1.992355836116735,-1.851250033988633,0.2625263280159504,0.0498823721037182,0.049994850025738634, -592.6831126429355, 0.01588874649058337
2021_8_23_14_17,-1.8119420819938112,-0.1572889848427581,1.992355836116735,-1.851250033988633,0.2625263280159504,0.04988235720255701,0.04999486492689983, -592.6831076103966, 0.01588874649058337
2021_8_23_14_17,-1.8551415627458905,-0.6579693144887904,1.734205666620304,-1.8409832015421066,0.37852615436313863,0.04987325424822346,0.04999473913732589, -603.0971477300475, 0.021704324025952744
2021_8_23_14_17,-1.855141590389654,-0.6579693144887904,1.734205666620304,-1.8409832015421066,0.37852615436313863,0.04987325424822346,0.04999473913732589, -603.0971477433324, 0.021704324057985405
2021_8_23_14_18,-1.8551415627458905,-0.6579693293899516,1.734205666620304,-1.8409832015421066,0.37852615436313863,0.04987325424822346,0.04999473913732589, -603.0971475724879, 0.021704324121106996
2021_8_23_14_18,-1.8551415627458905,-0.6579693144887904,1.7342056924619822,-1.8409832015421066,0.37852615436313863,0.04987325424822346,0.04999473913732589, -603.0971454556955, 0.021704324002761684
2021_8_23_14_18,-1.8551415627458905,-0.6579693144887904,1.734205666620304,-1.840983228974894,0.37852615436313863,0.04987325424822346,0.04999473913732589, -603.0971475911699, 0.021704324025952744
2021_8_23_14_19,-1.8551415627458905,-0.6579693144887904,1.734205666620304,-1.8409832015421066,0.3785261692642998,0.04987325424822346,0.04999473913732589, -603.0971479735653, 0.021704324025952744
2021_8_23_14_19,-1.8551415627458905,-0.6579693144887904,1.734205666620304,-1.8409832015421066,0.37852615436313863,0.049873269149384655,0.04999473913732589, -603.0971146115924, 0.021704324025952744
2021_8_23_14_19,-1.8551415627458905,-0.6579693144887904,1.734205666620304,-1.8409832015421066,0.37852615436313863,0.04987325424822346,0.049994754038487084, -603.0971069153342, 0.021704324025952744
2021_8_23_14_20,-1.9683284871002271,-1.9932898465724445,1.0456982245235864,-1.815225106498348,0.6874865912204113,0.04986805350954144,0.049994674527309615, 13981.594328950245, 0.3850301633128035
2021_8_23_14_20,-1.9683285164306072,-1.9932898465724445,1.0456982245235864,-1.815225106498348,0.6874865912204113,0.04986805350954144,0.049994674527309615, 13981.59424649122, 0.38503016224394737
2021_8_23_14_20,-1.9683284871002271,-1.9932898762747777,1.0456982245235864,-1.815225106498348,0.6874865912204113,0.04986805350954144,0.049994674527309615, 13981.596798756664, 0.38503019557740853
2021_8_23_14_21,-1.9683284871002271,-1.9932898465724445,1.0456982401057042,-1.815225106498348,0.6874865912204113,0.04986805350954144,0.049994674527309615, 13981.59440385401, 0.38503016425856984
2021_8_23_14_21,-1.9683284871002271,-1.9932898465724445,1.0456982245235864,-1.81522513354731,0.6874865912204113,0.04986805350954144,0.049994674527309615, 13981.594329236084, 0.3850301633128035
2021_8_23_14_21,-1.9683284871002271,-1.9932898465724445,1.0456982245235864,-1.815225106498348,0.6874866061215725,0.04986805350954144,0.049994674527309615, 13981.594328624735, 0.3850301633128035
2021_8_23_14_22,-1.9683284871002271,-1.9932898465724445,1.0456982245235864,-1.815225106498348,0.6874865912204113,0.04986806841070263,0.049994674527309615, 13981.594371479203, 0.3850301633128035
2021_8_23_14_22,-1.9683284871002271,-1.9932898465724445,1.0456982245235864,-1.815225106498348,0.6874865912204113,0.04986805350954144,0.04999468942847081, 13981.58561186366, 0.3850301633128035
2021_8_23_14_23,-1.8552104911492522,-0.6586162972740672,1.733824886470458,-1.8409590260870197,0.378689024553824,0.049873251211892594,0.0499947390997413, -603.12660382841, 0.02170887813351306
2021_8_23_14_23,-1.8552105187940429,-0.6586162972740672,1.733824886470458,-1.8409590260870197,0.378689024553824,0.049873251211892594,0.0499947390997413, -603.1266038385604, 0.02170887816609943
2021_8_23_14_23,-1.8552104911492522,-0.6586163121752284,1.733824886470458,-1.8409590260870197,0.378689024553824,0.049873251211892594,0.0499947390997413, -603.1266036683086, 0.02170887822899385
2021_8_23_14_24,-1.8552104911492522,-0.6586162972740672,1.7338249123064622,-1.8409590260870197,0.378689024553824,0.049873251211892594,0.0499947390997413, -603.1266015550185, 0.021708878110252305
2021_8_23_14_24,-1.8552104911492522,-0.6586162972740672,1.733824886470458,-1.8409590535194469,0.378689024553824,0.049873251211892594,0.0499947390997413, -603.1266036894776, 0.02170887813351306
2021_8_23_14_24,-1.8552104911492522,-0.6586162972740672,1.733824886470458,-1.8409590260870197,0.3786890394549852,0.049873251211892594,0.0499947390997413, -603.126604071934, 0.02170887813351306
2021_8_23_14_25,-1.8552104911492522,-0.6586162972740672,1.733824886470458,-1.8409590260870197,0.378689024553824,0.04987326611305379,0.0499947390997413, -603.1265707105167, 0.02170887813351306
2021_8_23_14_25,-1.8552104911492522,-0.6586162972740672,1.733824886470458,-1.8409590260870197,0.378689024553824,0.049873251211892594,0.049994754000902496, -603.1265630216446, 0.02170887813351306
2021_8_23_14_25,-1.8552787451399118,-0.6592597605412198,1.7334459438808458,-1.8409351776970027,0.3788510111494401,0.04987324817717249,0.04999473906218066, -603.1558471907141, 0.021713415116418684
2021_8_23_14_26,-1.8552787727857194,-0.6592597605412198,1.7334459438808458,-1.8409351776970027,0.3788510111494401,0.04987324817717249,0.04999473906218066, -603.1558472009583, 0.02171341514877973
2021_8_23_14_26,-1.8552787451399118,-0.659259775442381,1.7334459438808458,-1.8409351776970027,0.3788510111494401,0.04987324817717249,0.04999473906218066, -603.1558470301801, 0.02171341521173294
2021_8_23_14_26,-1.8552787451399118,-0.6592597605412198,1.7334459697112032,-1.8409351776970027,0.3788510111494401,0.04987324817717249,0.04999473906218066, -603.1558449193589, 0.021713415092784495
2021_8_23_14_27,-1.8552787451399118,-0.6592597605412198,1.7334459438808458,-1.8409352051290744,0.3788510111494401,0.04987324817717249,0.04999473906218066, -603.1558470517282, 0.021713415116418684
2021_8_23_14_27,-1.8552787451399118,-0.6592597605412198,1.7334459438808458,-1.8409351776970027,0.3788510260506013,0.04987324817717249,0.04999473906218066, -603.1558474342409, 0.021713415116418684
2021_8_23_14_28,-1.8552787451399118,-0.6592597605412198,1.7334459438808458,-1.8409351776970027,0.3788510111494401,0.04987326307833368,0.04999473906218066, -603.1558140733891, 0.021713415116418684
2021_8_23_14_28,-1.8552787451399118,-0.6592597605412198,1.7334459438808458,-1.8409351776970027,0.3788510111494401,0.04987324817717249,0.049994753963341854, -603.1558063918573, 0.021713415116418684
2021_8_23_14_28,-1.9006694109007025,-1.086919865445812,1.4815648046850969,-1.8250617696872056,0.48652606250178804,0.04987172883698953,0.04999472022408885, -615.5640654641911, 0.026364933114073837
2021_8_23_14_29,-1.9006694392228838,-1.086919865445812,1.4815648046850969,-1.8250617696872056,0.48652606250178804,0.04987172883698953,0.04999472022408885, -615.5640654131122, 0.0263649331453233
2021_8_23_14_29,-1.9006694109007025,-1.0869198816421801,1.4815648046850969,-1.8250617696872056,0.48652606250178804,0.04987172883698953,0.04999472022408885, -615.5640636227681, 0.026364933505597158
2021_8_23_14_29,-1.9006694109007025,-1.086919865445812,1.4815648267621329,-1.8250617696872056,0.48652606250178804,0.04987172883698953,0.04999472022408885, -615.5640629089878, 0.026364933145482845
2021_8_23_14_30,-1.9006694109007025,-1.086919865445812,1.4815648046850969,-1.8250617968827452,0.48652606250178804,0.04987172883698953,0.04999472022408885, -615.5640652827866, 0.026364933114073837
2021_8_23_14_30,-1.9006694109007025,-1.086919865445812,1.4815648046850969,-1.8250617696872056,0.48652607740294923,0.04987172883698953,0.04999472022408885, -615.5640657197487, 0.026364933114073837
2021_8_23_14_30,-1.9006694109007025,-1.086919865445812,1.4815648046850969,-1.8250617696872056,0.48652606250178804,0.049871743738150724,0.04999472022408885, -615.564029863914, 0.026364933114073837
2021_8_23_14_31,-1.9006694109007025,-1.086919865445812,1.4815648046850969,-1.8250617696872056,0.48652606250178804,0.04987172883698953,0.049994735125250045, -615.5640380805953, 0.026364933114073837
2021_8_23_14_31,-1.8809380722389508,-0.9009841850797071,1.5910105044736456,-1.8319586748973844,0.43972581694666957,0.049870911830816156,0.04999471109478426, -613.6186856324235, 0.02363398095220439
2021_8_23_14_31,-1.8809381002671122,-0.9009841850797071,1.5910105044736456,-1.8319586748973844,0.43972581694666957,0.049870911830816156,0.04999471109478426, -613.6186856838543, 0.02363398096949834
2021_8_23_14_32,-1.8809380722389508,-0.9009841999808683,1.5910105044736456,-1.8319586748973844,0.43972581694666957,0.049870911830816156,0.04999471109478426, -613.6186851279618, 0.02363398110622381
2021_8_23_14_32,-1.8809380722389508,-0.9009841850797071,1.5910105281815496,-1.8319586748973844,0.43972581694666957,0.049870911830816156,0.04999471109478426, -613.6186831938084, 0.023633980963458343
2021_8_23_14_32,-1.8809380722389508,-0.9009841850797071,1.5910105044736456,-1.831958702195696,0.43972581694666957,0.049870911830816156,0.04999471109478426, -613.6186854707198, 0.02363398095220439
2021_8_23_14_33,-1.8809380722389508,-0.9009841850797071,1.5910105044736456,-1.8319586748973844,0.43972583184783076,0.049870911830816156,0.04999471109478426, -613.6186858799695, 0.02363398095220439
2021_8_23_14_33,-1.8809380722389508,-0.9009841850797071,1.5910105044736456,-1.8319586748973844,0.43972581694666957,0.04987092673197735,0.04999471109478426, -613.6186519819001, 0.02363398095220439
2021_8_23_14_34,-1.8809380722389508,-0.9009841850797071,1.5910105044736456,-1.8319586748973844,0.43972581694666957,0.049870911830816156,0.049994725995945455, -613.6186492831492, 0.02363398095220439
2021_8_23_14_34,-1.8809380722389508,-0.9009841850797071,1.5910105044736453,-1.8319586748973844,0.43972581694666957,0.04987091183081615,0.04999471109478427, -613.6186856331753, 0.023633980952023646
2021_8_23_14_34,-1.8809381002671122,-0.9009841850797071,1.5910105044736453,-1.8319586748973844,0.43972581694666957,0.04987091183081615,0.04999471109478427, -613.6186856834572, 0.02363398096959585
2021_8_23_14_35,-1.8809380722389508,-0.9009841999808683,1.5910105044736453,-1.8319586748973844,0.43972581694666957,0.04987091183081615,0.04999471109478427, -613.6186851286831, 0.023633981106047412
2021_8_23_14_35,-1.8809380722389508,-0.9009841850797071,1.5910105281815494,-1.8319586748973844,0.43972581694666957,0.04987091183081615,0.04999471109478427, -613.6186831934732, 0.023633980963535042
2021_8_23_14_35,-1.8809380722389508,-0.9009841850797071,1.5910105044736453,-1.831958702195696,0.43972581694666957,0.04987091183081615,0.04999471109478427, -613.618685471471, 0.023633980952023646
2021_8_23_14_36,-1.8809380722389508,-0.9009841850797071,1.5910105044736453,-1.8319586748973844,0.43972583184783076,0.04987091183081615,0.04999471109478427, -613.6186858807214, 0.023633980952023646
2021_8_23_14_36,-1.8809380722389508,-0.9009841850797071,1.5910105044736453,-1.8319586748973844,0.43972581694666957,0.04987092673197734,0.04999471109478427, -613.6186519826518, 0.023633980952023646
2021_8_23_14_36,-1.8809380722389508,-0.9009841850797071,1.5910105044736453,-1.8319586748973844,0.43972581694666957,0.04987091183081615,0.04999472599594546, -613.6186492839015, 0.023633980952023646
2021_8_23_14_37,-1.8899845486493687,-0.9861271425041215,1.5408257816664277,-1.828790042012079,0.4611723315888753,0.04987128628405841,0.04999471527913064, -616.2547716827553, 0.02457087529786471
2021_8_23_14_37,-1.8899845768123331,-0.9861271425041215,1.5408257816664277,-1.828790042012079,0.4611723315888753,0.04987128628405841,0.04999471527913064, -616.2547718272954, 0.02457087530519757
2021_8_23_14_37,-1.8899845486493687,-0.9861271574052827,1.5408257816664277,-1.828790042012079,0.4611723315888753,0.04987128628405841,0.04999471527913064, -616.2547709661501, 0.02457087550167225
2021_8_23_14_38,-1.8899845486493687,-0.9861271425041215,1.540825804626521,-1.828790042012079,0.4611723315888753,0.04987128628405841,0.04999471527913064, -616.2547691106079, 0.02457087532711777
2021_8_23_14_38,-1.8899845486493687,-0.9861271425041215,1.5408257816664277,-1.8287900692631742,0.4611723315888753,0.04987128628405841,0.04999471527913064, -616.254771512301, 0.02457087529786471
2021_8_23_14_38,-1.8899845486493687,-0.9861271425041215,1.5408257816664277,-1.828790042012079,0.46117234649003647,0.04987128628405841,0.04999471527913064, -616.2547719334713, 0.02457087529786471
2021_8_23_14_39,-1.8899845486493687,-0.9861271425041215,1.5408257816664277,-1.828790042012079,0.4611723315888753,0.0498713011852196,0.04999471527913064, -616.2547372003961, 0.02457087529786471
2021_8_23_14_39,-1.8899845486493687,-0.9861271425041215,1.5408257816664277,-1.828790042012079,0.4611723315888753,0.04987128628405841,0.04999473018029183, -616.2547383683284, 0.02457087529786471
2021_8_23_14_40,-1.911759966289486,-1.1906514190068314,1.4201953979214936,-1.8211456415310907,0.5127122288994309,0.04986977271851949,0.04999469772227047, -606.0375733835866, 0.029659695264353005
2021_8_23_14_41,-1.9117599947769295,-1.1906514190068314,1.4201953979214936,-1.8211456415310907,0.5127122288994309,0.04986977271851949,0.04999469772227047, -606.0375731441824, 0.02965969532936401
2021_8_23_14_41,-1.911759966289486,-1.19065143674892,1.4201953979214936,-1.8211456415310907,0.5127122288994309,0.04986977271851949,0.04999469772227047, -606.0375692091155, 0.029659696022681162
2021_8_23_14_42,-1.911759966289486,-1.1906514190068314,1.4201954190840542,-1.8211456415310907,0.5127122288994309,0.04986977271851949,0.04999469772227047, -606.0375707264792, 0.029659695305618735
2021_8_23_14_43,-1.911759966289486,-1.1906514190068314,1.4201953979214936,-1.8211456686682754,0.5127122288994309,0.04986977271851949,0.04999469772227047, -606.0375731899696, 0.029659695264353005
2021_8_23_14_43,-1.911759966289486,-1.1906514190068314,1.4201953979214936,-1.8211456415310907,0.5127122438005921,0.04986977271851949,0.04999469772227047, -606.0375736453028, 0.029659695264353005
2021_8_23_14_44,-1.911759966289486,-1.1906514190068314,1.4201953979214936,-1.8211456415310907,0.5127122288994309,0.04986978761968068,0.04999469772227047, -606.037536679006, 0.029659695264353005
2021_8_23_14_45,-1.911759966289486,-1.1906514190068314,1.4201953979214936,-1.8211456415310907,0.5127122288994309,0.04986977271851949,0.049994712623431664, -606.0375573598051, 0.029659695264353005
2021_8_23_14_46,-1.911759966289486,-1.1906514190068316,1.4201953979214936,-1.8211456415310907,0.512712228899431,0.04986977271851949,0.04999469772227046, -606.0375733843714, 0.02965969526421362
2021_8_23_14_46,-1.9117599947769295,-1.1906514190068316,1.4201953979214936,-1.8211456415310907,0.512712228899431,0.04986977271851949,0.04999469772227046, -606.0375731333406, 0.02965969533120998
2021_8_23_14_47,-1.911759966289486,-1.1906514367489203,1.4201953979214936,-1.8211456415310907,0.512712228899431,0.04986977271851949,0.04999469772227046, -606.0375692181995, 0.029659696021152298
2021_8_23_14_48,-1.911759966289486,-1.1906514190068316,1.4201954190840542,-1.8211456415310907,0.512712228899431,0.04986977271851949,0.04999469772227046, -606.0375707348395, 0.029659695304224343
2021_8_23_14_48,-1.911759966289486,-1.1906514190068316,1.4201953979214936,-1.8211456686682754,0.512712228899431,0.04986977271851949,0.04999469772227046, -606.0375731907544, 0.02965969526421362
2021_8_23_14_49,-1.911759966289486,-1.1906514190068316,1.4201953979214936,-1.8211456415310907,0.5127122438005922,0.04986977271851949,0.04999469772227046, -606.0375736460874, 0.02965969526421362
2021_8_23_14_50,-1.911759966289486,-1.1906514190068316,1.4201953979214936,-1.8211456415310907,0.512712228899431,0.04986978761968068,0.04999469772227046, -606.037536679791, 0.02965969526421362
2021_8_23_14_51,-1.911759966289486,-1.1906514190068316,1.4201953979214936,-1.8211456415310907,0.512712228899431,0.04986977271851949,0.04999471262343166, -606.0375573605894, 0.02965969526421362
2021_8_23_14_51,-1.892743988516722,-1.0118437139616068,1.5255881695751612,-1.827811305980901,0.46767081177517517,0.049871095853860015,0.049994713070019965, -616.6790150809082, 0.024931108234333123
2021_8_23_14_52,-1.8927440167208054,-1.0118437139616068,1.5255881695751612,-1.827811305980901,0.46767081177517517,0.049871095853860015,0.049994713070019965, -616.6790151671294, 0.024931108247625483
2021_8_23_14_53,-1.892743988516722,-1.011843729039253,1.5255881695751612,-1.827811305980901,0.46767081177517517,0.049871095853860015,0.049994713070019965, -616.679014138038, 0.02493110847409252
2021_8_23_14_53,-1.892743988516722,-1.0118437139616068,1.5255881923081964,-1.827811305980901,0.46767081177517517,0.049871095853860015,0.049994713070019965, -616.6790125225068, 0.024931108263619797
2021_8_23_14_54,-1.892743988516722,-1.0118437139616068,1.5255881695751612,-1.8278113332174117,0.46767081177517517,0.049871095853860015,0.049994713070019965, -616.6790149077492, 0.024931108234333123
2021_8_23_14_55,-1.892743988516722,-1.0118437139616068,1.5255881695751612,-1.827811305980901,0.46767082667633636,0.049871095853860015,0.049994713070019965, -616.6790153327809, 0.024931108234333123
2021_8_23_14_56,-1.892743988516722,-1.0118437139616068,1.5255881695751612,-1.827811305980901,0.46767081177517517,0.04987111075502121,0.049994713070019965, -616.6789802903918, 0.024931108234333123
2021_8_23_14_56,-1.892743988516722,-1.0118437139616068,1.5255881695751612,-1.827811305980901,0.46767081177517517,0.049871095853860015,0.04999472797118116, -616.6789829818791, 0.024931108234333123
2021_8_23_14_57,-1.8937418835811033,-1.0210566302143833,1.520088207848385,-1.8274526264149673,0.4700088917769584,0.04987091031315858,0.04999471094509013, -616.7412341391387, 0.02507529167544996
2021_8_23_14_58,-1.8937419118000565,-1.0210566302143833,1.520088207848385,-1.8274526264149673,0.4700088917769584,0.04987091031315858,0.04999471094509013, -616.7412342029137, 0.025075291691528095
2021_8_23_14_58,-1.8937418835811033,-1.0210566454293128,1.520088207848385,-1.8274526264149673,0.4700088917769584,0.04987091031315858,0.04999471094509013, -616.7412331005901, 0.02507529193136876
2021_8_23_14_59,-1.8937418835811033,-1.0210566302143833,1.5200882304994645,-1.8274526264149673,0.4700088917769584,0.04987091031315858,0.04999471094509013, -616.7412315881987, 0.025075291704139142
2021_8_23_15_0,-1.8937418835811033,-1.0210566302143833,1.520088207848385,-1.8274526536461335,0.4700088917769584,0.04987091031315858,0.04999471094509013, -616.7412339649849, 0.02507529167544996
2021_8_23_15_1,-1.8937418835811033,-1.0210566302143833,1.520088207848385,-1.8274526264149673,0.4700089066781196,0.04987091031315858,0.04999471094509013, -616.7412343914447, 0.02507529167544996
2021_8_23_15_1,-1.8937418835811033,-1.0210566302143833,1.520088207848385,-1.8274526264149673,0.4700088917769584,0.049870925214319774,0.04999471094509013, -616.7411992443577, 0.02507529167544996
