	start time: 2021-08-10 23:30:18.542028
2021_8_10_23_30,-0.75,0.009999999999999995,1.54,-3.76,0.55,0.0015990000000000002,0.001101, -459.89909833184527, 0.003384294176819988
2021_8_10_23_30,-0.7499999850988388,0.009999999999999995,1.54,-3.76,0.55,0.0015990000000000002,0.001101, -459.8991370174956, 0.003384294093630143
2021_8_10_23_30,-0.75,0.010000014901161189,1.54,-3.76,0.55,0.0015990000000000002,0.001101, -459.89923713164615, 0.0033842938858997316
2021_8_10_23_31,-0.75,0.009999999999999995,1.5400000149011612,-3.76,0.55,0.0015990000000000002,0.001101, -459.89911726239114, 0.0033842941309505455
2021_8_10_23_31,-0.75,0.009999999999999995,1.54,-3.7599999850988386,0.55,0.0015990000000000002,0.001101, -459.89909836942866, 0.003384294176819988
2021_8_10_23_31,-0.75,0.009999999999999995,1.54,-3.76,0.5500000149011612,0.0015990000000000002,0.001101, -459.89909856238927, 0.003384294176819988
2021_8_10_23_31,-0.75,0.009999999999999995,1.54,-3.76,0.55,0.001599014901161194,0.001101, -459.903099423116, 0.003384294176819988
2021_8_10_23_31,-0.75,0.009999999999999995,1.54,-3.76,0.55,0.0015990000000000002,0.0011010149011611938, -459.9158733184456, 0.003384294176819988
2021_8_10_23_32,6.895340021727407,0.12374932376565993,4.948821211394979,-1.237821350097656,9.999756757596733,1.0000000000000026e-05,1.0000000000000026e-05, 5505022156833783.0, 65.71574965919771
2021_8_10_23_32,0.014534002172740701,0.02137493237656599,1.880882121139498,-3.5077821350097653,1.4949756757596733,0.0014401000000000001,0.0009919, -708.7882944108745, 0.002784594150368783
2021_8_10_23_32,0.014534017073901895,0.02137493237656599,1.880882121139498,-3.5077821350097653,1.4949756757596733,0.0014401000000000001,0.0009919, -708.7882507818867, 0.0027845942272678175
2021_8_10_23_32,0.014534002172740701,0.021374947277727183,1.880882121139498,-3.5077821350097653,1.4949756757596733,0.0014401000000000001,0.0009919, -708.7881150719669, 0.0027845944544867447
2021_8_10_23_32,0.014534002172740701,0.02137493237656599,1.8808821360406591,-3.5077821350097653,1.4949756757596733,0.0014401000000000001,0.0009919, -708.7882914957802, 0.0027845941579742405
2021_8_10_23_32,0.014534002172740701,0.02137493237656599,1.880882121139498,-3.507782120108604,1.4949756757596733,0.0014401000000000001,0.0009919, -708.7882941859648, 0.002784594150368783
2021_8_10_23_33,0.014534002172740701,0.02137493237656599,1.880882121139498,-3.5077821350097653,1.4949756906608345,0.0014401000000000001,0.0009919, -708.78829278506, 0.002784594150368783
2021_8_10_23_33,0.014534002172740701,0.02137493237656599,1.880882121139498,-3.5077821350097653,1.4949756757596733,0.001440114901161194,0.0009919, -708.7944896791447, 0.002784594150368783
2021_8_10_23_33,0.014534002172740701,0.02137493237656599,1.880882121139498,-3.5077821350097653,1.4949756757596733,0.0014401000000000001,0.0009919149011611938, -708.7955566770876, 0.002784594150368783
2021_8_10_23_33,-6.942076406479782,-1.7616016588281491,0.003938475438436617,-6.99977016006261,0.0022319706596620748,1.0000000000000026e-05,1.0000000000000026e-05, 1112940317912.33, 1.289098778022766
2021_8_10_23_33,-0.6811270386925117,-0.15692272674390553,1.6931877565693918,-3.8569809375150497,1.3457013052496722,0.00129709,0.00089371, 1956.0454301929283, 0.005491880146115189
2021_8_10_23_34,-0.1969555062787345,-0.03282974787768035,1.8238207269112525,-3.6139428638064084,1.4495944320374472,0.0013966232019231278,0.0009620490329126068, -1135.3268870236595, 0.0015235359986136728
2021_8_10_23_34,-0.19695549137757332,-0.03282974787768035,1.8238207269112525,-3.6139428638064084,1.4495944320374472,0.0013966232019231278,0.0009620490329126068, -1135.3268926942528, 0.001523535994312673
2021_8_10_23_34,-0.1969555062787345,-0.03282973297651916,1.8238207269112525,-3.6139428638064084,1.4495944320374472,0.0013966232019231278,0.0009620490329126068, -1135.326919309528, 0.001523535947333872
2021_8_10_23_34,-0.1969555062787345,-0.03282974787768035,1.8238207418124137,-3.6139428638064084,1.4495944320374472,0.0013966232019231278,0.0009620490329126068, -1135.3268829171348, 0.0015235360093459338
2021_8_10_23_34,-0.1969555062787345,-0.03282974787768035,1.8238207269112525,-3.613942848905247,1.4495944320374472,0.0013966232019231278,0.0009620490329126068, -1135.3268868469818, 0.0015235359986136728
2021_8_10_23_35,-0.1969555062787345,-0.03282974787768035,1.8238207269112525,-3.6139428638064084,1.4495944469386084,0.0013966232019231278,0.0009620490329126068, -1135.3268859391524, 0.0015235359986136728
2021_8_10_23_35,-0.1969555062787345,-0.03282974787768035,1.8238207269112525,-3.6139428638064084,1.4495944320374472,0.0013966381030843216,0.0009620490329126068, -1135.327730907561, 0.0015235359986136728
2021_8_10_23_35,-0.1969555062787345,-0.03282974787768035,1.8238207269112525,-3.6139428638064084,1.4495944320374472,0.0013966232019231278,0.0009620639340738006, -1135.3301192689541, 0.0015235359986136728
2021_8_10_23_35,7.0,0.5,5.0,10.0,10.0,0.05,0.05, 46333.03822518098, 1.1556203348805292
2021_8_10_23_35,0.694146428587513,0.033143373517035515,2.217084169107367,-1.9283119304884515,2.508275834035193,0.007414523836158643,0.007033757125386585, 73839.44831605534, 0.2097268502318001
2021_8_10_23_35,-0.10784531279210977,-0.026232435738208763,1.863147071130864,-3.4453797704746125,1.5554625722372217,0.0019984132653466796,0.0015692198421600047, -1178.993583711568, 0.0016457151983508631
2021_8_10_23_36,-0.10784529789094857,-0.026232435738208763,1.863147071130864,-3.4453797704746125,1.5554625722372217,0.0019984132653466796,0.0015692198421600047, -1178.9935792805481, 0.001645715227368341
2021_8_10_23_36,-0.10784531279210977,-0.02623242083704757,1.863147071130864,-3.4453797704746125,1.5554625722372217,0.0019984132653466796,0.0015692198421600047, -1178.993570730001, 0.0016457152743825747
2021_8_10_23_36,-0.10784531279210977,-0.026232435738208763,1.8631470860320252,-3.4453797704746125,1.5554625722372217,0.0019984132653466796,0.0015692198421600047, -1178.993580218748, 0.0016457152147114542
2021_8_10_23_36,-0.10784531279210977,-0.026232435738208763,1.863147071130864,-3.4453797555734513,1.5554625722372217,0.0019984132653466796,0.0015692198421600047, -1178.9935835028825, 0.0016457151983508631
2021_8_10_23_36,-0.10784531279210977,-0.026232435738208763,1.863147071130864,-3.4453797704746125,1.555462587138383,0.0019984132653466796,0.0015692198421600047, -1178.9935823627015, 0.0016457151983508631
2021_8_10_23_37,-0.10784531279210977,-0.026232435738208763,1.863147071130864,-3.4453797704746125,1.5554625722372217,0.0019984281665078735,0.0015692198421600047, -1178.9939761638584, 0.0016457151983508631
2021_8_10_23_37,-0.10784531279210977,-0.026232435738208763,1.863147071130864,-3.4453797704746125,1.5554625722372217,0.0019984132653466796,0.0015692347433211985, -1178.9933201981019, 0.0016457151983508631
2021_8_10_23_37,-2.1842091007495976,0.4935192435977275,0.021629426458040335,-6.876492800886038,0.08248154011514952,0.0066444446583333715,1.0000000000000026e-05, 9303477.505362255, 0.0054716427946671755
2021_8_10_23_37,-0.31548169158785855,0.025742732195384865,1.6789953066635817,-3.788491073515755,1.4081644690250146,0.0024630164046453486,0.0014132978579440042, -1231.105555116333, 0.0013537414872873267
2021_8_10_23_37,-0.31548167668669735,0.025742732195384865,1.6789953066635817,-3.788491073515755,1.4081644690250146,0.0024630164046453486,0.0014132978579440042, -1231.1055539190804, 0.0013537415052226694
2021_8_10_23_37,-0.31548169158785855,0.02574274709654606,1.6789953066635817,-3.788491073515755,1.4081644690250146,0.0024630164046453486,0.0014132978579440042, -1231.1055515411329, 0.0013537415322242147
2021_8_10_23_38,-0.31548169158785855,0.025742732195384865,1.6789953215647428,-3.788491073515755,1.4081644690250146,0.0024630164046453486,0.0014132978579440042, -1231.1055530401604, 0.0013537414984880927
2021_8_10_23_38,-0.31548169158785855,0.025742732195384865,1.6789953066635817,-3.7884910586145937,1.4081644690250146,0.0024630164046453486,0.0014132978579440042, -1231.1055549222174, 0.0013537414872873267
2021_8_10_23_38,-0.31548169158785855,0.025742732195384865,1.6789953066635817,-3.788491073515755,1.4081644839261758,0.0024630164046453486,0.0014132978579440042, -1231.1055539080426, 0.0013537414872873267
2021_8_10_23_38,-0.31548169158785855,0.025742732195384865,1.6789953066635817,-3.788491073515755,1.4081644690250146,0.0024630313058065425,0.0014132978579440042, -1231.1053823594962, 0.0013537414872873267
2021_8_10_23_38,-0.31548169158785855,0.025742732195384865,1.6789953066635817,-3.788491073515755,1.4081644690250146,0.0024630164046453486,0.001413312759105198, -1231.1053181803381, 0.0013537414872873267
2021_8_10_23_39,0.31407421326239104,-0.16962366383935723,9.999999999998899e-05,-7.0,9.999999999998899e-05,1.0000000000000026e-05,0.0025585455751204167, 18707506056.477043, 0.005644604643045423
2021_8_10_23_39,-0.2525261011028336,0.006206092591910656,1.5111057759972235,-4.10964196616418,1.2673580221225131,0.0022177147641808137,0.0015278226296616456, -1244.4042494023952, 0.001314021389581951
2021_8_10_23_39,-0.2525260862016724,0.006206092591910656,1.5111057759972235,-4.10964196616418,1.2673580221225131,0.0022177147641808137,0.0015278226296616456, -1244.4042504118208, 0.0013140213781646305
2021_8_10_23_39,-0.2525261011028336,0.00620610749307185,1.5111057759972235,-4.10964196616418,1.2673580221225131,0.0022177147641808137,0.0015278226296616456, -1244.4042541410033, 0.0013140213261813925
2021_8_10_23_39,-0.2525261011028336,0.006206092591910656,1.5111057908983847,-4.10964196616418,1.2673580221225131,0.0022177147641808137,0.0015278226296616456, -1244.4042480581015, 0.0013140213886688918
2021_8_10_23_39,-0.2525261011028336,0.006206092591910656,1.5111057759972235,-4.1096419512630185,1.2673580221225131,0.0022177147641808137,0.0015278226296616456, -1244.404249240925, 0.001314021389581951
2021_8_10_23_40,-0.2525261011028336,0.006206092591910656,1.5111057759972235,-4.10964196616418,1.2673580370236743,0.0022177147641808137,0.0015278226296616456, -1244.4042484621725, 0.001314021389581951
2021_8_10_23_40,-0.2525261011028336,0.006206092591910656,1.5111057759972235,-4.10964196616418,1.2673580221225131,0.0022177296653420075,0.0015278226296616456, -1244.4040320505803, 0.001314021389581951
2021_8_10_23_40,-0.2525261011028336,0.006206092591910656,1.5111057759972235,-4.10964196616418,1.2673580221225131,0.0022177147641808137,0.0015278375308228394, -1244.404178066883, 0.001314021389581951
2021_8_10_23_40,-0.049620044882848574,0.12600344114280915,0.0006818189784687512,-6.999025155900482,0.00048021261871111776,0.0005995183677940401,1.086646581057219e-05, 459572707.1496477, 0.0023731636945067617
2021_8_10_23_40,-0.23223549548083508,0.018185827447000508,1.360063380295348,-4.39858028513781,1.140670241172133,0.0020558951245421364,0.0013761270132765383, -1266.8436651761215, 0.001271397436481736
2021_8_10_23_41,-0.2322354805796739,0.018185827447000508,1.360063380295348,-4.39858028513781,1.140670241172133,0.0020558951245421364,0.0013761270132765383, -1266.8436663007062, 0.0012713974271307234
2021_8_10_23_41,-0.23223549548083508,0.0181858423481617,1.360063380295348,-4.39858028513781,1.140670241172133,0.0020558951245421364,0.0013761270132765383, -1266.8436703179714, 0.001271397380804589
2021_8_10_23_41,-0.23223549548083508,0.018185827447000508,1.360063395196509,-4.39858028513781,1.140670241172133,0.0020558951245421364,0.0013761270132765383, -1266.8436640561813, 0.001271397433695617
2021_8_10_23_41,-0.23223549548083508,0.018185827447000508,1.360063380295348,-4.398580270236649,1.140670241172133,0.0020558951245421364,0.0013761270132765383, -1266.8436650449557, 0.001271397436481736
2021_8_10_23_41,-0.23223549548083508,0.018185827447000508,1.360063380295348,-4.39858028513781,1.1406702560732942,0.0020558951245421364,0.0013761270132765383, -1266.8436644310189, 0.001271397436481736
2021_8_10_23_41,-0.23223549548083508,0.018185827447000508,1.360063380295348,-4.39858028513781,1.140670241172133,0.0020559100257033303,0.0013761270132765383, -1266.8434988659176, 0.001271397436481736
2021_8_10_23_42,-0.23223549548083508,0.018185827447000508,1.360063380295348,-4.39858028513781,1.140670241172133,0.0020558951245421364,0.0013761419144377321, -1266.843601933699, 0.001271397436481736
2021_8_10_23_42,-0.4832760081952482,0.22346876676638952,0.013952998332245725,-6.982608195001884,1.2001729810230526,0.0027833565971752496,2.9354423687053205e-05, 515627.0865265841, 0.0014184890031812075
2021_8_10_23_42,-0.2573395467522764,0.03871412137893941,1.2254523420990378,-4.6569830761242175,1.146620515157225,0.0021286412718054476,0.0012414497543175897, -1274.673895998256, 0.0012460346469785894
2021_8_10_23_42,-0.2573395318511152,0.03871412137893941,1.2254523420990378,-4.6569830761242175,1.146620515157225,0.0021286412718054476,0.0012414497543175897, -1274.6738981694205, 0.0012460346328595684
2021_8_10_23_42,-0.2573395467522764,0.038714136280100606,1.2254523420990378,-4.6569830761242175,1.146620515157225,0.0021286412718054476,0.0012414497543175897, -1274.6739045381066, 0.0012460345743355037
2021_8_10_23_43,-0.2573395467522764,0.03871412137893941,1.225452357000199,-4.6569830761242175,1.146620515157225,0.0021286412718054476,0.0012414497543175897, -1274.6738955375877, 0.0012460346402129363
2021_8_10_23_43,-0.2573395467522764,0.03871412137893941,1.2254523420990378,-4.656983061223056,1.146620515157225,0.0021286412718054476,0.0012414497543175897, -1274.6738958613896, 0.0012460346469785894
2021_8_10_23_43,-0.2573395467522764,0.03871412137893941,1.2254523420990378,-4.6569830761242175,1.1466205300583863,0.0021286412718054476,0.0012414497543175897, -1274.6738952265132, 0.0012460346469785894
2021_8_10_23_43,-0.2573395467522764,0.03871412137893941,1.2254523420990378,-4.6569830761242175,1.146620515157225,0.0021286561729666415,0.0012414497543175897, -1274.6736998825227, 0.0012460346469785894
2021_8_10_23_43,-0.2573395467522764,0.03871412137893941,1.2254523420990378,-4.6569830761242175,1.146620515157225,0.0021286412718054476,0.0012414646554787835, -1274.6739482134194, 0.0012460346469785894
2021_8_10_23_43,0.8558968318128874,-0.10001513878739145,0.0017921901060271583,-6.9959710917393,0.0016898594571226333,1.0000000000000026e-05,0.0004907516180740906, 63347365.170994334, 0.005946760338538199
2021_8_10_23_44,-0.14601590889576,0.024841195362306327,1.1030863268997366,-4.890881877685726,1.0321274495872148,0.001916777144624903,0.0011663799406932398, -1283.7626964501096, 0.0012827054109599166
2021_8_10_23_44,-0.1460158939945988,0.024841195362306327,1.1030863268997366,-4.890881877685726,1.0321274495872148,0.001916777144624903,0.0011663799406932398, -1283.7626967966578, 0.0012827054076120998
2021_8_10_23_44,-0.14601590889576,0.02484121026346752,1.1030863268997366,-4.890881877685726,1.0321274495872148,0.001916777144624903,0.0011663799406932398, -1283.7626999132074, 0.001282705369937043
2021_8_10_23_44,-0.14601590889576,0.024841195362306327,1.1030863418008978,-4.890881877685726,1.0321274495872148,0.001916777144624903,0.0011663799406932398, -1283.7626957685445, 0.0012827054055539497
2021_8_10_23_44,-0.14601590889576,0.024841195362306327,1.1030863268997366,-4.890881862784565,1.0321274495872148,0.001916777144624903,0.0011663799406932398, -1283.7626963685364, 0.0012827054109599166
2021_8_10_23_45,-0.14601590889576,0.024841195362306327,1.1030863268997366,-4.890881877685726,1.032127464488376,0.001916777144624903,0.0011663799406932398, -1283.7626960014468, 0.0012827054109599166
2021_8_10_23_45,-0.14601590889576,0.024841195362306327,1.1030863268997366,-4.890881877685726,1.0321274495872148,0.0019167920457860968,0.0011663799406932398, -1283.7626581407533, 0.0012827054109599166
2021_8_10_23_45,-0.14601590889576,0.024841195362306327,1.1030863268997366,-4.890881877685726,1.0321274495872148,0.001916777144624903,0.0011663948418544337, -1283.7627878276417, 0.0012827054109599166
2021_8_10_23_45,-1.8367641925087004,0.5,1.0519322984463366,-7.0,9.999999999998899e-05,1.0000000000000026e-05,0.0008846755398182125, 755334057.4822857, 0.032468056371037425
2021_8_10_23_45,-0.31509073725705405,0.0723570758260757,1.0979709240543967,-5.101793689917153,0.9289247046284933,0.0017260994301624127,0.001138209500605737, -1297.9734670883195, 0.001203424172489198
2021_8_10_23_45,-0.31509072235589286,0.0723570758260757,1.0979709240543967,-5.101793689917153,0.9289247046284933,0.0017260994301624127,0.001138209500605737, -1297.9734679154385, 0.0012034241651558458
2021_8_10_23_46,-0.31509073725705405,0.0723570907272369,1.0979709240543967,-5.101793689917153,0.9289247046284933,0.0017260994301624127,0.001138209500605737, -1297.9734709758125, 0.0012034241250460681
2021_8_10_23_46,-0.31509073725705405,0.0723570758260757,1.0979709389555579,-5.101793689917153,0.9289247046284933,0.0017260994301624127,0.001138209500605737, -1297.9734665114288, 0.0012034241672556996
2021_8_10_23_46,-0.31509073725705405,0.0723570758260757,1.0979709240543967,-5.101793675015992,0.9289247046284933,0.0017260994301624127,0.001138209500605737, -1297.9734670666528, 0.001203424172489198
2021_8_10_23_46,-0.31509073725705405,0.0723570758260757,1.0979709240543967,-5.101793689917153,0.9289247195296545,0.0017260994301624127,0.001138209500605737, -1297.9734669679822, 0.001203424172489198
2021_8_10_23_46,-0.31509073725705405,0.0723570758260757,1.0979709240543967,-5.101793689917153,0.9289247046284933,0.0017261143313236065,0.001138209500605737, -1297.973473063121, 0.001203424172489198
2021_8_10_23_47,-0.31509073725705405,0.0723570758260757,1.0979709240543967,-5.101793689917153,0.9289247046284933,0.0017260994301624127,0.0011382244017669309, -1297.973506124332, 0.001203424172489198
2021_8_10_23_47,-0.06365171756646859,0.1460320116112899,0.0002634827390752825,-6.04984596187085,0.13705710689175754,0.005596784153398871,1.0989754068222455e-05, 2042393192.1011121, 0.002963368243551579
2021_8_10_23_47,-0.28994683528799553,0.07972456940459711,0.9882001799228646,-5.196598917112523,0.8497379448548197,0.0021131679024860585,0.0010254875259519856, -1295.7839805232693, 0.0012131217673074972
2021_8_10_23_47,-0.3051670101397298,0.07526485823398743,1.0546469041163833,-5.139211160170598,0.897671488788483,0.0018788665662969027,0.0010937206969997447, -1298.4846162235715, 0.0012055560271908964
2021_8_10_23_47,-0.3051669952385686,0.07526485823398743,1.0546469041163833,-5.139211160170598,0.897671488788483,0.0018788665662969027,0.0010937206969997447, -1298.4846167148992, 0.0012055560225115642
2021_8_10_23_47,-0.3051670101397298,0.07526487313514862,1.0546469041163833,-5.139211160170598,0.897671488788483,0.0018788665662969027,0.0010937206969997447, -1298.4846187576513, 0.0012055559879086898
2021_8_10_23_48,-0.3051670101397298,0.07526485823398743,1.0546469190175445,-5.139211160170598,0.897671488788483,0.0018788665662969027,0.0010937206969997447, -1298.4846156622953, 0.0012055560223875785
2021_8_10_23_48,-0.3051670101397298,0.07526485823398743,1.0546469041163833,-5.139211145269437,0.897671488788483,0.0018788665662969027,0.0010937206969997447, -1298.484616222541, 0.0012055560271908964
2021_8_10_23_48,-0.3051670101397298,0.07526485823398743,1.0546469041163833,-5.139211160170598,0.8976715036896442,0.0018788665662969027,0.0010937206969997447, -1298.484616217918, 0.0012055560271908964
2021_8_10_23_48,-0.3051670101397298,0.07526485823398743,1.0546469041163833,-5.139211160170598,0.897671488788483,0.0018788814674580965,0.0010937206969997447, -1298.4845263017107, 0.0012055560271908964
2021_8_10_23_48,-0.3051670101397298,0.07526485823398743,1.0546469041163833,-5.139211160170598,0.897671488788483,0.0018788665662969027,0.0010937355981609385, -1298.4847174623192, 0.0012055560271908964
2021_8_10_23_49,-0.5329505791220215,0.23396954898905986,0.0034002939164181623,-0.6435494470653236,0.727103860489062,0.00015671754632099215,1.005690329383517e-05, 11343379.318851931, 0.0013483460506129377
2021_8_10_23_49,-0.32794536703795896,0.09113532730949467,0.9495222430963868,-4.689644988860071,0.880614725958541,0.0017066516642993117,0.0009853543176291538, -1296.4599954200935, 0.0012104437958804608
2021_8_10_23_49,-0.31374775756457574,0.08124336174322619,1.0150457964348514,-4.969856812795764,0.8912461011109104,0.001813992151367053,0.00105289841403708, -1298.9473148780587, 0.0012061529705045366
2021_8_10_23_49,-0.31374774266341454,0.08124336174322619,1.0150457964348514,-4.969856812795764,0.8912461011109104,0.001813992151367053,0.00105289841403708, -1298.9473157957423, 0.0012061529627585318
2021_8_10_23_49,-0.31374775756457574,0.08124337664438738,1.0150457964348514,-4.969856812795764,0.8912461011109104,0.001813992151367053,0.00105289841403708, -1298.9473189701564, 0.0012061529199983536
2021_8_10_23_49,-0.31374775756457574,0.08124336174322619,1.0150458113360126,-4.969856812795764,0.8912461011109104,0.001813992151367053,0.00105289841403708, -1298.9473146581354, 0.0012061529640353605
2021_8_10_23_50,-0.31374775756457574,0.08124336174322619,1.0150457964348514,-4.969856797894603,0.8912461011109104,0.001813992151367053,0.00105289841403708, -1298.947314865692, 0.0012061529705045366
2021_8_10_23_50,-0.31374775756457574,0.08124336174322619,1.0150457964348514,-4.969856812795764,0.8912461160120716,0.001813992151367053,0.00105289841403708, -1298.9473148054558, 0.0012061529705045366
2021_8_10_23_50,-0.31374775756457574,0.08124336174322619,1.0150457964348514,-4.969856812795764,0.8912461011109104,0.0018140070525282468,0.00105289841403708, -1298.9472670050618, 0.0012061529705045366
2021_8_10_23_50,-0.31374775756457574,0.08124336174322619,1.0150457964348514,-4.969856812795764,0.8912461011109104,0.001813992151367053,0.0010529133151982739, -1298.9475219394726, 0.0012061529705045366
2021_8_10_23_50,-0.904201024401737,0.2715190809296985,0.13900893982044893,-7.0,0.00010048423377306825,1.0007584996243098e-05,0.003173970928785642, 3596006.0748738134, 0.0020424345430046817
2021_8_10_23_51,-0.3727930842482919,0.10027093366187342,0.9274421107734111,-5.172871131516188,0.8021315394231967,0.001633593694729972,0.0012650056655119364, -1290.7992021414827, 0.0012353684809694287
2021_8_10_23_51,-0.3274023649108223,0.08564360877197619,0.9947868869330284,-5.016805165247807,0.8706377919182681,0.00177227386086723,0.0011019495650230813, -1298.2323631448166, 0.0012084662621394985
2021_8_10_23_51,-0.31848587773578185,0.08277023825285655,1.0080159972379077,-4.986147792837682,0.8840950609525164,0.0017995159918764774,0.0010699190607693007, -1298.6862742742114, 0.0012066521212652248
2021_8_10_23_51,-0.31536601875862114,0.08176485231635476,1.012644833430266,-4.975420846602887,0.8888037293754456,0.0018090479527617129,0.0010587116587647454, -1299.0083233885891, 0.0012062879023752927
2021_8_10_23_51,-0.31536600385745994,0.08176485231635476,1.012644833430266,-4.975420846602887,0.8888037293754456,0.0018090479527617129,0.0010587116587647454, -1299.0083243817871, 0.0012062878939412935
2021_8_10_23_51,-0.31536601875862114,0.08176486721751595,1.012644833430266,-4.975420846602887,0.8888037293754456,0.0018090479527617129,0.0010587116587647454, -1299.008327729949, 0.0012062878494739238
2021_8_10_23_52,-0.31536601875862114,0.08176485231635476,1.0126448483314272,-4.975420846602887,0.8888037293754456,0.0018090479527617129,0.0010587116587647454, -1299.0083232069137, 0.0012062878956177765
2021_8_10_23_52,-0.31536601875862114,0.08176485231635476,1.012644833430266,-4.975420831701726,0.8888037293754456,0.0018090479527617129,0.0010587116587647454, -1299.0083233783448, 0.0012062879023752927
2021_8_10_23_52,-0.31536601875862114,0.08176485231635476,1.012644833430266,-4.975420846602887,0.8888037442766068,0.0018090479527617129,0.0010587116587647454, -1299.008323327742, 0.0012062879023752927
2021_8_10_23_52,-0.31536601875862114,0.08176485231635476,1.012644833430266,-4.975420846602887,0.8888037293754456,0.0018090628539229067,0.0010587116587647454, -1299.008278554486, 0.0012062879023752927
2021_8_10_23_52,-0.31536601875862114,0.08176485231635476,1.012644833430266,-4.975420846602887,0.8888037293754456,0.0018090479527617129,0.0010587265599259392, -1299.0085169928077, 0.0012062879023752927
2021_8_10_23_53,-1.6423083419998805,0.5,0.9167231402013923,-0.29450744592828126,0.13459149326040487,1.0000000000000026e-05,0.0008869255008041749, 1393471426.170109, 0.04529104923577775
2021_8_10_23_53,-0.44806025108274705,0.12358836708471929,1.0030526641073787,-4.507329506535426,0.8133825057639416,0.0016291431574855415,0.0010415330429686884, -1305.7486674605805, 0.001153110079282058
2021_8_10_23_53,-0.44806023618158586,0.12358836708471929,1.0030526641073787,-4.507329506535426,0.8133825057639416,0.0016291431574855415,0.0010415330429686884, -1305.7486657358652, 0.00115311008165512
2021_8_10_23_53,-0.44806025108274705,0.12358838198588049,1.0030526641073787,-4.507329506535426,0.8133825057639416,0.0016291431574855415,0.0010415330429686884, -1305.7486600295322, 0.0011531100739042765
2021_8_10_23_53,-0.44806025108274705,0.12358836708471929,1.00305267900854,-4.507329506535426,0.8133825057639416,0.0016291431574855415,0.0010415330429686884, -1305.7486662810916, 0.001153110078428141
2021_8_10_23_53,-0.44806025108274705,0.12358836708471929,1.0030526641073787,-4.507329491634265,0.8133825057639416,0.0016291431574855415,0.0010415330429686884, -1305.748667434474, 0.001153110079282058
2021_8_10_23_54,-0.44806025108274705,0.12358836708471929,1.0030526641073787,-4.507329506535426,0.8133825206651027,0.0016291431574855415,0.0010415330429686884, -1305.7486673050876, 0.001153110079282058
2021_8_10_23_54,-0.44806025108274705,0.12358836708471929,1.0030526641073787,-4.507329506535426,0.8133825057639416,0.0016291580586467354,0.0010415330429686884, -1305.7487015215784, 0.001153110079282058
2021_8_10_23_54,-0.44806025108274705,0.12358836708471929,1.0030526641073787,-4.507329506535426,0.8133825057639416,0.0016291431574855415,0.0010415479441298822, -1305.7488174196412, 0.001153110079282058
2021_8_10_23_54,-0.17860315854214553,0.1477426212151981,9.999999999998899e-05,-4.643649936740371,1.0236670081536057,0.0033219107364811404,0.0013807022297412954, 5542741752.889883, 0.0017956665552598607
2021_8_10_23_54,-0.4211145418286869,0.12600379249776716,0.9027573976966408,-4.5209615495559206,0.8344109560029079,0.0017984199153851014,0.001075449961645949, -1302.2828146060697, 0.001167038696517946
2021_8_10_23_54,-0.44072016287760507,0.12424633586993661,0.9757319469174199,-4.511042914011299,0.8191107157032733,0.0016752546300895152,0.0010507721085427448, -1305.174627711102, 0.001156041675885234
2021_8_10_23_55,-0.4456265567690031,0.12380652453003209,0.9939941525180995,-4.508560731339008,0.8152817624986928,0.001644431969491375,0.0010445963660137899, -1305.4434990042596, 0.0011539899517444344
2021_8_10_23_55,-0.4473896390337277,0.12364848104832755,1.0005565630220263,-4.507668774365273,0.8139058518733163,0.0016333560372578293,0.0010423771511759033, -1305.535518097682, 0.0011533415385962444
2021_8_10_23_55,-0.4479508403632828,0.12359817471048123,1.0026454238616909,-4.507384858265848,0.8134678899654918,0.0016298304911049964,0.0010416707596804476, -1305.7093314172384, 0.0011531473066065806
2021_8_10_23_55,-0.4480438497539404,0.1235898373071593,1.0029916163306567,-4.507337804094707,0.8133953053723472,0.0016292461929536177,0.0010415536875369976, -1305.7511914726686, 0.0011531156607182342
2021_8_10_23_55,-0.4480438348527792,0.1235898373071593,1.0029916163306567,-4.507337804094707,0.8133953053723472,0.0016292461929536177,0.0010415536875369976, -1305.75118974802, 0.0011531156630889112
2021_8_10_23_56,-0.4480438497539404,0.1235898522083205,1.0029916163306567,-4.507337804094707,0.8133953053723472,0.0016292461929536177,0.0010415536875369976, -1305.7511840416792, 0.0011531156553300837
2021_8_10_23_56,-0.4480438497539404,0.1235898373071593,1.002991631231818,-4.507337804094707,0.8133953053723472,0.0016292461929536177,0.0010415536875369976, -1305.7511902934918, 0.0011531156598625892
2021_8_10_23_56,-0.4480438497539404,0.1235898373071593,1.0029916163306567,-4.507337789193546,0.8133953053723472,0.0016292461929536177,0.0010415536875369976, -1305.7511914465551, 0.0011531156607182342
2021_8_10_23_56,-0.4480438497539404,0.1235898373071593,1.0029916163306567,-4.507337804094707,0.8133953202735084,0.0016292461929536177,0.0010415536875369976, -1305.751191317138, 0.0011531156607182342
2021_8_10_23_56,-0.4480438497539404,0.1235898373071593,1.0029916163306567,-4.507337804094707,0.8133953053723472,0.0016292610941148116,0.0010415536875369976, -1305.7512254431654, 0.0011531156607182342
2021_8_10_23_56,-0.4480438497539404,0.1235898373071593,1.0029916163306567,-4.507337804094707,0.8133953053723472,0.0016292461929536177,0.0010415685886981914, -1305.7513413632355, 0.0011531156607182342
2021_8_10_23_57,2.2889899739019475,-0.778092920126381,1.4724210049182267,-6.999999999998842,0.00010000000007848175,0.0037278628285700513,0.0036990828817880872, -959.8442947857649, 0.003369492428469855
2021_8_10_23_57,-0.053545649545203466,-0.006372833191246818,1.0706521060631238,-4.866613872045912,0.6961722256155101,0.001931727104414537,0.0014245926091144747, -1265.7903578256453, 0.001387212023467914
2021_8_10_23_57,-0.3818293342586323,0.10177626438090759,1.0143480852408826,-4.567640463918911,0.7937200079264783,0.001680016074763893,0.0011058448214247517, -1303.657304610059, 0.001175735413862831
2021_8_10_23_57,-0.4275793955587276,0.11684806987680117,1.0065014802342769,-4.525975122673431,0.8073143996925842,0.001644937282936393,0.0010614236957181714, -1305.371455219311, 0.0011590903712215908
2021_8_10_23_57,-0.44053403698422167,0.12111582013298902,1.0042796262874307,-4.514177115405954,0.811163803731027,0.0016350043307861437,0.001048845357265883, -1305.6758346991296, 0.001155196888022436
2021_8_10_23_58,-0.4449043910954428,0.12255558054512133,1.0035300657081605,-4.510196961276472,0.8124624316291371,0.0016316533682360747,0.0010446019520366878, -1305.5341078107422, 0.0011539697624714782
2021_8_10_23_58,-0.44737612882010735,0.12336986470484397,1.0031061373230563,-4.507945908647451,0.8131968955843162,0.0016297581669919288,0.0010422020126910154, -1305.7290265883548, 0.0011532953138820299
2021_8_10_23_58,-0.44784132664573395,0.12352311851359771,1.003026351122035,-4.5075222452555215,0.8133351266885069,0.001629401477247259,0.001041750327807906, -1305.7341844200332, 0.0011531700493719772
2021_8_10_23_58,-0.4480055015447936,0.12357720395251559,1.0029981934420602,-4.507372728446169,0.8133839104022891,0.0016292755963862556,0.0010415909218175804, -1305.7531537832128, 0.0011531259538564245
2021_8_10_23_58,-0.44800548664363243,0.12357720395251559,1.0029981934420602,-4.507372728446169,0.8133839104022891,0.0016292755963862556,0.0010415909218175804, -1305.753152059493, 0.0011531259562233634
2021_8_10_23_58,-0.4480055015447936,0.12357721885367678,1.0029981934420602,-4.507372728446169,0.8133839104022891,0.0016292755963862556,0.0010415909218175804, -1305.7531463563282, 0.0011531259484520344
2021_8_10_23_59,-0.4480055015447936,0.12357720395251559,1.0029982083432214,-4.507372728446169,0.8133839104022891,0.0016292755963862556,0.0010415909218175804, -1305.7531526043654, 0.0011531259529989255
2021_8_10_23_59,-0.4480055015447936,0.12357720395251559,1.0029981934420602,-4.507372713545008,0.8133839104022891,0.0016292755963862556,0.0010415909218175804, -1305.7531537571138, 0.0011531259538564245
2021_8_10_23_59,-0.4480055015447936,0.12357720395251559,1.0029981934420602,-4.507372728446169,0.8133839253034503,0.0016292755963862556,0.0010415909218175804, -1305.7531536277681, 0.0011531259538564245
2021_8_10_23_59,-0.4480055015447936,0.12357720395251559,1.0029981934420602,-4.507372728446169,0.8133839104022891,0.0016292904975474495,0.0010415909218175804, -1305.7531877443776, 0.0011531259538564245
2021_8_10_23_59,-0.4480055015447936,0.12357720395251559,1.0029981934420602,-4.507372728446169,0.8133839104022891,0.0016292755963862556,0.0010416058229787742, -1305.7533035718695, 0.0011531259538564245
2021_8_11_0_0,-0.3334495792420653,0.10260996433210631,0.8663169097813379,-3.7111961195748093,0.711516270904671,0.001675060462964434,0.0011081993327692464, -1296.5281601542467, 0.0012137114187348525
2021_8_11_0_0,-0.4206156785763882,0.11856402811843243,0.9703182927672749,-4.317010362797855,0.7890278006878055,0.001640222558926476,0.0010575167032830881, -1304.5218243694537, 0.0011628173082095102
2021_8_11_0_0,-0.4394950145219122,0.12201952437464458,0.9928439886878845,-4.448223881651366,0.805816050037069,0.0016326770051045953,0.0010465393348338965, -1305.2529669922476, 0.0011558071710697814
2021_8_11_0_0,-0.44563675837541605,0.1231436514601329,1.0001719505857765,-4.490909695667311,0.8112775306500233,0.0016302223181950271,0.0010429682248438517, -1305.5227338161562, 0.0011538352707956628
2021_8_11_0_0,-0.4474945880790464,0.12348369115242389,1.0023886020134012,-4.50382182210795,0.8129295860190793,0.0016294797945140523,0.001041887991872128, -1305.6769633928268, 0.0011532765416690566
2021_8_11_0_0,-0.447920934403017,0.12356172557750013,1.002897292979987,-4.506784977251747,0.8133087099679626,0.0016293093955580952,0.0010416400932861457, -1305.7320411186586, 0.00115315079619559
2021_8_11_0_1,-0.44799585437781314,0.12357543822571883,1.0029866830186784,-4.507305679545184,0.8133753317613215,0.0016292794520948405,0.0010415965311518674, -1305.7538656893073, 0.0011531287892027585
2021_8_11_0_1,-0.44799583947665195,0.12357543822571883,1.0029866830186784,-4.507305679545184,0.8133753317613215,0.0016292794520948405,0.0010415965311518674, -1305.7538639657446, 0.0011531287915685837
2021_8_11_0_1,-0.44799585437781314,0.12357545312688002,1.0029866830186784,-4.507305679545184,0.8133753317613215,0.0016292794520948405,0.0010415965311518674, -1305.7538582631146, 0.0011531287837935223
2021_8_11_0_1,-0.44799585437781314,0.12357543822571883,1.0029866979198396,-4.507305679545184,0.8133753317613215,0.0016292794520948405,0.0010415965311518674, -1305.7538645105785, 0.0011531287883445956
2021_8_11_0_2,-0.44799585437781314,0.12357543822571883,1.0029866830186784,-4.507305664644023,0.8133753317613215,0.0016292794520948405,0.0010415965311518674, -1305.7538656632084, 0.0011531287892027585
2021_8_11_0_2,-0.44799585437781314,0.12357543822571883,1.0029866830186784,-4.507305679545184,0.8133753466624827,0.0016292794520948405,0.0010415965311518674, -1305.7538655338572, 0.0011531287892027585
2021_8_11_0_2,-0.44799585437781314,0.12357543822571883,1.0029866830186784,-4.507305679545184,0.8133753317613215,0.0016292943532560343,0.0010415965311518674, -1305.7538996528533, 0.0011531287892027585
2021_8_11_0_2,-0.44799585437781314,0.12357543822571883,1.0029866830186784,-4.507305679545184,0.8133753317613215,0.0016292794520948405,0.0010416114323130612, -1305.754015460316, 0.0011531287892027585
2021_8_11_0_2,-0.3217111571638184,0.10066518925419411,0.8614392179264702,-2.5099805029208078,0.36684793364082163,0.0017616902576731539,0.001098441541923271, -1296.0527959320113, 0.0012168389121690838
2021_8_11_0_2,-0.41588153820690776,0.1177493405649789,0.9669910307548218,-3.99938402606462,0.6998229983545757,0.0016629516433309692,0.0010560522703580036, -1304.7397983198332, 0.001164265209985996
2021_8_11_0_3,-0.43650306135743344,0.12149044491074162,0.9901048710909234,-4.325535082190548,0.7727382072502539,0.0016413297639358278,0.0010467698257588137, -1305.2725976433921, 0.0011567176312035586
2021_8_11_0_3,-0.444231875875844,0.1228925868074076,0.9987677900936515,-4.447774404639275,0.8000663595410553,0.0016332260223176811,0.0010432908251020298, -1305.5582015248124, 0.0011542435883855316
2021_8_11_0_3,-0.4468578817431119,0.12336899012108737,1.0017111750169978,-4.489307446633822,0.8093515983168456,0.0016304726281217944,0.0010421087710994164, -1305.6142637415032, 0.0011534600580642034
2021_8_11_0_3,-0.44777210215389446,0.12353484566564622,1.002735888102088,-4.503766803022392,0.8125841709906638,0.0016295140586059429,0.0010416972495909133, -1305.7154951682621, 0.0011531935053632192
2021_8_11_0_3,-0.44796041505349926,0.1235690089135272,1.0029469604978039,-4.506745169394261,0.813250022601731,0.0016293166105913572,0.0010416124835896275, -1305.729328524773, 0.0011531390292593951
2021_8_11_0_4,-0.44799231044538174,0.12357479529449966,1.002982710766591,-4.507249628530092,0.8133628008453624,0.0016292831679444921,0.0010415981263956434, -1305.726790703756, 0.001153129813404413
2021_8_11_0_4,-0.44799549998457,0.12357537393259692,1.0029862857934697,-4.507300074443675,0.8133740786697256,0.0016292798236798058,0.001041596690676245, -1305.7538938667883, 0.0011531288916847026
2021_8_11_0_4,-0.4479954850834088,0.12357537393259692,1.0029862857934697,-4.507300074443675,0.8133740786697256,0.0016292798236798058,0.001041596690676245, -1305.7538921432295, 0.0011531288940504955
2021_8_11_0_4,-0.44799549998457,0.12357538883375811,1.0029862857934697,-4.507300074443675,0.8133740786697256,0.0016292798236798058,0.001041596690676245, -1305.753886440615, 0.001153128886275333
2021_8_11_0_4,-0.44799549998457,0.12357537393259692,1.002986300694631,-4.507300074443675,0.8133740786697256,0.0016292798236798058,0.001041596690676245, -1305.7538926880613, 0.0011531288908265167
2021_8_11_0_4,-0.44799549998457,0.12357537393259692,1.0029862857934697,-4.507300059542514,0.8133740786697256,0.0016292798236798058,0.001041596690676245, -1305.7538938406892, 0.0011531288916847026
2021_8_11_0_5,-0.44799549998457,0.12357537393259692,1.0029862857934697,-4.507300074443675,0.8133740935708867,0.0016292798236798058,0.001041596690676245, -1305.7538937113386, 0.0011531288916847026
2021_8_11_0_5,-0.44799549998457,0.12357537393259692,1.0029862857934697,-4.507300074443675,0.8133740786697256,0.0016292947248409996,0.001041596690676245, -1305.7539278301886, 0.0011531288916847026
2021_8_11_0_5,-0.44799549998457,0.12357537393259692,1.0029862857934697,-4.507300074443675,0.8133740786697256,0.0016292798236798058,0.0010416115918374389, -1305.754043637256, 0.0011531288916847026
2021_8_11_0_5,-0.09988097403791496,0.06265143005096527,0.5992096182215566,-6.258723140449529,0.5847480201225417,0.0021378156431950536,0.0011777931979713966, -1153.1857449223016, 0.0014444145354646782
2021_8_11_0_5,-0.4131840473899045,0.11748297954443375,0.9626086190362784,-4.68244238104426,0.7905114728150071,0.0016801334056313305,0.00105521634140576, -1304.5781627430122, 0.0011653335704212247
2021_8_11_0_6,-0.43548850488152585,0.12138650960493463,0.9884794714331311,-4.5702248824514005,0.8051600433981377,0.0016475504057162887,0.0010464899339132515, -1305.3608419654477, 0.0011570546043810196
2021_8_11_0_6,-0.44341234690759507,0.12277327077386423,0.9976703045905582,-4.530358692845826,0.8103640686138173,0.0016359750269311646,0.0010433898058580535, -1305.5904408073197, 0.0011544928404590494
2021_8_11_0_6,-0.44637439962594344,0.12329166319973714,1.0011059778723168,-4.51545610456821,0.81230941242377,0.0016316479742105796,0.0010422309308195411, -1305.5770014338011, 0.001153602471685737
2021_8_11_0_6,-0.4476377118660584,0.12351275700158998,1.002571288763982,-4.50910016699023,0.8131390994280295,0.00162980249096456,0.0010417366718849018, -1305.728535058661, 0.001153232421205215
2021_8_11_0_6,-0.44789731198003907,0.12355818993126395,1.0028723979137346,-4.507794074903647,0.8133095931777413,0.0016294232595712409,0.0010416351058019542, -1305.7062037039575, 0.0011531572638949037
2021_8_11_0_6,-0.4479856811841169,0.12357365553246362,1.0029748970054961,-4.507349474489672,0.8133676301205272,0.0016292941672689492,0.001041600532188816, -1305.727384234846, 0.0011531317278136958
2021_8_11_0_7,-0.4479945181045247,0.12357520209258359,1.0029851469146724,-4.507305014448275,0.8133734338148058,0.0016292812580387202,0.001041597074827502, -1305.7539785340696, 0.0011531291755466657
2021_8_11_0_7,-0.4479945032033635,0.12357520209258359,1.0029851469146724,-4.507305014448275,0.8133734338148058,0.0016292812580387202,0.001041597074827502, -1305.7539768105212, 0.0011531291779123905
2021_8_11_0_7,-0.4479945181045247,0.12357521699374478,1.0029851469146724,-4.507305014448275,0.8133734338148058,0.0016292812580387202,0.001041597074827502, -1305.7539711079482, 0.001153129170136951
2021_8_11_0_7,-0.4479945181045247,0.12357520209258359,1.0029851618158336,-4.507305014448275,0.8133734338148058,0.0016292812580387202,0.001041597074827502, -1305.7539773553565, 0.0011531291746884336
2021_8_11_0_7,-0.4479945181045247,0.12357520209258359,1.0029851469146724,-4.507304999547114,0.8133734338148058,0.0016292812580387202,0.001041597074827502, -1305.7539785079719, 0.0011531291755466657
2021_8_11_0_8,-0.4479945181045247,0.12357520209258359,1.0029851469146724,-4.507305014448275,0.813373448715967,0.0016292812580387202,0.001041597074827502, -1305.7539783786253, 0.0011531291755466657
2021_8_11_0_8,-0.4479945181045247,0.12357520209258359,1.0029851469146724,-4.507305014448275,0.8133734338148058,0.001629296159199914,0.001041597074827502, -1305.7540124966602, 0.0011531291755466657
2021_8_11_0_8,-0.4479945181045247,0.12357520209258359,1.0029851469146724,-4.507305014448275,0.8133734338148058,0.0016292812580387202,0.001041611975988696, -1305.75412830319, 0.0011531291755466657
2021_8_11_0_8,-0.3773048703074363,0.10956768237937711,0.9093161656938873,-4.248093756513371,0.7788414375242881,0.0017079273483005613,0.0010964913924481677, -1300.0097855649444, 0.0011928948777329914
2021_8_11_0_8,-0.42876905202710786,0.11976557644770817,0.9775099906918603,-4.436807319218319,0.8039817655301581,0.0016506706380620955,0.0010565266843834647, -1304.814189656815, 0.0011604658966450666
2021_8_11_0_8,-0.441604654281186,0.12230901749187593,0.9945181074948447,-4.483874078076449,0.8102519759957227,0.0016363903301966926,0.001046559148132465, -1305.2770609130314, 0.0011552680834175937
2021_8_11_0_9,-0.446189577956718,0.12321754385705053,1.000593468499541,-4.500686495035741,0.8124917179139488,0.0016312893524373384,0.0010429987080347349, -1305.5531672755017, 0.001153696640784227
2021_8_11_0_9,-0.4475743639366836,0.12349194636883867,1.0024284117478726,-4.505764354765187,0.8131681878895893,0.0016297487024756025,0.0010419233471609746, -1305.6807940423757, 0.0011532587142628265
2021_8_11_0_9,-0.4479194167641518,0.12356032037314454,1.0028856321163921,-4.507029625993002,0.8133367467002425,0.0016293648123776908,0.0010416553950619444, -1305.7051044328052, 0.0011531522196808546
2021_8_11_0_9,-0.4479870079704874,0.12357371392063969,1.0029751954348445,-4.507277475602748,0.8133697651033495,0.0016292896134726172,0.0010416029068509463, -1305.7273503164893, 0.0011531314782295787
2021_8_11_0_9,-0.44799376709112093,0.1235750532753892,1.0029841517666895,-4.507302260563723,0.8133730669436601,0.0016292820935821099,0.0010415976580298465, -1305.726694485213, 0.0011531294058156711
2021_8_11_0_10,-0.4479944430031843,0.12357518721086415,1.0029850473998743,-4.50730473905982,0.8133733971276912,0.0016292813415930592,0.0010415971331477366, -1305.7266288984692, 0.0011531291985917235
2021_8_11_0_10,-0.44799451059439066,0.12357520060441164,1.0029851369631926,-4.507304986909429,0.8133734301460943,0.0016292812663941541,0.0010415970806595255, -1305.75397926195, 0.0011531291778524096
2021_8_11_0_10,-0.44799449569322947,0.12357520060441164,1.0029851369631926,-4.507304986909429,0.8133734301460943,0.0016292812663941541,0.0010415970806595255, -1305.7539775383998, 0.0011531291802181361
2021_8_11_0_10,-0.44799451059439066,0.12357521550557284,1.0029851369631926,-4.507304986909429,0.8133734301460943,0.0016292812663941541,0.0010415970806595255, -1305.7539718358273, 0.0011531291724426924
2021_8_11_0_10,-0.44799451059439066,0.12357520060441164,1.0029851518643538,-4.507304986909429,0.8133734301460943,0.0016292812663941541,0.0010415970806595255, -1305.7539780832317, 0.0011531291769941788
2021_8_11_0_10,-0.44799451059439066,0.12357520060441164,1.0029851369631926,-4.507304972008268,0.8133734301460943,0.0016292812663941541,0.0010415970806595255, -1305.753979235852, 0.0011531291778524096
2021_8_11_0_11,-0.44799451059439066,0.12357520060441164,1.0029851369631926,-4.507304986909429,0.8133734450472555,0.0016292812663941541,0.0010415970806595255, -1305.7539791065064, 0.0011531291778524096
2021_8_11_0_11,-0.44799451059439066,0.12357520060441164,1.0029851369631926,-4.507304986909429,0.8133734301460943,0.001629296167555348,0.0010415970806595255, -1305.7540132245344, 0.0011531291778524096
2021_8_11_0_11,-0.44799451059439066,0.12357520060441164,1.0029851369631926,-4.507304986909429,0.8133734301460943,0.0016292812663941541,0.0010416119818207194, -1305.75412903105, 0.0011531291778524096
2021_8_11_0_11,0.2554534421935919,-0.01370552185346434,0.00010000000117926788,-3.3993854840855766,0.807182162454442,0.002480508018409476,0.0016497849260721715, 2770291083.3003945, 0.00209717191776749
2021_8_11_0_11,-0.3776497153155924,0.10984712835862404,0.9026966232669913,-4.396513036627044,0.8127543033769291,0.0017144039415956864,0.0011024158652007902, -1299.328027308354, 0.0011960570838498294
2021_8_11_0_12,-0.42934163005532494,0.11993501527701873,0.9763922716630428,-4.477926992345412,0.8132092602509655,0.0016518527030641593,0.0010577240097106831, -1304.8438176772154, 0.0011605240175623752
2021_8_11_0_12,-0.44166318369151786,0.12233961646787592,0.9939587496903695,-4.497333246247387,0.8133177061375964,0.001636942664531884,0.001047071026603074, -1305.275982010614, 0.0011553069680881325
2021_8_11_0_12,-0.44616669899733497,0.12321849575429984,1.0003792795197401,-4.504426212285323,0.8133573429987191,0.0016314930606326492,0.00104317737212619, -1305.5368966540743, 0.0011537149179949593
2021_8_11_0_12,-0.44756972170960996,0.12349230132982615,1.0023795278954502,-4.506635951072213,0.8133696914449045,0.0016297952939938521,0.0010419643451253131, -1305.68386331145, 0.001153262280353683
2021_8_11_0_12,-0.44791282848441805,0.12355926000919848,1.0028686851720934,-4.507176338866157,0.8133727112360364,0.0016293801081021927,0.0010416677014727302, -1305.706252328645, 0.0011531546280411284
2021_8_11_0_12,-0.4479863423833934,0.12357360654489033,1.0029734917840827,-4.507292122105102,0.8133733582550885,0.001629291150564958,0.001041604142740846, -1305.7274658538213, 0.001153131720469329
2021_8_11_0_13,-0.44799369377329096,0.12357504119845951,1.0029839724452816,-4.507303700428997,0.8133734229569938,0.0016292822548112345,0.0010415977868676576, -1305.726706696284, 0.0011531294321049438
2021_8_11_0_13,-0.4479944289122807,0.12357518466381642,1.0029850205114015,-4.507304858261386,0.8133734294271843,0.0016292813652358622,0.0010415971512803387, -1305.7266307754626, 0.0011531292032927987
2021_8_11_0_13,-0.44799450242617966,0.12357519901035212,1.0029851253180135,-4.507304974044625,0.8133734300742033,0.0016292812762783249,0.001041597087721607, -1305.7539801044836, 0.0011531291803986215
2021_8_11_0_13,-0.44799448752501847,0.12357519901035212,1.0029851253180135,-4.507304974044625,0.8133734300742033,0.0016292812762783249,0.001041597087721607, -1305.7539783809352, 0.001153129182764342
2021_8_11_0_13,-0.44799450242617966,0.12357521391151331,1.0029851253180135,-4.507304974044625,0.8133734300742033,0.0016292812762783249,0.001041597087721607, -1305.7539726783639, 0.0011531291749888948
2021_8_11_0_14,-0.44799450242617966,0.12357519901035212,1.0029851402191747,-4.507304974044625,0.8133734300742033,0.0016292812762783249,0.001041597087721607, -1305.7539789257671, 0.0011531291795403905
2021_8_11_0_14,-0.44799450242617966,0.12357519901035212,1.0029851253180135,-4.507304959143464,0.8133734300742033,0.0016292812762783249,0.001041597087721607, -1305.7539800783852, 0.0011531291803986215
2021_8_11_0_14,-0.44799450242617966,0.12357519901035212,1.0029851253180135,-4.507304974044625,0.8133734449753645,0.0016292812762783249,0.001041597087721607, -1305.7539799490396, 0.0011531291803986215
2021_8_11_0_14,-0.44799450242617966,0.12357519901035212,1.0029851253180135,-4.507304974044625,0.8133734300742033,0.0016292961774395187,0.001041597087721607, -1305.7540140670678, 0.0011531291803986215
2021_8_11_0_14,-0.44799450242617966,0.12357519901035212,1.0029851253180135,-4.507304974044625,0.8133734300742033,0.0016292812762783249,0.0010416119888828007, -1305.754129873568, 0.0011531291803986215
2021_8_11_0_14,0.4860891779005825,-0.09128690483472594,0.00010000000001064713,-6.7179623652286145,1.329740297779499,0.002865547185887743,0.0018786974060451909, 2153189349.9122148, 0.0027044891396461757
2021_8_11_0_15,-0.35458613439350345,0.10208898862584431,0.9026966127862133,-4.728370713163024,0.8650101168447328,0.0017529078672392667,0.0011253071195539653, -1297.3470684932186, 0.0012128104418885242
2021_8_11_0_15,-0.4240977698967514,0.11807836576678243,0.9773282402848837,-4.563860387123727,0.8265836822009672,0.001660908759339427,0.0010630126876604476, -1304.588866321492, 0.001162557817655926
2021_8_11_0_15,-0.4401183555282723,0.12176349249163287,0.994528848075307,-4.525945126656882,0.8177274096896446,0.00163970540862753,0.0010486554757592774, -1305.3249603080653, 0.001155785083847218
2021_8_11_0_15,-0.4454983093693484,0.12300101352452218,1.0003050711222885,-4.513212611387112,0.8147533400513187,0.0016325850042471987,0.001043834107858539, -1305.5260505969047, 0.0011539128900770915
2021_8_11_0_15,-0.4473604036897537,0.12342934078434573,1.0023043210130693,-4.50880566941908,0.813723963527726,0.00163012051013679,0.0010421653497149274, -1305.6422774500209, 0.001153323426103605
2021_8_11_0_16,-0.44788395809055725,0.12354977110809856,1.00286643866047,-4.507566594772772,0.8134345396230908,0.0016294275824353735,0.0010416961545402308, -1305.7082511374663, 0.0011531627952766543
2021_8_11_0_16,-0.4479834479926174,0.12357265622012677,1.0029732566522591,-4.50733113611744,0.813379541029092,0.0016292959068940297,0.0010416069944034693, -1305.727666720633, 0.0011531325381396805
2021_8_11_0_16,-0.4479933969828234,0.12357494473132959,1.002983938451438,-4.507307590251906,0.8133740411696921,0.0016292827393398954,0.001041598078389793, -1305.726727545115, 0.0011531295161463068
2021_8_11_0_16,-0.44799439188184403,0.12357517358244986,1.002985006631356,-4.507305235665353,0.8133734911837521,0.001629281422584482,0.0010415971867884254, -1305.7266336195878, 0.001153129213984893
2021_8_11_0_16,-0.44799449137174613,0.12357519646756189,1.0029851134493477,-4.507305000206697,0.8133734361851581,0.0016292812909089406,0.0010415970976282887, -1305.7539811469383, 0.0011531291837603623
2021_8_11_0_16,-0.44799447647058493,0.12357519646756189,1.0029851134493477,-4.507305000206697,0.8133734361851581,0.0016292812909089406,0.0010415970976282887, -1305.7539794233905, 0.001153129186126077
2021_8_11_0_17,-0.44799449137174613,0.12357521136872308,1.0029851134493477,-4.507305000206697,0.8133734361851581,0.0016292812909089406,0.0010415970976282887, -1305.7539737208199, 0.0011531291783506222
2021_8_11_0_17,-0.44799449137174613,0.12357519646756189,1.002985128350509,-4.507305000206697,0.8133734361851581,0.0016292812909089406,0.0010415970976282887, -1305.753979968222, 0.0011531291829021246
2021_8_11_0_17,-0.44799449137174613,0.12357519646756189,1.0029851134493477,-4.507304985305536,0.8133734361851581,0.0016292812909089406,0.0010415970976282887, -1305.75398112084, 0.0011531291837603623
2021_8_11_0_17,-0.44799449137174613,0.12357519646756189,1.0029851134493477,-4.507305000206697,0.8133734510863193,0.0016292812909089406,0.0010415970976282887, -1305.7539809914936, 0.0011531291837603623
2021_8_11_0_17,-0.44799449137174613,0.12357519646756189,1.0029851134493477,-4.507305000206697,0.8133734361851581,0.0016292961920701344,0.0010415970976282887, -1305.7540151095106, 0.0011531291837603623
2021_8_11_0_18,-0.44799449137174613,0.12357519646756189,1.0029851134493477,-4.507305000206697,0.8133734361851581,0.0016292812909089406,0.0010416119987894826, -1305.7541309159922, 0.0011531291837603623
2021_8_11_0_18,0.2958377814380045,-0.027654251046491038,0.188216601751919,-5.55607653385367,0.6244044628023225,0.0023613292240417206,0.001472473891618378, -58.62910733590238, 0.0021609164153309083
2021_8_11_0_18,-0.37361126409077106,0.10845225171615659,0.9215082622796048,-4.6121821535713945,0.7944765388468745,0.0017024860842222186,0.0010846847770272976, -1301.4594638953995, 0.0011881436875623512
2021_8_11_0_18,-0.4257953677167164,0.11906186553481686,0.9786689502462194,-4.538604810409016,0.8077337970347302,0.0016511287196681657,0.001054456296643327, -1304.9487070877515, 0.0011609334939162775
2021_8_11_0_18,-0.4402016758486717,0.12199082962948184,0.9944491290107,-4.5182925351474585,0.8113936883266865,0.0016369506468988369,0.0010461112112147494, -1305.293042259888, 0.0011556024033017556
2021_8_11_0_18,-0.44569152295857994,0.12310697714783561,1.0004625203661064,-4.510552086684262,0.8127883720615954,0.0016315477739973392,0.0010429311290797304, -1305.545367159791, 0.0011538240803635256
2021_8_11_0_19,-0.4474354179070475,0.12346153055889303,1.0023727234369577,-4.508093269762115,0.8132314047856994,0.0016298315071193183,0.0010419209499144557, -1305.6878325970306, 0.0011532951329904693
2021_8_11_0_19,-0.4478772382192012,0.12355135758596608,1.002856678343635,-4.507470322112071,0.8133436482764155,0.0016293966864505316,0.0010416650184006196, -1305.7078517147936, 0.0011531638407595622
2021_8_11_0_19,-0.4479827660564916,0.12357281257940231,1.0029722699387764,-4.507321532397235,0.8133704573942838,0.0016292928304630996,0.0010416038897055218, -1305.7276275806844, 0.0011531326467638736
2021_8_11_0_19,-0.4479933188402207,0.12357495807874594,1.0029838290982906,-4.5073066534257515,0.8133731383060707,0.0016292824448643564,0.001041597776836012, -1305.7267245686292, 0.0011531295300409796
2021_8_11_0_19,-0.4479943741185936,0.1235751726286803,1.002984985014242,-4.507305165528603,0.8133734063972494,0.0016292814063044822,0.001041597165549061, -1305.7266342611895, 0.0011531292183960381
2021_8_11_0_20,-0.44799447964643085,0.12357519408367373,1.0029851006058372,-4.507305016738888,0.8133734332063672,0.0016292813024484949,0.001041597104420366, -1305.753982149312, 0.0011531291872270636
2021_8_11_0_20,-0.44799446474526966,0.12357519408367373,1.0029851006058372,-4.507305016738888,0.8133734332063672,0.0016292813024484949,0.001041597104420366, -1305.753980425764, 0.0011531291895927817
2021_8_11_0_20,-0.44799447964643085,0.12357520898483493,1.0029851006058372,-4.507305016738888,0.8133734332063672,0.0016292813024484949,0.001041597104420366, -1305.753974723194, 0.0011531291818173165
2021_8_11_0_20,-0.44799447964643085,0.12357519408367373,1.0029851155069984,-4.507305016738888,0.8133734332063672,0.0016292813024484949,0.001041597104420366, -1305.753980970598, 0.0011531291863688287
2021_8_11_0_20,-0.44799447964643085,0.12357519408367373,1.0029851006058372,-4.507305001837727,0.8133734332063672,0.0016292813024484949,0.001041597104420366, -1305.753982123213, 0.0011531291872270636
2021_8_11_0_20,-0.44799447964643085,0.12357519408367373,1.0029851006058372,-4.507305016738888,0.8133734481075284,0.0016292813024484949,0.001041597104420366, -1305.753981993868, 0.0011531291872270636
2021_8_11_0_21,-0.44799447964643085,0.12357519408367373,1.0029851006058372,-4.507305016738888,0.8133734332063672,0.0016292962036096887,0.001041597104420366, -1305.7540161118845, 0.0011531291872270636
2021_8_11_0_21,-0.44799447964643085,0.12357519408367373,1.0029851006058372,-4.507305016738888,0.8133734332063672,0.0016292813024484949,0.0010416120055815599, -1305.7541319183472, 0.0011531291872270636
2021_8_11_0_21,-0.4723950014579135,0.12877851446789262,0.965571242940172,-4.668474548274789,0.7455288591251192,0.001667223475996486,0.0011193079958799687, -1302.5773538839746, 0.0011646884899439553
2021_8_11_0_21,-0.45548158339887995,0.12517179106938028,0.9915049594725285,-4.55675859046431,0.7925558716348773,0.0016409235530586254,0.0010654420660793234, -1305.5601295644638, 0.0011535129308766793
2021_8_11_0_21,-0.4513215033104081,0.12428466948683518,0.9978837019236267,-4.529280565027356,0.804122790733035,0.0016344547372722327,0.0010521930243286525, -1305.6714748919762, 0.0011529423763334014
2021_8_11_0_22,-0.4494798731654335,0.12389194871850191,1.0007075139981887,-4.517116289606482,0.8092433620784475,0.0016315910505399695,0.0010463277923712972, -1305.6469126468237, 0.0011529668094305116
2021_8_11_0_22,-0.44854522021739873,0.12369263745892094,1.0021406379549114,-4.510942750411409,0.8118421233534363,0.001630137689639106,0.0010433511054644233, -1305.6945188314994, 0.0011530554206780688
2021_8_11_0_22,-0.4481753973375841,0.12361377410739276,1.002707695524163,-4.508500008376977,0.8128703995501657,0.001629562624728759,0.0010421732918957387, -1305.7350513705967, 0.0011531030904236754
2021_8_11_0_22,-0.4480545467812841,0.12358800317643077,1.0028929983446173,-4.5077017702206295,0.813206419188721,0.0016293747052729401,0.0010417884065012368, -1305.7102365494961, 0.001153120343271751
2021_8_11_0_22,-0.4480011220300673,0.1235766105472413,1.002974915692668,-4.50734889079483,0.8133549643518,0.001629291631181407,0.0010416182591136056, -1305.7280003118424, 0.0011531282004393385
2021_8_11_0_22,-0.4479951438847945,0.12357533573003049,1.0029840821145204,-4.507309404144483,0.8133715863209106,0.001629282335321786,0.00104159921988969, -1305.7267627682088, 0.001153129088453923
2021_8_11_0_23,-0.44799454607026723,0.1235752082483094,1.0029849987567054,-4.507305455479448,0.8133732485178216,0.001629281405735824,0.0010415973159672983, -1305.726638984466, 0.0011531291773530402
2021_8_11_0_23,-0.4479944862888145,0.1235751955001373,1.002985090420924,-4.507305060612944,0.8133734147375127,0.0016292813127772277,0.0010415971255750593, -1305.7266266057945, 0.0011531291862439304
2021_8_11_0_23,-0.4479944713876533,0.1235751955001373,1.002985090420924,-4.507305060612944,0.8133734147375127,0.0016292813127772277,0.0010415971255750593, -1305.7539817995028, 0.0011531291886105923
2021_8_11_0_23,-0.4479944862888145,0.1235752104012985,1.002985090420924,-4.507305060612944,0.8133734147375127,0.0016292813127772277,0.0010415971255750593, -1305.7539760969378, 0.0011531291808351155
2021_8_11_0_23,-0.4479944862888145,0.1235751955001373,1.0029851053220853,-4.507305060612944,0.8133734147375127,0.0016292813127772277,0.0010415971255750593, -1305.7539823443333, 0.0011531291853866432
2021_8_11_0_24,-0.4479944862888145,0.1235751955001373,1.002985090420924,-4.5073050457117825,0.8133734147375127,0.0016292813127772277,0.0010415971255750593, -1305.7266265796968, 0.0011531291862439304
2021_8_11_0_24,-0.4479944862888145,0.1235751955001373,1.002985090420924,-4.507305060612944,0.8133734296386739,0.0016292813127772277,0.0010415971255750593, -1305.7266264503503, 0.0011531291862439304
2021_8_11_0_24,-0.4479944862888145,0.1235751955001373,1.002985090420924,-4.507305060612944,0.8133734147375127,0.0016292962139384216,0.0010415971255750593, -1305.7266605683524, 0.0011531291862439304
2021_8_11_0_24,-0.4479944862888145,0.1235751955001373,1.002985090420924,-4.507305060612944,0.8133734147375127,0.0016292813127772277,0.001041612026736253, -1305.726776374783, 0.0011531291862439304
2021_8_11_0_24,-0.4140301052394258,0.11290788352912196,0.9796880367543407,-4.56777303080673,0.8184276927409722,0.001678995512998636,0.001086633295451918, -1303.3211721311877, 0.0011714429072288972
2021_8_11_0_24,-0.43751355884059057,0.12028341395189693,0.9957959492768008,-4.525964620686212,0.8149330934191404,0.0016446224115862825,0.0010554946504067017, -1305.3074834368485, 0.001157191166348625
2021_8_11_0_25,-0.44411340117793663,0.12235624952247928,1.0003229530487983,-4.514214691572002,0.8139509634076015,0.001634962118265717,0.0010467433759396949, -1305.4863035428652, 0.0011544493595872483
2021_8_11_0_25,-0.4467363006476619,0.12318003273441194,1.0021220681164154,-4.509545052318868,0.8135606467674766,0.0016311229389440348,0.001043265457531092, -1305.579446302133, 0.0011535332867301446
2021_8_11_0_25,-0.44768375281272654,0.12347760235028869,1.0027719502356842,-4.507858270239905,0.8134196553379478,0.0016297361382670039,0.0010420091526806077, -1305.7046644315199, 0.001153226711684509
2021_8_11_0_25,-0.44789852345107023,0.12354505611598797,1.0029192670108735,-4.507475906594326,0.8133876950760607,0.0016294217750963407,0.0010417243706043807, -1305.70870194069, 0.0011531591716256277
2021_8_11_0_25,-0.44797628365015796,0.12356947853373763,1.002972604756927,-4.507337467404344,0.8133761234927829,0.0016293079562665178,0.0010416212619526824, -1305.7286914444132, 0.00115313486495104
2021_8_11_0_26,-0.44797626874899676,0.12356947853373763,1.002972604756927,-4.507337467404344,0.8133761234927829,0.0016293079562665178,0.0010416212619526824, -1305.7286897191623, 0.001153134867320135
2021_8_11_0_26,-0.44797628365015796,0.12356949343489883,1.002972604756927,-4.507337467404344,0.8133761234927829,0.0016293079562665178,0.0010416212619526824, -1305.728684012536, 0.0011531348595531783
2021_8_11_0_26,-0.44797628365015796,0.12356947853373763,1.0029726196580881,-4.507337467404344,0.8133761234927829,0.0016293079562665178,0.0010416212619526824, -1305.7286902642882, 0.001153134864096647
2021_8_11_0_26,-0.44797628365015796,0.12356947853373763,1.002972604756927,-4.507337452503183,0.8133761234927829,0.0016293079562665178,0.0010416212619526824, -1305.7286914183208, 0.00115313486495104
2021_8_11_0_26,-0.44797628365015796,0.12356947853373763,1.002972604756927,-4.507337467404344,0.8133761383939441,0.0016293079562665178,0.0010416212619526824, -1305.7286912889979, 0.00115313486495104
2021_8_11_0_26,-0.44797628365015796,0.12356947853373763,1.002972604756927,-4.507337467404344,0.8133761234927829,0.0016293228574277116,0.0010416212619526824, -1305.7287253895188, 0.00115313486495104
2021_8_11_0_27,-0.44797628365015796,0.12356947853373763,1.002972604756927,-4.507337467404344,0.8133761234927829,0.0016293079562665178,0.0010416361631138762, -1305.7288411537863, 0.00115313486495104
2021_8_11_0_27,0.9639469928389939,-0.32195564256444387,0.03657449963530468,-6.99999999999959,1.0256439508693442,0.003725450226622444,0.0029418894185092616, 28570.814141765557, 0.005344377754623925
2021_8_11_0_27,-0.30678395600124275,0.07901696642391948,0.9063327942447648,-4.756603720663869,0.834602906230439,0.0018389221833021105,0.0012316480776083402, -1280.229692945825, 0.0013229801950117252
2021_8_11_0_27,-0.4206239628080177,0.11493859450595068,0.9842511689164108,-4.555626284847925,0.8174882574986084,0.0016699152306590141,0.0010784339876650042, -1304.024153935282, 0.0011668364429699872
2021_8_11_0_27,-0.4391275203908809,0.12077729684206563,0.9969160235043685,-4.522959407352138,0.8147064420612867,0.0016424448363059664,0.0010535305656142267, -1305.2906640198776, 0.0011564828340307636
2021_8_11_0_28,-0.4448895373624155,0.12259547163368467,1.0008598654791363,-4.512786925563441,0.813840183359967,0.0016338905419348339,0.0010457756276860326, -1305.550386659894, 0.0011541687607382622
2021_8_11_0_28,-0.446951253138402,0.1232460354327676,1.0022710173826357,-4.5091470948777115,0.8135302260586575,0.001630829717271435,0.0010430008219283718, -1305.556677948029, 0.0011534631056401164
2021_8_11_0_28,-0.44776870981351374,0.12350397967820655,1.002830529783204,-4.5077039260738525,0.8134073300378256,0.0016296161205276041,0.0010419006297897862, -1305.7235456768428, 0.0011532000209392903
2021_8_11_0_28,-0.44789100395516507,0.12354256896501561,1.0029142346336923,-4.507488023389956,0.8133889443987605,0.0016294345625605382,0.0010417360375155576, -1305.70962324329, 0.001153161565345392
2021_8_11_0_28,-0.447961865688398,0.12356492902013018,1.002962736309288,-4.50736292141709,0.8133782910818218,0.0016293293611824935,0.0010416406666852703, -1305.7303381385, 0.0011531393724877328
2021_8_11_0_28,-0.4479618507872368,0.12356492902013018,1.002962736309288,-4.50736292141709,0.8133782910818218,0.0016293293611824935,0.0010416406666852703, -1305.7303364143522, 0.0011531393748512757
2021_8_11_0_29,-0.447961865688398,0.12356494392129137,1.002962736309288,-4.50736292141709,0.8133782910818218,0.0016293293611824935,0.0010416406666852703, -1305.730330710868, 0.0011531393670686798
2021_8_11_0_29,-0.447961865688398,0.12356492902013018,1.002962751210449,-4.50736292141709,0.8133782910818218,0.0016293293611824935,0.0010416406666852703, -1305.7303369588358, 0.0011531393716308457
2021_8_11_0_29,-0.447961865688398,0.12356492902013018,1.002962736309288,-4.507362906515929,0.8133782910818218,0.0016293293611824935,0.0010416406666852703, -1305.73033811241, 0.0011531393724877328
2021_8_11_0_29,-0.447961865688398,0.12356492902013018,1.002962736309288,-4.50736292141709,0.813378305982983,0.0016293293611824935,0.0010416406666852703, -1305.7303379831055, 0.0011531393724877328
2021_8_11_0_29,-0.447961865688398,0.12356492902013018,1.002962736309288,-4.50736292141709,0.8133782910818218,0.0016293442623436874,0.0010416406666852703, -1305.730372069457, 0.0011531393724877328
2021_8_11_0_30,-0.447961865688398,0.12356492902013018,1.002962736309288,-4.50736292141709,0.8133782910818218,0.0016293293611824935,0.0010416555678464641, -1305.7304878000098, 0.0011531393724877328
2021_8_11_0_30,-0.4003937817230272,0.11015783431854184,0.9688017484722479,-4.593815432346347,0.82026679003174,0.001692380746854297,0.0011123603569215526, -1302.9264258260466, 0.0011770405084957768
2021_8_11_0_30,-0.43292878607295343,0.11932784597496254,0.9921667401899085,-4.534684759326322,0.8155552833949957,0.001649255673567881,0.0010639904156151529, -1305.3164773754888, 0.0011587051242281435
2021_8_11_0_30,-0.44205204421010824,0.12189924207998365,0.998718601948402,-4.5181037136321756,0.8142341127936452,0.0016371628159323301,0.0010504268255854404, -1305.371785576643, 0.0011550923419596517
2021_8_11_0_30,-0.44611406801028125,0.12304412607002772,1.0016357416366959,-4.510721197295487,0.813645877061838,0.001631778612746446,0.0010443877960317218, -1305.567855853084, 0.0011537144475932866
2021_8_11_0_30,-0.4474673742198749,0.12342555628541076,1.0026076175903158,-4.508261633862982,0.813449900103622,0.0016299848084844273,0.0010423758294364944, -1305.6644185879238, 0.0011532900601288084
2021_8_11_0_31,-0.4478551323470201,0.12353484616001935,1.002886085831222,-4.507556903696652,0.8133937475065653,0.0016294708359805147,0.0010417993476370955, -1305.7123366567678, 0.0011531716949548345
2021_8_11_0_31,-0.44794184507861134,0.123559286198536,1.0029483585216958,-4.50739930783088,0.813381190335649,0.0016293558984546268,0.0010416704314183524, -1305.7323650906646, 0.0011531454285972859
2021_8_11_0_31,-0.44794183017745015,0.123559286198536,1.0029483585216958,-4.50739930783088,0.813381190335649,0.0016293558984546268,0.0010416704314183524, -1305.7323633675921, 0.0011531454309552437
2021_8_11_0_31,-0.44794184507861134,0.12355930109969719,1.0029483585216958,-4.50739930783088,0.813381190335649,0.0016293558984546268,0.0010416704314183524, -1305.7323576672504, 0.0011531454231564738
2021_8_11_0_31,-0.44794184507861134,0.123559286198536,1.002948373422857,-4.50739930783088,0.813381190335649,0.0016293558984546268,0.0010416704314183524, -1305.7323639114718, 0.0011531454277377896
2021_8_11_0_32,-0.44794184507861134,0.123559286198536,1.0029483585216958,-4.507399292929719,0.813381190335649,0.0016293558984546268,0.0010416704314183524, -1305.7323650645797, 0.0011531454285972859
2021_8_11_0_32,-0.44794184507861134,0.123559286198536,1.0029483585216958,-4.50739930783088,0.8133812052368102,0.0016293558984546268,0.0010416704314183524, -1305.7323649352982, 0.0011531454285972859
2021_8_11_0_32,-0.44794184507861134,0.123559286198536,1.0029483585216958,-4.50739930783088,0.813381190335649,0.0016293707996158206,0.0010416704314183524, -1305.7323990059053, 0.0011531454285972859
2021_8_11_0_32,-0.44794184507861134,0.123559286198536,1.0029483585216958,-4.50739930783088,0.813381190335649,0.0016293558984546268,0.0010416853325795462, -1305.7325146737167, 0.0011531454285972859
2021_8_11_0_32,-0.3892739797467278,0.10795913586259,0.9598806451686965,-4.615197843128406,0.8217477117518865,0.0017041515251993997,0.0011143375335427364, -1302.2090959951363, 0.0011817532442513817
2021_8_11_0_32,-0.4301940802197653,0.1188400451223731,0.9899198352360221,-4.540009716369961,0.8159121679661098,0.001651982513355763,0.0010636531409337169, -1305.0936057707622, 0.0011595233343055203
2021_8_11_0_33,-0.4415634510204376,0.1218632315415867,0.9982660192990923,-4.519119208207892,0.8142908019294411,0.001637487709259527,0.0010495708281652405, -1305.3662647817719, 0.0011551945983338194
2021_8_11_0_33,-0.4459779752372824,0.12303708099144944,1.0015066939424497,-4.511007795905445,0.8136612543705893,0.0016318596349515389,0.001044102916894201, -1305.5639301770348, 0.0011537444366141669
2021_8_11_0_33,-0.44743368420151913,0.12342416306029602,1.0025753207970742,-4.50833302167808,0.8134536582674041,0.0016300037524556931,0.0010422998488710308, -1305.6631689556366, 0.0011532976495861724
2021_8_11_0_33,-0.44783940307531994,0.12353204623261903,1.0028731564871902,-4.507587538608416,0.8133957994101332,0.0016294865017039155,0.0010417973179766564, -1305.7129832278758, 0.001153175954131035
2021_8_11_0_33,-0.4479250880432918,0.12355483039860717,1.0029360572867743,-4.50743009783582,0.8133835800270769,0.0016293772619890253,0.0010416911869919527, -1305.733906427145, 0.0011531504175869187
2021_8_11_0_34,-0.4479250731421306,0.12355483039860717,1.0029360572867743,-4.50743009783582,0.8133835800270769,0.0016293772619890253,0.0010416911869919527, -1305.7339047048026, 0.0011531504199410428
2021_8_11_0_34,-0.4479250880432918,0.12355484529976836,1.0029360572867743,-4.50743009783582,0.8133835800270769,0.0016293772619890253,0.0010416911869919527, -1305.733899006632, 0.0011531504121309309
2021_8_11_0_34,-0.4479250880432918,0.12355483039860717,1.0029360721879355,-4.50743009783582,0.8133835800270769,0.0016293772619890253,0.0010416911869919527, -1305.7339052482869, 0.001153150416725581
2021_8_11_0_34,-0.4479250880432918,0.12355483039860717,1.0029360572867743,-4.5074300829346585,0.8133835800270769,0.0016293772619890253,0.0010416911869919527, -1305.7339064010641, 0.0011531504175869187
2021_8_11_0_34,-0.4479250880432918,0.12355483039860717,1.0029360572867743,-4.50743009783582,0.8133835949282381,0.0016293772619890253,0.0010416911869919527, -1305.7339062718, 0.0011531504175869187
2021_8_11_0_34,-0.4479250880432918,0.12355483039860717,1.0029360572867743,-4.50743009783582,0.8133835800270769,0.0016293921631502192,0.0010416911869919527, -1305.7339403303663, 0.0011531504175869187
2021_8_11_0_35,-0.4479250880432918,0.12355483039860717,1.0029360572867743,-4.50743009783582,0.8133835800270769,0.0016293772619890253,0.0010417060881531466, -1305.7340559543643, 0.0011531504175869187
2021_8_11_0_35,-0.3801063093225563,0.1062193452802921,0.9524527655016635,-4.633008156076857,0.8228517805476185,0.0017098256882394477,0.0011134778824180894, -1301.7309215958255, 0.0011855942635984752
2021_8_11_0_35,-0.42784506889669066,0.11842207985874886,0.9879887892181067,-4.544611684727211,0.8161869576655805,0.001653196710966046,0.001062946040674349, -1304.939850166109, 0.0011602372017999148
2021_8_11_0_35,-0.44105502618978576,0.12179874075397096,0.9978220852619984,-4.520151191371161,0.8143427114718552,0.001637526710781571,0.0010489631999526575, -1305.3712880251858, 0.001155321808647261
2021_8_11_0_35,-0.44579928737193086,0.12301144423627844,1.0013536428347063,-4.511366381053426,0.8136803637115196,0.0016318989428827095,0.0010439413632441683, -1305.5377455367716, 0.0011537909603285778
2021_8_11_0_36,-0.4474132659188184,0.1234240010768559,1.0025550644977672,-4.508377823963723,0.8134550356710265,0.001629984398909075,0.0010422329546211403, -1305.6618618892549, 0.0011533020294581346
2021_8_11_0_36,-0.44782824109989255,0.12353007488431274,1.0028639658602647,-4.5076094265015385,0.8133971008585811,0.0016294921443907818,0.0010417937002214724, -1305.7134030987293, 0.0011531789720169777
2021_8_11_0_36,-0.4479111341997728,0.12355126358936598,1.0029256702528704,-4.507455935761644,0.813385528127455,0.001629393814406695,0.001041705957241928, -1305.7063016982152, 0.0011531545287576256
2021_8_11_0_36,-0.4479236926589399,0.12355447371768305,1.0029350185833839,-4.507432681628402,0.8133837748371147,0.0016293789172307923,0.0010416926640169502, -1305.7340260172268, 0.0011531508286778127
2021_8_11_0_36,-0.4479236777577787,0.12355447371768305,1.0029350185833839,-4.507432681628402,0.8133837748371147,0.0016293789172307923,0.0010416926640169502, -1305.7340242949351, 0.0011531508310316655
2021_8_11_0_36,-0.4479236926589399,0.12355448861884424,1.0029350185833839,-4.507432681628402,0.8133837748371147,0.0016293789172307923,0.0010416926640169502, -1305.7340185969222, 0.0011531508232207213
2021_8_11_0_37,-0.4479236926589399,0.12355447371768305,1.002935033484545,-4.507432681628402,0.8133837748371147,0.0016293789172307923,0.0010416926640169502, -1305.7340248383935, 0.0011531508278163404
2021_8_11_0_37,-0.4479236926589399,0.12355447371768305,1.0029350185833839,-4.507432666727241,0.8133837748371147,0.0016293789172307923,0.0010416926640169502, -1305.7340259911457, 0.0011531508286778127
2021_8_11_0_37,-0.4479236926589399,0.12355447371768305,1.0029350185833839,-4.507432681628402,0.8133837897382759,0.0016293789172307923,0.0010416926640169502, -1305.7340258618844, 0.0011531508286778127
2021_8_11_0_37,-0.4479236926589399,0.12355447371768305,1.0029350185833839,-4.507432681628402,0.8133837748371147,0.0016293938183919862,0.0010416926640169502, -1305.7340599195843, 0.0011531508286778127
2021_8_11_0_37,-0.4479236926589399,0.12355447371768305,1.0029350185833839,-4.507432681628402,0.8133837748371147,0.0016293789172307923,0.001041707565178144, -1305.7341755404036, 0.0011531508286778127
2021_8_11_0_38,-0.37213075919021754,0.1047506407587799,0.945945920037655,-4.649071099845946,0.824187452253895,0.0017147040252000255,0.001112002117137366, -1301.4030299336548, 0.0011889204471328106
2021_8_11_0_38,-0.4256917012020952,0.11803883215895139,0.9862186692613885,-4.548978825307785,0.8165527676843368,0.0016544069374512943,0.0010623162114846514, -1304.9492681548209, 0.0011609023017591102
2021_8_11_0_38,-0.4401786869182465,0.12163297803795925,0.9971115087231176,-4.521906199303375,0.8144877635572253,0.0016380979814073979,0.0010488773327336895, -1305.2909053939943, 0.001155579732447853
2021_8_11_0_38,-0.4456530560719827,0.1229911405791242,1.0012277151938265,-4.5116759449486725,0.8137074359502756,0.0016319351227116234,0.0010437990241927316, -1305.5398838097549, 0.0011538288327478776
2021_8_11_0_38,-0.4473710292904095,0.12341736080769601,1.0025194681391623,-4.508465474023986,0.813462552586971,0.001630001086863664,0.0010422053431998596, -1305.6629382082517, 0.0011533132153430095
2021_8_11_0_38,-0.4478168373192756,0.12352796346315327,1.0028546735010184,-4.507632368071392,0.8133990062124838,0.0016294992113397109,0.001041791788567894, -1305.7138885768156, 0.001153182085998693
2021_8_11_0_39,-0.4479076180673265,0.12355048569503045,1.0029229320148396,-4.507462721100757,0.8133860661417845,0.0016293970134595858,0.0010417075756412105, -1305.7065291291356, 0.001153155527499573
2021_8_11_0_39,-0.44792208519977855,0.12355407491541778,1.0029338099265295,-4.507435685575638,0.8133840039675816,0.0016293807268536716,0.0010416941551793762, -1305.7053555050582, 0.0011531512985107708
2021_8_11_0_39,-0.44792353191302375,0.12355443383745653,1.0029348977176984,-4.507432982023126,0.8133837977501613,0.0016293790981930802,0.0010416928131331928, -1305.7340390540166, 0.0011531508756626224
2021_8_11_0_39,-0.44792351701186256,0.12355443383745653,1.0029348977176984,-4.507432982023126,0.8133837977501613,0.0016293790981930802,0.0010416928131331928, -1305.7340373317315, 0.0011531508780164438
2021_8_11_0_39,-0.44792353191302375,0.12355444873861772,1.0029348977176984,-4.507432982023126,0.8133837977501613,0.0016293790981930802,0.0010416928131331928, -1305.7340316337347, 0.0011531508702054129
2021_8_11_0_40,-0.44792353191302375,0.12355443383745653,1.0029349126188596,-4.507432982023126,0.8133837977501613,0.0016293790981930802,0.0010416928131331928, -1305.7340378751821, 0.001153150874801135
2021_8_11_0_40,-0.44792353191302375,0.12355443383745653,1.0029348977176984,-4.507432967121964,0.8133837977501613,0.0016293790981930802,0.0010416928131331928, -1305.734039027936, 0.0011531508756626224
2021_8_11_0_40,-0.44792353191302375,0.12355443383745653,1.0029348977176984,-4.507432982023126,0.8133838126513225,0.0016293790981930802,0.0010416928131331928, -1305.7340388986743, 0.0011531508756626224
2021_8_11_0_40,-0.44792353191302375,0.12355443383745653,1.0029348977176984,-4.507432982023126,0.8133837977501613,0.001629393999354274,0.0010416928131331928, -1305.7340729562852, 0.0011531508756626224
2021_8_11_0_40,-0.44792353191302375,0.12355443383745653,1.0029348977176984,-4.507432982023126,0.8133837977501613,0.0016293790981930802,0.0010417077142943867, -1305.7341885767803, 0.0011531508756626224
2021_8_11_0_40,0.3425772736954715,-0.06558591739604754,0.40157446307353506,-5.956461105044889,0.9447162696565322,0.002432333016179205,0.0016439688401954661, -1068.8550536283935, 0.002323133476123141
2021_8_11_0_41,-0.36864897959491577,0.1045866901451728,0.9426280910705598,-4.65274726245637,0.8265543383003304,0.0017099024979528347,0.0011020914390150957, -1301.4796674949012, 0.001188850318240823
2021_8_11_0_41,-0.424795699176568,0.11802071853190951,0.9853407808640583,-4.549827473998211,0.8172262169122491,0.0016528712740118891,0.0010593137176487183, -1304.9691172193902, 0.0011610105760537402
2021_8_11_0_41,-0.4398926125053045,0.1216329039582621,0.9968255083896246,-4.5221540651554175,0.8147180411690339,0.0016375365322623537,0.001047811504221452, -1305.2998713127142, 0.0011556286103614995
2021_8_11_0_41,-0.4455877375627106,0.12299555652741079,1.0011579807357323,-4.511714611692805,0.8137718626878756,0.0016317516893554005,0.0010434724355337776, -1305.5317149431912, 0.0011538403041510832
2021_8_11_0_41,-0.44738086651534176,0.12342459219379011,1.0025220739772278,-4.508427715256859,0.8134739552649798,0.0016299303124412286,0.0010421062654123318, -1305.6882360815425, 0.001153308718167889
2021_8_11_0_42,-0.4477957066032147,0.12352384952454719,1.0028376567239892,-4.507667292307737,0.8134050344317565,0.0016295089371921056,0.001041790202179736, -1305.7148449617532, 0.0011531879198184499
2021_8_11_0_42,-0.4479022086115573,0.12354933188600978,1.002918676368211,-4.507472068717638,0.8133873403675388,0.0016294007574100416,0.0010417090591802556, -1305.7068416759519, 0.0011531570508215851
2021_8_11_0_42,-0.4479213995828771,0.12355392364231185,1.0029332755827496,-4.507436890692577,0.8133841520118991,0.0016293812641147763,0.001041694437737899, -1305.7053985026528, 0.0011531514931007495
2021_8_11_0_42,-0.44792331868000906,0.12355438281794205,1.0029347355042035,-4.507433372890071,0.8133838331763351,0.0016293793147852498,0.0010416929755936635, -1305.7052541679695, 0.0011531509374071388
2021_8_11_0_42,-0.4479235105897223,0.12355442873550508,1.0029348814963488,-4.50743302110982,0.8133838012927788,0.0016293791198522972,0.0010416928293792399, -1305.734040657134, 0.0011531508818372071
2021_8_11_0_42,-0.4479234956885611,0.12355442873550508,1.0029348814963488,-4.50743302110982,0.8133838012927788,0.0016293791198522972,0.0010416928293792399, -1305.7340389348492, 0.0011531508841910254
2021_8_11_0_43,-0.4479235105897223,0.12355444363666628,1.0029348814963488,-4.50743302110982,0.8133838012927788,0.0016293791198522972,0.0010416928293792399, -1305.7340332368526, 0.0011531508763799937
2021_8_11_0_43,-0.4479235105897223,0.12355442873550508,1.00293489639751,-4.50743302110982,0.8133838012927788,0.0016293791198522972,0.0010416928293792399, -1305.7340394782998, 0.0011531508809757185
2021_8_11_0_43,-0.4479235105897223,0.12355442873550508,1.0029348814963488,-4.507433006208659,0.8133838012927788,0.0016293791198522972,0.0010416928293792399, -1305.7340406310534, 0.0011531508818372071
2021_8_11_0_43,-0.4479235105897223,0.12355442873550508,1.0029348814963488,-4.50743302110982,0.81338381619394,0.0016293791198522972,0.0010416928293792399, -1305.7340405017908, 0.0011531508818372071
2021_8_11_0_43,-0.4479235105897223,0.12355442873550508,1.0029348814963488,-4.50743302110982,0.8133838012927788,0.001629394021013491,0.0010416928293792399, -1305.7340745593908, 0.0011531508818372071
2021_8_11_0_44,-0.4479235105897223,0.12355442873550508,1.0029348814963488,-4.50743302110982,0.8133838012927788,0.0016293791198522972,0.0010417077305404337, -1305.7341901798536, 0.0011531508818372071
2021_8_11_0_44,-0.13842145514470655,0.048595937704643946,0.7683913249557447,-5.1103070283667185,0.8069389630737341,0.0019252130921128484,0.0012504441024028536, -1262.5859043279418, 0.0014318431907794885
2021_8_11_0_44,-0.3926136394668897,0.11015889741175439,0.9610205431043175,-4.615170217222266,0.8122320701005891,0.0016822464226427744,0.001078997932219549, -1303.3013283221367, 0.0011758220345937857
2021_8_11_0_44,-0.4302776798218575,0.11928077425058335,0.9895627056623053,-4.541805047140806,0.8130163577732971,0.0016462456837993088,0.0010535944939127908, -1305.2445926583023, 0.0011590076127221864
2021_8_11_0_44,-0.4414251243031925,0.12198058060879868,0.9980103435018405,-4.520091121798782,0.813248483780133,0.0016355905274814434,0.0010460758258280414, -1305.442150093306, 0.0011551420878723744
2021_8_11_0_44,-0.4458661060726869,0.12305614468432065,1.0013757610828369,-4.511440605821819,0.8133409594472073,0.0016313456662454906,0.0010430804964544655, -1305.545450686234, 0.0011537592402660441
2021_8_11_0_45,-0.44745208865305014,0.1234402547699688,1.0025776335372056,-4.508351296213556,0.813373984756632,0.0016298297230766794,0.0010420107914983284, -1305.68402617165, 0.0011532883618815238
2021_8_11_0_45,-0.4478239790828901,0.12353032313933565,1.0028594555882182,-4.507626896909081,0.8133817287234761,0.0016294742558958654,0.0010417599608518477, -1305.712956130862, 0.0011531798117119633
2021_8_11_0_45,-0.44791017543578737,0.12355119908646386,1.0029247759917943,-4.507458996438736,0.8133835236115543,0.0016293918661054799,0.001041701823601769, -1305.7062740938218, 0.0011531547554918303
2021_8_11_0_45,-0.4479221770743288,0.12355410577060096,1.0029338709458933,-4.507435618642712,0.8133837735246563,0.0016293803944776154,0.0010416937288014927, -1305.7053431775598, 0.0011531512691711876
2021_8_11_0_45,-0.44792337723818293,0.12355439643901467,1.0029347804413034,-4.5074332808631095,0.8133837985159665,0.001629379247314829,0.0010416929193214652, -1305.7052500787242, 0.0011531509205715
2021_8_11_0_46,-0.44792349725456837,0.12355442550585605,1.0029348713908441,-4.507433047085149,0.8133838010150976,0.0016293791325985504,0.0010416928383734623, -1305.7340416911743, 0.0011531508857106961
2021_8_11_0_46,-0.4479234823534072,0.12355442550585605,1.0029348713908441,-4.507433047085149,0.8133838010150976,0.0016293791325985504,0.0010416928383734623, -1305.7340399688899, 0.0011531508880645099
2021_8_11_0_46,-0.44792349725456837,0.12355444040701724,1.0029348713908441,-4.507433047085149,0.8133838010150976,0.0016293791325985504,0.0010416928383734623, -1305.734034270895, 0.0011531508802534688
2021_8_11_0_46,-0.44792349725456837,0.12355442550585605,1.0029348862920053,-4.507433047085149,0.8133838010150976,0.0016293791325985504,0.0010416928383734623, -1305.7340405123437, 0.0011531508848492008
2021_8_11_0_46,-0.44792349725456837,0.12355442550585605,1.0029348713908441,-4.507433032183988,0.8133838010150976,0.0016293791325985504,0.0010416928383734623, -1305.7340416650934, 0.0011531508857106961
2021_8_11_0_46,-0.44792349725456837,0.12355442550585605,1.0029348713908441,-4.507433047085149,0.8133838159162587,0.0016293791325985504,0.0010416928383734623, -1305.7340415358308, 0.0011531508857106961
2021_8_11_0_47,-0.44792349725456837,0.12355442550585605,1.0029348713908441,-4.507433047085149,0.8133838010150976,0.0016293940337597443,0.0010416928383734623, -1305.7340755934308, 0.0011531508857106961
2021_8_11_0_47,-0.44792349725456837,0.12355442550585605,1.0029348713908441,-4.507433047085149,0.8133838010150976,0.0016293791325985504,0.0010417077395346562, -1305.7341912138666, 0.0011531508857106961
2021_8_11_0_47,-0.4409813936406283,0.12144091611495439,0.9981062773694275,-4.52410363440043,0.8109890876185475,0.0016517149496957382,0.0010608645288398123, -1305.465235346577, 0.0011556160707949922
2021_8_11_0_47,-0.44523113754839877,0.12273474204402349,1.001062195224702,-4.513898409756446,0.8124550580554348,0.0016380416443242593,0.001049128205199032, -1305.6183352673875, 0.0011540302339519968
2021_8_11_0_47,-0.4469044381122721,0.12324417501307999,1.0022260627709207,-4.509880189242026,0.8130322714621486,0.0016326578964832958,0.0010445071274606747, -1305.5807357958101, 0.001153473281440178
2021_8_11_0_48,-0.4476835699107023,0.12348138011175147,1.002767989448051,-4.508009202377215,0.8133010368766596,0.0016301510849587033,0.0010423554347602085, -1305.7372518554193, 0.0011532255070731275
2021_8_11_0_48,-0.447790213429484,0.12351384751514363,1.0028421655603432,-4.507753111401003,0.8133378240923631,0.0016298079656014344,0.0010420609222253883, -1305.7230535204947, 0.00115319225844854
2021_8_11_0_48,-0.4478822530723995,0.123541868798094,1.0029061839176352,-4.507532089792998,0.8133695736279737,0.0016295118333706042,0.0010418067405475082, -1305.7107608871252, 0.0011531636667864952
2021_8_11_0_48,-0.44791937283635147,0.12355316983507984,1.0029320026435233,-4.507442951355934,0.8133823782763852,0.001629392402675756,0.001041704228590867, -1305.705793104607, 0.0011531521629495414
2021_8_11_0_48,-0.4479230848127467,0.12355429993877842,1.002934584516112,-4.507434037512227,0.8133836587412263,0.001629380459606271,0.0010416939773952028, -1305.7052960055928, 0.0011531510134269254
2021_8_11_0_48,-0.4479234560103862,0.12355441294914829,1.0029348427033709,-4.507433146127857,0.8133837867877104,0.0016293792652993225,0.0010416929522756365, -1305.7340472131627, 0.0011531508984829303
2021_8_11_0_49,-0.447923441109225,0.12355441294914829,1.0029348427033709,-4.507433146127857,0.8133837867877104,0.0016293792652993225,0.0010416929522756365, -1305.734045490881, 0.00115315090083673
2021_8_11_0_49,-0.4479234560103862,0.12355442785030948,1.0029348427033709,-4.507433146127857,0.8133837867877104,0.0016293792652993225,0.0010416929522756365, -1305.7340397928936, 0.001153150893025651
2021_8_11_0_49,-0.4479234560103862,0.12355441294914829,1.002934857604532,-4.507433146127857,0.8133837867877104,0.0016293792652993225,0.0010416929522756365, -1305.7340460343298, 0.0011531508976214337
2021_8_11_0_49,-0.4479234560103862,0.12355441294914829,1.0029348427033709,-4.507433131226696,0.8133837867877104,0.0016293792652993225,0.0010416929522756365, -1305.7340471870818, 0.0011531508984829303
2021_8_11_0_49,-0.4479234560103862,0.12355441294914829,1.0029348427033709,-4.507433146127857,0.8133838016888716,0.0016293792652993225,0.0010416929522756365, -1305.73404705782, 0.0011531508984829303
2021_8_11_0_50,-0.4479234560103862,0.12355441294914829,1.0029348427033709,-4.507433146127857,0.8133837867877104,0.0016293941664605163,0.0010416929522756365, -1305.7340811153072, 0.0011531508984829303
2021_8_11_0_50,-0.4479234560103862,0.12355441294914829,1.0029348427033709,-4.507433146127857,0.8133837867877104,0.0016293792652993225,0.0010417078534368303, -1305.7341967355549, 0.0011531508984829303
2021_8_11_0_50,-0.39530537988244957,0.10822931923691546,0.9656418618484915,-4.634136185414584,0.8002321686294236,0.0017233827536494947,0.0011448712346781875, -1301.8683105713, 0.0011825810722598902
2021_8_11_0_50,-0.4318115121540404,0.11886178509851435,0.9915155271755921,-4.54623031253228,0.8093566890870799,0.0016581636496412367,0.0010732867089386906, -1305.1362469306569, 0.0011594081961207759
2021_8_11_0_50,-0.44181870800027423,0.12177639592098749,0.9986081119025065,-4.5221332298990715,0.8118579363444836,0.0016402855479055885,0.0010536636942817153, -1305.4407447302633, 0.0011552205225654007
2021_8_11_0_50,-0.44576459936579654,0.12292564270849621,1.001404756363472,-4.512631620081728,0.8128441916459365,0.001633236115841443,0.0010459262336293769, -1305.602668143687, 0.001153835844586356
2021_8_11_0_51,-0.4472152831483851,0.12334815653931228,1.0024329262722125,-4.509138409044307,0.813206782614307,0.0016306444335510305,0.0010430816016699569, -1305.6424349209171, 0.001153370024817816
2021_8_11_0_51,-0.44775599267712257,0.12350563900178108,1.002816153322442,-4.507836393735048,0.8133419301867727,0.001629678442666797,0.0010420213295247312, -1305.7246546043923, 0.0011532022043140243
2021_8_11_0_51,-0.4478670013834804,0.12353797045425896,1.002894830573029,-4.507569087487503,0.8133696762433695,0.0016294801228800852,0.0010418036536137783, -1305.7117977486266, 0.0011531681651231296
2021_8_11_0_51,-0.4479170335441114,0.12355254239619827,1.0029302907902367,-4.5074486112694325,0.813382181525217,0.00162939073919343,0.0010417055460283501, -1305.7059920489842, 0.0011531528612863612
2021_8_11_0_51,-0.4479228137637587,0.12355422589385329,1.0029343875120573,-4.507434692642015,0.8133836262614611,0.0016293804126887332,0.0010416942116509079, -1305.7053208732268, 0.0011531510947461686
2021_8_11_0_52,-0.44792339178572343,0.12355439424361879,1.0029347971842395,-4.507433300779273,0.8133837707350855,0.0016293793800382635,0.0010416930782131636, -1305.705253750619, 0.0011531509181093894
2021_8_11_0_52,-0.4479234495879199,0.12355441107859534,1.0029348381514578,-4.507433161592998,0.8133837851824479,0.0016293792767732166,0.0010416929648693891, -1305.7340479587203, 0.0011531509004456598
2021_8_11_0_52,-0.4479234346867587,0.12355441107859534,1.0029348381514578,-4.507433161592998,0.8133837851824479,0.0016293792767732166,0.0010416929648693891, -1305.7340462364396, 0.0011531509027994584
2021_8_11_0_52,-0.4479234495879199,0.12355442597975654,1.0029348381514578,-4.507433161592998,0.8133837851824479,0.0016293792767732166,0.0010416929648693891, -1305.734040538453, 0.0011531508949883717
2021_8_11_0_52,-0.4479234495879199,0.12355441107859534,1.002934853052619,-4.507433161592998,0.8133837851824479,0.0016293792767732166,0.0010416929648693891, -1305.734046779888, 0.0011531508995841593
2021_8_11_0_52,-0.4479234495879199,0.12355441107859534,1.0029348381514578,-4.507433146691837,0.8133837851824479,0.0016293792767732166,0.0010416929648693891, -1305.73404793264, 0.0011531509004456598
2021_8_11_0_53,-0.4479234495879199,0.12355441107859534,1.0029348381514578,-4.507433161592998,0.8133838000836091,0.0016293792767732166,0.0010416929648693891, -1305.7340478033782, 0.0011531509004456598
2021_8_11_0_53,-0.4479234495879199,0.12355441107859534,1.0029348381514578,-4.507433161592998,0.8133837851824479,0.0016293941779344104,0.0010416929648693891, -1305.734081860857, 0.0011531509004456598
2021_8_11_0_53,-0.4479234495879199,0.12355441107859534,1.0029348381514578,-4.507433161592998,0.8133837851824479,0.0016293792767732166,0.001041707866030583, -1305.734197481079, 0.0011531509004456598
2021_8_11_0_53,-0.4334550007369694,0.11868957086535345,0.9933312300515931,-4.524987178945397,0.8138292121382613,0.0016570266473267179,0.0010708910507905445, -1304.9317841106981, 0.0011596874725446718
2021_8_11_0_53,-0.44284337201558877,0.12184629669018657,0.99956287515638,-4.513596626023421,0.8135401809033472,0.0016390866606489625,0.0010519448269018085, -1305.3933163792512, 0.0011550249657513688
2021_8_11_0_54,-0.44624455408977787,0.12298990285678582,1.001820450937536,-4.509470101489656,0.8134354718088839,0.001632587433116437,0.0010450810637259, -1305.5721034923445, 0.001153714446914547
2021_8_11_0_54,-0.4474403567559364,0.12339197698078894,1.002614179435239,-4.508019279707167,0.8133986577214286,0.0016303024058988871,0.001042667871451391, -1305.6528226991793, 0.001153307503019056
2021_8_11_0_54,-0.4478177765565623,0.1235188798051534,1.0028646963974703,-4.507561370652949,0.8133870384418093,0.0016295812045324085,0.0010419062185692788, -1305.7190473523003, 0.0011531847538497374
2021_8_11_0_54,-0.44789811515400907,0.12354589268286827,1.0029180221142158,-4.507463898895737,0.8133845651305882,0.001629427687662961,0.0010417440910810317, -1305.7085598468245, 0.0011531589991809275
2021_8_11_0_54,-0.44792091614452884,0.12355355923902263,1.0029331565477335,-4.507436235323272,0.813383863177262,0.001629384117862191,0.0010416980774905534, -1305.7055784404301, 0.0011531517098254524
2021_8_11_0_54,-0.4479231962435808,0.12355432589463806,1.0029346699910853,-4.507433468966026,0.8133837929819293,0.001629379760882114,0.0010416934761315055, -1305.7052801797247, 0.0011531509813789045
2021_8_11_0_55,-0.447923424253486,0.12355440256019962,1.0029348213354206,-4.507433192330301,0.813383785962396,0.0016293793251841062,0.0010416930159956007, -1305.7052503524517, 0.001153150908539139
2021_8_11_0_55,-0.4479234470544765,0.12355441022675577,1.002934836469854,-4.507433164666729,0.8133837852604427,0.0016293792816143055,0.0010416929699820104, -1305.7340482900136, 0.0011531509012550408

	end time: 2021-08-11 00:55:16.793926
