	start time: 2021-07-19 14:43:43.985503
0.0,-0.75,2.5,1.5,5.0,0.025,0.025, -557.9023017201023, 0.007335041896575773
0.0,-0.75,2.5,1.5,5.0,0.025,0.025, -557.9023017201023, 0.007335041896575773
1.4901161193847656e-08,-0.75,2.5,1.5,5.0,0.025,0.025, -557.9022996825377, 0.007335041885051029
0.0,-0.7499999850988388,2.5,1.5,5.0,0.025,0.025, -557.902293656183, 0.007335041716461672
0.0,-0.75,2.500000014901161,1.5,5.0,0.025,0.025, -557.902302664188, 0.007335041972912486
0.0,-0.75,2.5,1.5000000149011612,5.0,0.025,0.025, -557.9023013338567, 0.007335041896575773
0.0,-0.75,2.5,1.5,5.000000014901161,0.025,0.025, -557.9023000938728, 0.007335041896575773
0.0,-0.75,2.5,1.5,5.0,0.025000014901161195,0.025, -557.9022567904758, 0.007335041896575773
0.0,-0.75,2.5,1.5,5.0,0.025,0.025000014901161195, -557.9022584059995, 0.007335041896575773
-6.999999995929983,-1.9999999895112524,4.999999998817607,-6.999999999661721,0.00010000202281901238,1.0058630687127812e-05,1.0056445626106802e-05, 631329289958.808, 0.7109138711866911
-0.6999999995929983,-0.8749999989511252,2.749999999881761,0.6500000000338279,4.500010000202282,0.022501005863068715,0.022501005644562613, -704.1146231011764, 0.011258247348797046
-0.6999999995929983,-0.8749999989511252,2.749999999881761,0.6500000000338279,4.500010000202282,0.022501005863068715,0.022501005644562613, -704.1146231011764, 0.011258247348797046
-0.6999999846918371,-0.8749999989511252,2.749999999881761,0.6500000000338279,4.500010000202282,0.022501005863068715,0.022501005644562613, -704.114622025309, 0.011258247341907321
-0.6999999995929983,-0.874999984049964,2.749999999881761,0.6500000000338279,4.500010000202282,0.022501005863068715,0.022501005644562613, -704.1146204789009, 0.011258247054788128
-0.6999999995929983,-0.8749999989511252,2.750000014782922,0.6500000000338279,4.500010000202282,0.022501005863068715,0.022501005644562613, -704.1146225953996, 0.011258247457119699
-0.6999999995929983,-0.8749999989511252,2.749999999881761,0.650000014934989,4.500010000202282,0.022501005863068715,0.022501005644562613, -704.114622865419, 0.011258247348797046
-0.6999999995929983,-0.8749999989511252,2.749999999881761,0.6500000000338279,4.5000100151034435,0.022501005863068715,0.022501005644562613, -704.1146222812057, 0.011258247348797046
-0.6999999995929983,-0.8749999989511252,2.749999999881761,0.6500000000338279,4.500010000202282,0.02250102076422991,0.022501005644562613, -704.1145850728873, 0.011258247348797046
-0.6999999995929983,-0.8749999989511252,2.749999999881761,0.6500000000338279,4.500010000202282,0.022501005863068715,0.022501020545723806, -704.1145908241534, 0.011258247348797046
-6.999974258466764,0.252748298467697,0.00010000000000021103,-6.999968690170539,0.00011839323367546228,9.999999999999593e-06,9.999999999999593e-06, 32161722723.963455, 0.33150685801632507
-1.329997425480375,-0.762225169209243,2.475009999893585,-0.11499686898660888,4.050020839505422,0.020251905276761843,0.020251905080106353, -768.3764734469424, 0.008901944164894784
-1.329997425480375,-0.762225169209243,2.475009999893585,-0.11499686898660888,4.050020839505422,0.020251905276761843,0.020251905080106353, -768.3764734469424, 0.008901944164894784
-1.3299974105792138,-0.762225169209243,2.475009999893585,-0.11499686898660888,4.050020839505422,0.020251905276761843,0.020251905080106353, -768.3764724481033, 0.008901944152074279
-1.329997425480375,-0.7622251543080818,2.475009999893585,-0.11499686898660888,4.050020839505422,0.020251905276761843,0.020251905080106353, -768.376470503473, 0.008901943986960204
-1.329997425480375,-0.762225169209243,2.475010014794746,-0.11499686898660888,4.050020839505422,0.020251905276761843,0.020251905080106353, -768.3764729798075, 0.008901944195958657
-1.329997425480375,-0.762225169209243,2.475009999893585,-0.11499685408544769,4.050020839505422,0.020251905276761843,0.020251905080106353, -768.3764732088009, 0.008901944164894784
-1.329997425480375,-0.762225169209243,2.475009999893585,-0.11499686898660888,4.050020854406583,0.020251905276761843,0.020251905080106353, -768.3764726537862, 0.008901944164894784
-1.329997425480375,-0.762225169209243,2.475009999893585,-0.11499686898660888,4.050020839505422,0.020251920177923037,0.020251905080106353, -768.3764342460289, 0.008901944164894784
-1.329997425480375,-0.762225169209243,2.475009999893585,-0.11499686898660888,4.050020839505422,0.020251905276761843,0.020251919981267547, -768.3764238153556, 0.008901944164894784
-6.145135081002027,-0.609820345515848,0.05221592809984621,-6.860627176760736,0.08208123138949208,0.000523284161838198,0.0011052491219950243, 8296473.802778227, 0.3670326937309497
-1.8115111910325403,-0.7469846868399035,2.232730592714211,-0.7895598997640216,3.6532268786938284,0.01827904316526948,0.01833723948429522, -818.6780390851186, 0.008731383503150572
-1.8115111910325403,-0.7469846868399035,2.232730592714211,-0.7895598997640216,3.6532268786938284,0.01827904316526948,0.01833723948429522, -818.6780390851186, 0.008731383503150572
-1.8115111761313791,-0.7469846868399035,2.232730592714211,-0.7895598997640216,3.6532268786938284,0.01827904316526948,0.01833723948429522, -818.6780382720137, 0.008731383493279682
-1.8115111910325403,-0.7469846719387423,2.232730592714211,-0.7895598997640216,3.6532268786938284,0.01827904316526948,0.01833723948429522, -818.6780370049084, 0.008731383356335854
-1.8115111910325403,-0.7469846868399035,2.2327306076153723,-0.7895598997640216,3.6532268786938284,0.01827904316526948,0.01833723948429522, -818.6780384950457, 0.008731383519234838
-1.8115111910325403,-0.7469846868399035,2.232730592714211,-0.7895598848628604,3.6532268786938284,0.01827904316526948,0.01833723948429522, -818.6780388610978, 0.008731383503150572
-1.8115111910325403,-0.7469846868399035,2.232730592714211,-0.7895598997640216,3.6532268935949896,0.01827904316526948,0.01833723948429522, -818.678038413058, 0.008731383503150572
-1.8115111910325403,-0.7469846868399035,2.232730592714211,-0.7895598997640216,3.6532268786938284,0.018279058066430674,0.01833723948429522, -818.6780029714442, 0.008731383503150572
-1.8115111910325403,-0.7469846868399035,2.232730592714211,-0.7895598997640216,3.6532268786938284,0.01827904316526948,0.018337254385456414, -818.6779840577157, 0.008731383503150572
-5.019919559121844,-0.3000917337985984,0.07919202579435636,-6.789890186389123,0.12368995932552806,0.000713231851495813,0.0019061416260120825, 31395.124448603045, 0.0059399295662068904
-2.1323520278414705,-0.702295391535773,2.017376736022226,-1.3895929284265318,3.3002731867569985,0.016522462033892113,0.016694129698466908, -853.159804185702, 0.008281398569007739
-2.1323520278414705,-0.702295391535773,2.017376736022226,-1.3895929284265318,3.3002731867569985,0.016522462033892113,0.016694129698466908, -853.159804185702, 0.008281398569007739
-2.1323520129403093,-0.702295391535773,2.017376736022226,-1.3895929284265318,3.3002731867569985,0.016522462033892113,0.016694129698466908, -853.1598034254137, 0.008281398566340775
-2.1323520278414705,-0.7022953766346118,2.017376736022226,-1.3895929284265318,3.3002731867569985,0.016522462033892113,0.016694129698466908, -853.159802340998, 0.008281398469466626
-2.1323520278414705,-0.702295391535773,2.017376750923387,-1.3895929284265318,3.3002731867569985,0.016522462033892113,0.016694129698466908, -853.1598034608859, 0.008281398581963643
-2.1323520278414705,-0.702295391535773,2.017376736022226,-1.3895929135253706,3.3002731867569985,0.016522462033892113,0.016694129698466908, -853.1598039687881, 0.008281398569007739
-2.1323520278414705,-0.702295391535773,2.017376736022226,-1.3895929284265318,3.3002732016581597,0.016522462033892113,0.016694129698466908, -853.1598035685366, 0.008281398569007739
-2.1323520278414705,-0.702295391535773,2.017376736022226,-1.3895929284265318,3.3002731867569985,0.016522476935053307,0.016694129698466908, -853.1597701093027, 0.008281398569007739
-2.1323520278414705,-0.702295391535773,2.017376736022226,-1.3895929284265318,3.3002731867569985,0.016522462033892113,0.0166941445996281, -853.1597428167117, 0.008281398569007739
-7.0,-2.0,0.00010000000000021103,-7.0,0.00010000000000021103,9.999999999999593e-06,9.999999999999593e-06, 1728224239637.1091, 2.1613563246927536
-2.6191168250573234,-0.8320658523821958,1.8156490624200032,-1.9506336355838787,2.9702558680812987,0.014871215830502901,0.015025716728620218, -869.1114412896524, 0.009354161838692492
-2.6191168250573234,-0.8320658523821958,1.8156490624200032,-1.9506336355838787,2.9702558680812987,0.014871215830502901,0.015025716728620218, -869.1114412896524, 0.009354161838692492
-2.619116810156162,-0.8320658523821958,1.8156490624200032,-1.9506336355838787,2.9702558680812987,0.014871215830502901,0.015025716728620218, -869.1114407870965, 0.009354161833122484
-2.6191168250573234,-0.8320658374810346,1.8156490624200032,-1.9506336355838787,2.9702558680812987,0.014871215830502901,0.015025716728620218, -869.1114415538909, 0.00935416165412434
-2.6191168250573234,-0.8320658523821958,1.8156490773211644,-1.9506336355838787,2.9702558680812987,0.014871215830502901,0.015025716728620218, -869.1114403650748, 0.009354161857856313
-2.6191168250573234,-0.8320658523821958,1.8156490624200032,-1.9506336206827175,2.9702558680812987,0.014871215830502901,0.015025716728620218, -869.1114411168525, 0.009354161838692492
-2.6191168250573234,-0.8320658523821958,1.8156490624200032,-1.9506336355838787,2.97025588298246,0.014871215830502901,0.015025716728620218, -869.1114408932239, 0.009354161838692492
-2.6191168250573234,-0.8320658523821958,1.8156490624200032,-1.9506336355838787,2.9702558680812987,0.014871230731664095,0.015025716728620218, -869.1114155386924, 0.009354161838692492
-2.6191168250573234,-0.8320658523821958,1.8156490624200032,-1.9506336355838787,2.9702558680812987,0.014871215830502901,0.015025731629781412, -869.1113959153594, 0.009354161838692492
-7.0,0.14642410800118288,9.999999999998899e-05,-7.0,0.00010000000000021103,1.0215688715569868e-05,1.0364264734906425e-05, 21737556907.330547, 0.275946849274528
-3.057205142551591,-0.7342168563438579,1.634094156178003,-2.455570272025491,2.673240281273169,0.013385115816324167,0.013524181482231687, -913.3247994884723, 0.00828993083549177
-3.057205142551591,-0.7342168563438579,1.634094156178003,-2.455570272025491,2.673240281273169,0.013385115816324167,0.013524181482231687, -913.3247994884723, 0.00828993083549177
-3.05720512765043,-0.7342168563438579,1.634094156178003,-2.455570272025491,2.673240281273169,0.013385115816324167,0.013524181482231687, -913.3247990103458, 0.008289930831945996
-3.057205142551591,-0.7342168414426967,1.634094156178003,-2.455570272025491,2.673240281273169,0.013385115816324167,0.013524181482231687, -913.3247993970612, 0.00828993071089763
-3.057205142551591,-0.7342168563438579,1.634094171079164,-2.455570272025491,2.673240281273169,0.013385115816324167,0.013524181482231687, -913.3247984830773, 0.008289930848247352
-3.057205142551591,-0.7342168563438579,1.634094156178003,-2.4555702571243296,2.673240281273169,0.013385115816324167,0.013524181482231687, -913.3247993290834, 0.00828993083549177
-3.057205142551591,-0.7342168563438579,1.634094156178003,-2.455570272025491,2.6732402961743302,0.013385115816324167,0.013524181482231687, -913.3247991303363, 0.00828993083549177
-3.057205142551591,-0.7342168563438579,1.634094156178003,-2.455570272025491,2.673240281273169,0.013385130717485361,0.013524181482231687, -913.3247745958181, 0.00828993083549177
-3.057205142551591,-0.7342168563438579,1.634094156178003,-2.455570272025491,2.673240281273169,0.013385115816324167,0.01352419638339288, -913.3247413071223, 0.00828993083549177
-7.0,-0.14829272648139535,9.999999999998899e-05,-7.0,0.7225091147632334,9.999999999999593e-06,9.999999999999593e-06, 13663272380.01362, 0.036570228622343805
-3.451484628296432,-0.6756244433576116,1.4706947405602027,-2.9100132448229417,2.4781671646221755,0.01204760423469175,0.012172763334008518, -947.1587329832937, 0.007814805922899553
-3.451484628296432,-0.6756244433576116,1.4706947405602027,-2.9100132448229417,2.4781671646221755,0.01204760423469175,0.012172763334008518, -947.1587329832937, 0.007814805922899553
-3.451484613395271,-0.6756244433576116,1.4706947405602027,-2.9100132448229417,2.4781671646221755,0.01204760423469175,0.012172763334008518, -947.1587325587569, 0.007814805919062945
-3.451484628296432,-0.6756244284564504,1.4706947405602027,-2.9100132448229417,2.4781671646221755,0.01204760423469175,0.012172763334008518, -947.158733015902, 0.00781480581820523
-3.451484628296432,-0.6756244433576116,1.4706947554613639,-2.9100132448229417,2.4781671646221755,0.01204760423469175,0.012172763334008518, -947.1587319054069, 0.007814805932418541
-3.451484628296432,-0.6756244433576116,1.4706947405602027,-2.9100132299217805,2.4781671646221755,0.01204760423469175,0.012172763334008518, -947.1587328416139, 0.007814805922899553
-3.451484628296432,-0.6756244433576116,1.4706947405602027,-2.9100132448229417,2.4781671795233366,0.01204760423469175,0.012172763334008518, -947.1587326771535, 0.007814805922899553
-3.451484628296432,-0.6756244433576116,1.4706947405602027,-2.9100132448229417,2.4781671646221755,0.012047619135852944,0.012172763334008518, -947.158713854051, 0.007814805922899553
-3.451484628296432,-0.6756244433576116,1.4706947405602027,-2.9100132448229417,2.4781671646221755,0.01204760423469175,0.012172778235169712, -947.1586699285303, 0.007814805922899553
-6.92440397921527,-0.15370534603433028,0.03143524630695471,-6.912867727102124,0.05132068843308124,0.026762670618483978,0.0007405236938503746, 606973.986393791, 0.05521786433861224
-3.7987765633883157,-0.6234325336252835,1.3267687911348778,-3.3102986930508598,2.235482517003266,0.013519110873070974,0.011029539369992705, -966.6252926637383, 0.0074832490193925795
-3.7987765633883157,-0.6234325336252835,1.3267687911348778,-3.3102986930508598,2.235482517003266,0.013519110873070974,0.011029539369992705, -966.6252926637383, 0.0074832490193925795
-3.7987765484871545,-0.6234325336252835,1.3267687911348778,-3.3102986930508598,2.235482517003266,0.013519110873070974,0.011029539369992705, -966.6252922951247, 0.007483249016360963
-3.7987765633883157,-0.6234325187241223,1.3267687911348778,-3.3102986930508598,2.235482517003266,0.013519110873070974,0.011029539369992705, -966.6252926635791, 0.007483248931882112
-3.7987765633883157,-0.6234325336252835,1.326768806036039,-3.3102986930508598,2.235482517003266,0.013519110873070974,0.011029539369992705, -966.6252915354344, 0.007483249027224416
-3.7987765633883157,-0.6234325336252835,1.3267687911348778,-3.3102986781496986,2.235482517003266,0.013519110873070974,0.011029539369992705, -966.6252925562633, 0.0074832490193925795
-3.7987765633883157,-0.6234325336252835,1.3267687911348778,-3.3102986930508598,2.2354825319044274,0.013519110873070974,0.011029539369992705, -966.6252924421036, 0.0074832490193925795
-3.7987765633883157,-0.6234325336252835,1.3267687911348778,-3.3102986930508598,2.235482517003266,0.013519125774232168,0.011029539369992705, -966.6252549293341, 0.0074832490193925795
-3.7987765633883157,-0.6234325336252835,1.3267687911348778,-3.3102986930508598,2.235482517003266,0.013519110873070974,0.011029554271153898, -966.625226603638, 0.0074832490193925795
-7.0,-0.016105597661219218,9.999999999998899e-05,-7.0,0.00010000000000021103,9.999999999999593e-06,9.999999999999593e-06, 18761504581.40387, 0.05064826713717057
-4.118898907049484,-0.5626998400288771,1.19410191202139,-3.679268823745774,2.0119442653029393,0.012168199785763877,0.009927585432993434, -994.7134729369033, 0.00715815431999092
-4.118898907049484,-0.5626998400288771,1.19410191202139,-3.679268823745774,2.0119442653029393,0.012168199785763877,0.009927585432993434, -994.7134729369033, 0.00715815431999092
-4.118898892148323,-0.5626998400288771,1.19410191202139,-3.679268823745774,2.0119442653029393,0.012168199785763877,0.009927585432993434, -994.7134726282567, 0.007158154316953424
-4.118898907049484,-0.5626998251277159,1.19410191202139,-3.679268823745774,2.0119442653029393,0.012168199785763877,0.009927585432993434, -994.713473056199, 0.007158154245841955
-4.118898907049484,-0.5626998400288771,1.1941019269225512,-3.679268823745774,2.0119442653029393,0.012168199785763877,0.009927585432993434, -994.7134717809159, 0.0071581543258901325
-4.118898907049484,-0.5626998400288771,1.19410191202139,-3.6792688088446126,2.0119442653029393,0.012168199785763877,0.009927585432993434, -994.7134728745497, 0.00715815431999092
-4.118898907049484,-0.5626998400288771,1.19410191202139,-3.679268823745774,2.0119442802041005,0.012168199785763877,0.009927585432993434, -994.7134728165188, 0.00715815431999092
-4.118898907049484,-0.5626998400288771,1.19410191202139,-3.679268823745774,2.0119442653029393,0.01216821468692507,0.009927585432993434, -994.713439279021, 0.00715815431999092
-4.118898907049484,-0.5626998400288771,1.19410191202139,-3.679268823745774,2.0119442653029393,0.012168199785763877,0.009927600334154628, -994.7134043189571, 0.00715815431999092
-7.0,-0.1468748604892191,9.999999999998899e-05,-3.8525648030798636,2.310021239023604,9.999999999999593e-06,9.999999999999593e-06, 1116477179.3577297, 0.035842427122926526
-4.407009016344536,-0.5211173420749112,1.074701720819251,-3.696598421679183,2.041751962675006,0.010952379807187489,0.00893582688969409, -1003.8596144591675, 0.00697670838860122
-4.407009016344536,-0.5211173420749112,1.074701720819251,-3.696598421679183,2.041751962675006,0.010952379807187489,0.00893582688969409, -1003.8596144591675, 0.00697670838860122
-4.407009001443375,-0.5211173420749112,1.074701720819251,-3.696598421679183,2.041751962675006,0.010952379807187489,0.00893582688969409, -1003.8596141174775, 0.00697670838698903
-4.407009016344536,-0.52111732717375,1.074701720819251,-3.696598421679183,2.041751962675006,0.010952379807187489,0.00893582688969409, -1003.8596144344368, 0.0069767083262512585
-4.407009016344536,-0.5211173420749112,1.0747017357204123,-3.696598421679183,2.041751962675006,0.010952379807187489,0.00893582688969409, -1003.8596133337405, 0.006976708394242032
-4.407009016344536,-0.5211173420749112,1.074701720819251,-3.6965984067780218,2.041751962675006,0.010952379807187489,0.00893582688969409, -1003.8596143863937, 0.00697670838860122
-4.407009016344536,-0.5211173420749112,1.074701720819251,-3.696598421679183,2.041751977576167,0.010952379807187489,0.00893582688969409, -1003.8596143107399, 0.00697670838860122
-4.407009016344536,-0.5211173420749112,1.074701720819251,-3.696598421679183,2.041751962675006,0.010952394708348683,0.00893582688969409, -1003.8595896053577, 0.00697670838860122
-4.407009016344536,-0.5211173420749112,1.074701720819251,-3.696598421679183,2.041751962675006,0.010952379807187489,0.008935841790855284, -1003.8595490677151, 0.00697670838860122
-7.0,-0.1417131884222525,9.999999999998899e-05,-6.321913650905881,1.9776301512804733,0.007020839023738107,1.076108548766358e-05, 5034312514.561374, 0.03315390207988708
-4.666308114710082,-0.48317692670964535,0.9672415487373259,-3.9591299446018526,2.0353397815355527,0.01055922572884255,0.008043320309273447, -1000.3452615063702, 0.006811314020981524
-4.517213325776948,-0.5049923447214166,1.0290302390037547,-3.8081765388816775,2.039026731469486,0.010785285999389285,0.008556504046000743, -1011.2551070344981, 0.00690674167555288
-4.517213325776948,-0.5049923447214166,1.0290302390037547,-3.8081765388816775,2.039026731469486,0.010785285999389285,0.008556504046000743, -1011.2551070344981, 0.00690674167555288
-4.517213310875786,-0.5049923447214166,1.0290302390037547,-3.8081765388816775,2.039026731469486,0.010785285999389285,0.008556504046000743, -1011.2551067242415, 0.00690674167372933
-4.517213325776948,-0.5049923298202554,1.0290302390037547,-3.8081765388816775,2.039026731469486,0.010785285999389285,0.008556504046000743, -1011.2551070828044, 0.0069067416148863485
-4.517213325776948,-0.5049923447214166,1.0290302539049159,-3.8081765388816775,2.039026731469486,0.010785285999389285,0.008556504046000743, -1011.2551059378699, 0.006906741680619075
-4.517213325776948,-0.5049923447214166,1.0290302390037547,-3.8081765239805163,2.039026731469486,0.010785285999389285,0.008556504046000743, -1011.2551069700517, 0.00690674167555288
-4.517213325776948,-0.5049923447214166,1.0290302390037547,-3.8081765388816775,2.0390267463706473,0.010785285999389285,0.008556504046000743, -1011.2551069017998, 0.00690674167555288
-4.517213325776948,-0.5049923447214166,1.0290302390037547,-3.8081765388816775,2.039026731469486,0.010785300900550479,0.008556504046000743, -1011.2550822316899, 0.00690674167555288
-4.517213325776948,-0.5049923447214166,1.0290302390037547,-3.8081765388816775,2.039026731469486,0.010785285999389285,0.008556518947161936, -1011.2550443328378, 0.00690674167555288
-4.64529731194927,-0.13584031586042622,9.999999999998899e-05,-6.681811619144412,0.00010071088845498011,9.999999999999593e-06,1.0016204141451851e-05, 16465611362.353973, 0.022284622755789317
-4.53002172439418,-0.46807714183531757,0.9261372151033792,-4.095540046907951,1.835134129411383,0.009707757399450357,0.007701855261814813, -1027.2452439738313, 0.0067361527105437875
-4.53002172439418,-0.46807714183531757,0.9261372151033792,-4.095540046907951,1.835134129411383,0.009707757399450357,0.007701855261814813, -1027.2452439738313, 0.0067361527105437875
-4.530021709493019,-0.46807714183531757,0.9261372151033792,-4.095540046907951,1.835134129411383,0.009707757399450357,0.007701855261814813, -1027.2452436712292, 0.0067361527092384505
-4.53002172439418,-0.4680771269341564,0.9261372151033792,-4.095540046907951,1.835134129411383,0.009707757399450357,0.007701855261814813, -1027.2452440654583, 0.006736152658448974
-4.53002172439418,-0.46807714183531757,0.9261372300045404,-4.095540046907951,1.835134129411383,0.009707757399450357,0.007701855261814813, -1027.245242933849, 0.006736152715102758
-4.53002172439418,-0.46807714183531757,0.9261372151033792,-4.09554003200679,1.835134129411383,0.009707757399450357,0.007701855261814813, -1027.2452439784836, 0.0067361527105437875
-4.53002172439418,-0.46807714183531757,0.9261372151033792,-4.095540046907951,1.8351341443125442,0.009707757399450357,0.007701855261814813, -1027.2452439839967, 0.0067361527105437875
-4.53002172439418,-0.46807714183531757,0.9261372151033792,-4.095540046907951,1.835134129411383,0.009707772300611551,0.007701855261814813, -1027.245235829685, 0.0067361527105437875
-4.53002172439418,-0.46807714183531757,0.9261372151033792,-4.095540046907951,1.835134129411383,0.009707757399450357,0.007701870162976007, -1027.2451870216842, 0.0067361527105437875
-7.0,-0.14876659803281067,9.999999999998899e-05,-4.285830729542435,2.6537294490405556,0.008822017479394777,1.0372057983723537e-05, 1013311676.3129363, 0.03681245619738642
-4.777019551954762,-0.4361460874550669,0.8335334935930413,-4.1145691151714,1.9169936613743002,0.0096191834074448,0.006932706941431705, -1018.5456323101248, 0.00661240492702177
-4.607631532962305,-0.45804400493567493,0.8970399668802121,-4.101519218302864,1.8608554188164894,0.00967992634266918,0.0074601792337502075, -1031.230610705158, 0.006700453844904598
-4.607631532962305,-0.45804400493567493,0.8970399668802121,-4.101519218302864,1.8608554188164894,0.00967992634266918,0.0074601792337502075, -1031.230610705158, 0.006700453844904598
-4.607631518061144,-0.45804400493567493,0.8970399668802121,-4.101519218302864,1.8608554188164894,0.00967992634266918,0.0074601792337502075, -1031.230610419298, 0.0067004538433958274
-4.607631532962305,-0.45804399003451374,0.8970399668802121,-4.101519218302864,1.8608554188164894,0.00967992634266918,0.0074601792337502075, -1031.2306108180856, 0.006700453793330442
-4.607631532962305,-0.45804400493567493,0.8970399817813733,-4.101519218302864,1.8608554188164894,0.00967992634266918,0.0074601792337502075, -1031.2306097128521, 0.006700453849015295
-4.607631532962305,-0.45804400493567493,0.8970399668802121,-4.101519203401703,1.8608554188164894,0.00967992634266918,0.0074601792337502075, -1031.2306107063198, 0.006700453844904598
-4.607631532962305,-0.45804400493567493,0.8970399668802121,-4.101519218302864,1.8608554337176506,0.00967992634266918,0.0074601792337502075, -1031.2306107035663, 0.006700453844904598
-4.607631532962305,-0.45804400493567493,0.8970399668802121,-4.101519218302864,1.8608554188164894,0.009679941243830373,0.0074601792337502075, -1031.2306012837064, 0.006700453844904598
-4.607631532962305,-0.45804400493567493,0.8970399668802121,-4.101519218302864,1.8608554188164894,0.00967992634266918,0.007460194134911401, -1031.230558422596, 0.006700453844904598
-7.0,-0.22113058736450883,9.999999999998899e-05,-1.4514103114451884,1.231573086720031,9.999999999999593e-06,0.012830399598788794, 94386777.84546849, 0.06826878972528538
-4.846868379666074,-0.4343526631785583,0.8073459701921909,-3.836508327617097,1.7979271856068435,0.008712933708402261,0.007997201270254066, -1018.0647883004921, 0.006594067625127474
-4.657756917159055,-0.45308014746942754,0.8782471007056459,-4.045993604690361,1.8476705691166353,0.00947732010547832,0.007572697168477915, -1022.5990958285095, 0.006682285838703217
-4.61264407138198,-0.4575476191890502,0.8951606802627555,-4.095966656941614,1.859536933846504,0.009659665718950093,0.007471431027222978, -1031.3468959157744, 0.006698741518816701
-4.61264407138198,-0.4575476191890502,0.8951606802627555,-4.095966656941614,1.859536933846504,0.009659665718950093,0.007471431027222978, -1031.3468959157744, 0.006698741518816701
-4.612644056480819,-0.4575476191890502,0.8951606802627555,-4.095966656941614,1.859536933846504,0.009659665718950093,0.007471431027222978, -1031.3468956299628, 0.006698741517276947
-4.61264407138198,-0.457547604287889,0.8951606802627555,-4.095966656941614,1.859536933846504,0.009659665718950093,0.007471431027222978, -1031.3468960258342, 0.00669874146723838
-4.61264407138198,-0.4575476191890502,0.8951606951639167,-4.095966656941614,1.859536933846504,0.009659665718950093,0.007471431027222978, -1031.3468949260923, 0.006698741522898969
-4.61264407138198,-0.4575476191890502,0.8951606802627555,-4.095966642040453,1.859536933846504,0.009659665718950093,0.007471431027222978, -1031.3468959168144, 0.006698741518816701
-4.61264407138198,-0.4575476191890502,0.8951606802627555,-4.095966656941614,1.8595369487476652,0.009659665718950093,0.007471431027222978, -1031.3468959137426, 0.006698741518816701
-4.61264407138198,-0.4575476191890502,0.8951606802627555,-4.095966656941614,1.859536933846504,0.009659680620111287,0.007471431027222978, -1031.3468868714351, 0.006698741518816701
-4.61264407138198,-0.4575476191890502,0.8951606802627555,-4.095966656941614,1.859536933846504,0.009659665718950093,0.007471445928384172, -1031.3468433474543, 0.006698741518816701
-7.0,0.03524445186392333,9.999999999998899e-05,-0.5624862771523285,9.999999999998899e-05,0.008377171417600571,9.999999999999593e-06, 274308902.38128114, 0.07505123321002158
-4.851379664243781,-0.4082684120837528,0.8056546122364799,-3.7426186189626853,1.6735932404618536,0.009531416288815141,0.00672528792450068, -1023.9529473421283, 0.00652448528566654
-4.690066751812286,-0.4415662221219572,0.8661335895876627,-3.9813748112215053,1.799234827326157,0.009618074037853528,0.007229454544768658, -1025.446716674202, 0.006643318559572849
-4.629236562188988,-0.45412263851872076,0.8889398709016765,-4.0714084249597,1.846613561231127,0.009650752186346893,0.007419572934241429, -1032.33052233234, 0.006686990469524409
-4.629236562188988,-0.45412263851872076,0.8889398709016765,-4.0714084249597,1.846613561231127,0.009650752186346893,0.007419572934241429, -1032.33052233234, 0.006686990469524409
-4.629236547287827,-0.45412263851872076,0.8889398709016765,-4.0714084249597,1.846613561231127,0.009650752186346893,0.007419572934241429, -1032.330522048651, 0.006686990467900562
-4.629236562188988,-0.45412262361755956,0.8889398709016765,-4.0714084249597,1.846613561231127,0.009650752186346893,0.007419572934241429, -1032.3305224387716, 0.006686990418369494
-4.629236562188988,-0.45412263851872076,0.8889398858028377,-4.0714084249597,1.846613561231127,0.009650752186346893,0.007419572934241429, -1032.3305213535916, 0.006686990473543152
-4.629236562188988,-0.45412263851872076,0.8889398709016765,-4.071408410058539,1.846613561231127,0.009650752186346893,0.007419572934241429, -1032.3305223341092, 0.006686990469524409
-4.629236562188988,-0.45412263851872076,0.8889398709016765,-4.0714084249597,1.8466135761322882,0.009650752186346893,0.007419572934241429, -1032.330522331412, 0.006686990469524409
-4.629236562188988,-0.45412263851872076,0.8889398709016765,-4.0714084249597,1.846613561231127,0.009650767087508087,0.007419572934241429, -1032.33051301664, 0.006686990469524409
-4.629236562188988,-0.45412263851872076,0.8889398709016765,-4.0714084249597,1.846613561231127,0.009650752186346893,0.007419587835402623, -1032.330470558202, 0.006686990469524409
-7.0,-0.22751503399674103,9.999999999998899e-05,-1.0208044706667305,0.8410374563989103,0.008982180311062805,0.011237398327078048, 11221002.105071094, 0.07050231090634614
-4.86631290597009,-0.4314618780665228,0.8000558838115088,-3.7663480295304033,1.7460559507479052,0.009583894998818484,0.007801355473525091, -1019.4202258432815, 0.00658264963265047
-4.67878208601521,-0.4493868676315953,0.870364404324498,-4.007655218506785,1.8255984763574349,0.009636780002008242,0.007499359958095566, -1023.5538966817618, 0.006668356316142349
-4.63419111457161,-0.4536490614300082,0.8870823242439586,-4.065033104314408,1.8445120527437577,0.009649354967913028,0.0074275516366268425, -1032.3266669000186, 0.006685389819701267
-4.631665506181304,-0.45389046977052844,0.8880292181431074,-4.068282956585447,1.8455833074319947,0.009650067207148208,0.007423484452321952, -1032.392807139379, 0.006686204800226438
-4.631665506181304,-0.45389046977052844,0.8880292181431074,-4.068282956585447,1.8455833074319947,0.009650067207148208,0.007423484452321952, -1032.392807139379, 0.006686204800226438
-4.631665491280143,-0.45389046977052844,0.8880292181431074,-4.068282956585447,1.8455833074319947,0.009650067207148208,0.007423484452321952, -1032.3928068554144, 0.0066862047987110255
-4.631665506181304,-0.45389045486936724,0.8880292181431074,-4.068282956585447,1.8455833074319947,0.009650067207148208,0.007423484452321952, -1032.392807244044, 0.006686204749101459
-4.631665506181304,-0.45389046977052844,0.8880292330442686,-4.068282956585447,1.8455833074319947,0.009650067207148208,0.007423484452321952, -1032.3928061627407, 0.00668620480417801
-4.631665506181304,-0.45389046977052844,0.8880292181431074,-4.068282941684286,1.8455833074319947,0.009650067207148208,0.007423484452321952, -1032.3928071411462, 0.006686204800226438
-4.631665506181304,-0.45389046977052844,0.8880292181431074,-4.068282956585447,1.845583322333156,0.009650067207148208,0.007423484452321952, -1032.3928071383766, 0.006686204800226438
-4.631665506181304,-0.45389046977052844,0.8880292181431074,-4.068282956585447,1.8455833074319947,0.009650082108309402,0.007423484452321952, -1032.3927977862159, 0.006686204800226438
-4.631665506181304,-0.45389046977052844,0.8880292181431074,-4.068282956585447,1.8455833074319947,0.009650067207148208,0.007423499353483146, -1032.3927552641742, 0.006686204800226438
-7.0,-0.08769158388962756,9.999999999998899e-05,1.2080713029576033,9.999999999998899e-05,0.0020252348672437697,9.999999999999593e-06, 105560916029.97021, 0.009080464846649759
-4.868498955563173,-0.41727058118243837,0.7992362963287967,-3.540647530631142,1.6610349766887953,0.008887583973157764,0.006682136007089757, -1023.8762377685989, 0.006543813152206561
-4.704737914465414,-0.4425917978252791,0.8606331191018243,-3.90548673260981,1.788642908989905,0.009414811223125015,0.0071947493795854545, -1025.971555688688, 0.006644634222985998
-4.646184736203489,-0.4516454634710172,0.8825857098062205,-4.035935920568031,1.8342694509169446,0.009603322672154265,0.007378035599421278, -1027.9597000221759, 0.006678298297970178
-4.633117429183523,-0.45366596914057733,0.8874848673094188,-4.065048252983706,1.8444519217804898,0.009645392753648814,0.007418939567031884, -1032.4354692021393, 0.0066854418924640864
-4.633117429183523,-0.45366596914057733,0.8874848673094188,-4.065048252983706,1.8444519217804898,0.009645392753648814,0.007418939567031884, -1032.4354692021393, 0.0066854418924640864
-4.633117414282362,-0.45366596914057733,0.8874848673094188,-4.065048252983706,1.8444519217804898,0.009645392753648814,0.007418939567031884, -1032.4354689188087, 0.006685441890857727
-4.633117429183523,-0.45366595423941614,0.8874848673094188,-4.065048252983706,1.8444519217804898,0.009645392753648814,0.007418939567031884, -1032.4354693075727, 0.006685441841282447
-4.633117429183523,-0.45366596914057733,0.88748488221058,-4.065048252983706,1.8444519217804898,0.009645392753648814,0.007418939567031884, -1032.4354682256105, 0.0066854418964953834
-4.633117429183523,-0.45366596914057733,0.8874848673094188,-4.065048238082545,1.8444519217804898,0.009645392753648814,0.007418939567031884, -1032.4354692038469, 0.0066854418924640864
-4.633117429183523,-0.45366596914057733,0.8874848673094188,-4.065048252983706,1.844451936681651,0.009645392753648814,0.007418939567031884, -1032.435469200973, 0.0066854418924640864
-4.633117429183523,-0.45366596914057733,0.8874848673094188,-4.065048252983706,1.8444519217804898,0.009645407654810008,0.007418939567031884, -1032.4354599248923, 0.0066854418924640864
-4.633117429183523,-0.45366596914057733,0.8874848673094188,-4.065048252983706,1.8444519217804898,0.009645392753648814,0.007418954468193078, -1032.4354174172768, 0.0066854418924640864
-4.564929000208279,-0.335427463026188,0.00010005988028294333,-0.21278759043818019,0.00010000345068328365,0.006985545112512344,1.0000213408503135e-05, 82140795953.42589, 0.30298425053681477
-4.626298586285999,-0.4418421185291384,0.7987463865665052,-3.6798221867291536,1.660016729947509,0.009379407989535167,0.006678045631669546, -1035.3591206120134, 0.0066229182288814635
-4.626298586285999,-0.4418421185291384,0.7987463865665052,-3.6798221867291536,1.660016729947509,0.009379407989535167,0.006678045631669546, -1035.3591206120134, 0.0066229182288814635
-4.6262985713848375,-0.4418421185291384,0.7987463865665052,-3.6798221867291536,1.660016729947509,0.009379407989535167,0.006678045631669546, -1035.3591203070303, 0.006622918228332891
-4.626298586285999,-0.4418421036279772,0.7987463865665052,-3.6798221867291536,1.660016729947509,0.009379407989535167,0.006678045631669546, -1035.359120659807, 0.006622918183035609
-4.626298586285999,-0.4418421185291384,0.7987464014676664,-3.6798221867291536,1.660016729947509,0.009379407989535167,0.006678045631669546, -1035.3591197685282, 0.006622918232887395
-4.626298586285999,-0.4418421185291384,0.7987463865665052,-3.6798221718279924,1.660016729947509,0.009379407989535167,0.006678045631669546, -1035.3591206162534, 0.0066229182288814635
-4.626298586285999,-0.4418421185291384,0.7987463865665052,-3.6798221867291536,1.6600167448486702,0.009379407989535167,0.006678045631669546, -1035.359120609569, 0.0066229182288814635
-4.626298586285999,-0.4418421185291384,0.7987463865665052,-3.6798221867291536,1.660016729947509,0.00937942289069636,0.006678045631669546, -1035.3591159388345, 0.0066229182288814635
-4.626298586285999,-0.4418421185291384,0.7987463865665052,-3.6798221867291536,1.660016729947509,0.009379407989535167,0.00667806053283074, -1035.3590898607854, 0.0066229182288814635
-6.999999984876814,-0.1700561912673958,9.999999999998899e-05,-0.23588383289527348,0.3041068360433339,0.008110024305160533,0.0075945899592110965, 13828594.432056881, 0.04719256586427762
-4.863668726145081,-0.4146635258029642,0.7188817479098547,-3.3354283513457657,1.5244257405570916,0.009252469621097704,0.006769700064423701, -1027.9538507178443, 0.0065134133454226376
-4.692800121790712,-0.43422777348042746,0.7763715372853387,-3.5833369300538642,1.622029605701725,0.009343844980554484,0.006703723505548642, -1032.359187179895, 0.006595153680127073
-4.641875173868378,-0.44005861816883024,0.7935055481884812,-3.6572225423810245,1.6511190441523405,0.009371078101813382,0.006684060134167442, -1035.8650261236794, 0.0066167194108109366
-4.641875173868378,-0.44005861816883024,0.7935055481884812,-3.6572225423810245,1.6511190441523405,0.009371078101813382,0.006684060134167442, -1035.8650261236794, 0.0066167194108109366
-4.641875158967217,-0.44005861816883024,0.7935055481884812,-3.6572225423810245,1.6511190441523405,0.009371078101813382,0.006684060134167442, -1035.8650258220016, 0.006616719410182281
-4.641875173868378,-0.44005860326766905,0.7935055481884812,-3.6572225423810245,1.6511190441523405,0.009371078101813382,0.006684060134167442, -1035.8650261651935, 0.006616719364832386
-4.641875173868378,-0.44005861816883024,0.7935055630896424,-3.6572225423810245,1.6511190441523405,0.009371078101813382,0.006684060134167442, -1035.8650252976172, 0.006616719414715617
-4.641875173868378,-0.44005861816883024,0.7935055481884812,-3.6572225274798633,1.6511190441523405,0.009371078101813382,0.006684060134167442, -1035.8650261280893, 0.0066167194108109366
-4.641875173868378,-0.44005861816883024,0.7935055481884812,-3.6572225423810245,1.6511190590535016,0.009371078101813382,0.006684060134167442, -1035.865026121188, 0.0066167194108109366
-4.641875173868378,-0.44005861816883024,0.7935055481884812,-3.6572225423810245,1.6511190441523405,0.009371093002974576,0.006684060134167442, -1035.8650212629761, 0.0066167194108109366
-4.641875173868378,-0.44005861816883024,0.7935055481884812,-3.6572225423810245,1.6511190441523405,0.009371078101813382,0.006684075035328636, -1035.8649950234865, 0.0066167194108109366
-7.0,0.05863021548784886,0.8744847519554504,-0.30430513115170355,9.999999999998899e-05,0.00888156311115697,0.0016224429712862788, -694.2458454534413, 0.005643366986365176
-4.87768765648154,-0.3901897348031623,0.8016034685651781,-3.3219308012580924,1.4860171397371065,0.00932212660274774,0.006177898417879326, -1026.5448699220253, 0.006477876177048033
-4.686440258843993,-0.43063413393371974,0.7950359358325707,-3.593857343180449,1.6199172166732974,0.009361826989695104,0.0065884030270973865, -1031.918185795478, 0.006590154044723691
-4.646628615867119,-0.43905337518086873,0.793668783800076,-3.6504638253427104,1.647790966190467,0.00937009135120128,0.006673857068012095, -1035.9788579944204, 0.006613880445631365
-4.646628615867119,-0.43905337518086873,0.793668783800076,-3.6504638253427104,1.647790966190467,0.00937009135120128,0.006673857068012095, -1035.9788579944204, 0.006613880445631365
-4.646628600965958,-0.43905337518086873,0.793668783800076,-3.6504638253427104,1.647790966190467,0.00937009135120128,0.006673857068012095, -1035.9788576934518, 0.006613880444969354
-4.646628615867119,-0.43905336027970754,0.793668783800076,-3.6504638253427104,1.647790966190467,0.00937009135120128,0.006673857068012095, -1035.9788580356994, 0.0066138803997472465
-4.646628615867119,-0.43905337518086873,0.7936687987012372,-3.6504638253427104,1.647790966190467,0.00937009135120128,0.006673857068012095, -1035.9788571689064, 0.00661388044949916
-4.646628615867119,-0.43905337518086873,0.793668783800076,-3.650463810441549,1.647790966190467,0.00937009135120128,0.006673857068012095, -1035.978857998895, 0.006613880445631365
-4.646628615867119,-0.43905337518086873,0.793668783800076,-3.6504638253427104,1.6477909810916282,0.00937009135120128,0.006673857068012095, -1035.9788579921767, 0.006613880445631365
-4.646628615867119,-0.43905337518086873,0.793668783800076,-3.6504638253427104,1.647790966190467,0.009370106252362474,0.006673857068012095, -1035.978853043463, 0.006613880445631365
-4.646628615867119,-0.43905337518086873,0.793668783800076,-3.6504638253427104,1.647790966190467,0.00937009135120128,0.006673871969173289, -1035.9788271532707, 0.006613880445631365
-7.0,-0.3510213036666283,9.999999999998899e-05,-7.0,4.182065850063832,0.0058881634266229645,0.006932956498853907, 151607890430.66263, 0.34965091770446055
-4.881965754280407,-0.4302501680294447,0.7143119054200684,-3.9854174428084392,1.9012184545778035,0.00902189855874345,0.006699767011096276, -1021.57716341111, 0.006553461773784978
-4.692182278268121,-0.4373493588520995,0.7783078574656536,-3.7153000178489366,1.6968463355510681,0.009302692482391075,0.006678872395418742, -1026.837631872123, 0.006604404518365003
-4.651183982107219,-0.43888297354799183,0.7921326911666338,-3.656947444593333,1.652696503126527,0.00936335146432026,0.00667435860075276, -1036.1128350361719, 0.006613166958413327
-4.651183982107219,-0.43888297354799183,0.7921326911666338,-3.656947444593333,1.652696503126527,0.00936335146432026,0.00667435860075276, -1036.1128350361719, 0.006613166958413327
-4.651183967206058,-0.43888297354799183,0.7921326911666338,-3.656947444593333,1.652696503126527,0.00936335146432026,0.00667435860075276, -1036.1128347355057, 0.006613166957787321
-4.651183982107219,-0.43888295864683063,0.7921326911666338,-3.656947444593333,1.652696503126527,0.00936335146432026,0.00667435860075276, -1036.112835076183, 0.0066131669126030445
-4.651183982107219,-0.43888297354799183,0.792132706067795,-3.656947444593333,1.652696503126527,0.00936335146432026,0.00667435860075276, -1036.112834214923, 0.0066131669622629076
-4.651183982107219,-0.43888297354799183,0.7921326911666338,-3.656947429692172,1.652696503126527,0.00936335146432026,0.00667435860075276, -1036.1128350402546, 0.006613166958413327
-4.651183982107219,-0.43888297354799183,0.7921326911666338,-3.656947444593333,1.6526965180276882,0.00936335146432026,0.00667435860075276, -1036.1128350326871, 0.006613166958413327
-4.651183982107219,-0.43888297354799183,0.7921326911666338,-3.656947444593333,1.652696503126527,0.009363366365481454,0.00667435860075276, -1036.1128301676117, 0.006613166958413327
-4.651183982107219,-0.43888297354799183,0.7921326911666338,-3.656947444593333,1.652696503126527,0.00936335146432026,0.006674373501913954, -1036.1128042609216, 0.006613166958413327
-7.0,-0.0424532482025044,0.6082115092872327,0.14808510111746287,9.999999999998899e-05,0.006164763219920264,0.003912126693294972, -1007.9911604118817, 0.005637449820742227
-5.477559605871859,-0.2994085068100115,0.7274243529054385,-2.31823631547413,1.0712693263280477,0.008238003486659734,0.005702532328231053, -1026.9540404807467, 0.006212146908524975
-4.948470935949471,-0.3887073171480446,0.7688539977775077,-3.175348832284896,1.4435292560529978,0.00895850981281177,0.006324746071155525, -1029.2172625705616, 0.006457449077931641
-4.733039987359208,-0.4250674369403025,0.7857230562206925,-3.5243424377843624,1.5951036789083475,0.009251880981260693,0.006578095092754835, -1028.23437174564, 0.006571051251477818
-4.660516255167747,-0.43730788617714134,0.7914019388736323,-3.6418293585234727,1.6461304367728555,0.009350642891712809,0.006663383751202804, -1031.2330315355787, 0.006608521457128948
-4.652117209413272,-0.4387254648109068,0.7920596159373336,-3.655435635986347,1.6520398964911598,0.009362080607059516,0.006673261115797764, -1036.1393486671025, 0.00661270643046013
-4.652117209413272,-0.4387254648109068,0.7920596159373336,-3.655435635986347,1.6520398964911598,0.009362080607059516,0.006673261115797764, -1036.1393486671025, 0.00661270643046013
-4.652117194512111,-0.4387254648109068,0.7920596159373336,-3.655435635986347,1.6520398964911598,0.009362080607059516,0.006673261115797764, -1036.1393483669335, 0.006612706429758814
-4.652117209413272,-0.4387254499097456,0.7920596159373336,-3.655435635986347,1.6520398964911598,0.009362080607059516,0.006673261115797764, -1036.1393487072176, 0.006612706384640677
-4.652117209413272,-0.4387254648109068,0.7920596308384948,-3.655435635986347,1.6520398964911598,0.009362080607059516,0.006673261115797764, -1036.1393478459815, 0.006612706434324989
-4.652117209413272,-0.4387254648109068,0.7920596159373336,-3.6554356210851857,1.6520398964911598,0.009362080607059516,0.006673261115797764, -1036.1393486711856, 0.00661270643046013
-4.652117209413272,-0.4387254648109068,0.7920596159373336,-3.655435635986347,1.652039911392321,0.009362080607059516,0.006673261115797764, -1036.1393486636277, 0.00661270643046013
-4.652117209413272,-0.4387254648109068,0.7920596159373336,-3.655435635986347,1.6520398964911598,0.00936209550822071,0.006673261115797764, -1036.1393438104524, 0.00661270643046013
-4.652117209413272,-0.4387254648109068,0.7920596159373336,-3.655435635986347,1.6520398964911598,0.009362080607059516,0.006673276016958958, -1036.1393179170595, 0.00661270643046013
-4.670248612027057,-0.384161094552322,0.00010000000792620423,0.002707716621292988,0.0001000000199131712,0.0062817264944413625,0.0004301444360748849, 48034512.761696234, 0.3123085423980783
-4.653930349674651,-0.43326902778504833,0.7128636543443929,-3.289621300725583,1.4868459068440352,0.0090540451957977,0.006048949447825476, -1035.7186602605673, 0.006575635722393088
-4.6529638460038205,-0.43617760939204114,0.7550794658979216,-3.4846204992999246,1.5749034061968836,0.009218245044023316,0.006381741969005452, -1033.5425742627033, 0.006595137641849522
-4.652335888659055,-0.4380673747784421,0.782507948303532,-3.61131549556744,1.6321161774974926,0.00932492906790734,0.006597964125491289, -1036.7993409833866, 0.006608237032567502
-4.652335888659055,-0.4380673747784421,0.782507948303532,-3.61131549556744,1.6321161774974926,0.00932492906790734,0.006597964125491289, -1036.7993409833866, 0.006608237032567502
-4.6523358737578935,-0.4380673747784421,0.782507948303532,-3.61131549556744,1.6321161774974926,0.00932492906790734,0.006597964125491289, -1036.7993406841174, 0.006608237031836155
-4.652335888659055,-0.4380673598772809,0.782507948303532,-3.61131549556744,1.6321161774974926,0.00932492906790734,0.006597964125491289, -1036.7993410305237, 0.0066082369868239454
-4.652335888659055,-0.4380673747784421,0.7825079632046932,-3.61131549556744,1.6321161774974926,0.00932492906790734,0.006597964125491289, -1036.7993401836525, 0.00660823703636401
-4.652335888659055,-0.4380673747784421,0.782507948303532,-3.6113154806662786,1.6321161774974926,0.00932492906790734,0.006597964125491289, -1036.7993409876208, 0.006608237032567502
-4.652335888659055,-0.4380673747784421,0.782507948303532,-3.61131549556744,1.6321161923986538,0.00932492906790734,0.006597964125491289, -1036.7993409794956, 0.006608237032567502
-4.652335888659055,-0.4380673747784421,0.782507948303532,-3.61131549556744,1.6321161774974926,0.009324943969068534,0.006597964125491289, -1036.7993369311564, 0.006608237032567502
-4.652335888659055,-0.4380673747784421,0.782507948303532,-3.61131549556744,1.6321161774974926,0.00932492906790734,0.006597979026652483, -1036.7993133707423, 0.006608237032567502
-6.999999999999998,-0.16780259927006508,0.4815522909128532,-5.574010654140899,2.765402809480772,0.008725577782962053,0.0058667267907211275, -1002.6607825980493, 0.005771254051632703
-5.421225290001664,-0.34955227568876146,0.6839412009890629,-4.254122743079358,2.0032817440731527,0.009128634015114509,0.006358474739486384, -1017.9218109419571, 0.0063001990058797665
-4.855831417191011,-0.41464082365046406,0.7564211114900589,-3.781441914722388,1.73034946438022,0.00927297729767025,0.0065345804722665695, -1026.24114938992, 0.006524742846580183
-4.68767574059169,-0.4339990256892628,0.7779776033026875,-3.6408603337569487,1.6491757651864007,0.009315906914540817,0.006586956665346732, -1032.5585935714498, 0.006594951918779789
-4.6558698738523185,-0.4376605398695242,0.7820549138034475,-3.614269979386391,1.6338221362663834,0.009324026852570689,0.006596863379476833, -1031.762153250942, 0.006606913303187863
-4.652689287178381,-0.4380266912875503,0.7824626448535236,-3.611610943949335,1.6322867733743818,0.009324838846373674,0.006597854050889843, -1036.809104274855, 0.0066081171994664895
-4.652689287178381,-0.4380266912875503,0.7824626448535236,-3.611610943949335,1.6322867733743818,0.009324838846373674,0.006597854050889843, -1036.809104274855, 0.0066081171994664895
-4.65268927227722,-0.4380266912875503,0.7824626448535236,-3.611610943949335,1.6322867733743818,0.009324838846373674,0.006597854050889843, -1036.8091039751143, 0.006608117198799805
-4.652689287178381,-0.4380266763863891,0.7824626448535236,-3.611610943949335,1.6322867733743818,0.009324838846373674,0.006597854050889843, -1036.8091043215632, 0.0066081171538019965
-4.652689287178381,-0.4380266912875503,0.7824626597546848,-3.611610943949335,1.6322867733743818,0.009324838846373674,0.006597854050889843, -1036.8091034740517, 0.006608117203402307
-4.652689287178381,-0.4380266912875503,0.7824626448535236,-3.6116109290481737,1.6322867733743818,0.009324838846373674,0.006597854050889843, -1036.8091042790882, 0.0066081171994664895
-4.652689287178381,-0.4380266912875503,0.7824626448535236,-3.611610943949335,1.632286788275543,0.009324838846373674,0.006597854050889843, -1036.8091042709484, 0.0066081171994664895
-4.652689287178381,-0.4380266912875503,0.7824626448535236,-3.611610943949335,1.6322867733743818,0.009324853747534868,0.006597854050889843, -1036.8091002171177, 0.0066081171994664895
-4.652689287178381,-0.4380266912875503,0.7824626448535236,-3.611610943949335,1.6322867733743818,0.009324838846373674,0.006597868952051037, -1036.8090766650073, 0.0066081171994664895
-7.0,-0.2980865717335515,0.09931154713199541,-6.849946857915221,3.4266767849326976,0.008808576669610118,0.007468093868294397, 191.95805811824698, 0.005969094573745049
-4.887420358460543,-0.4240326793321504,0.7141475350813707,-3.9354445353459235,1.8117257745302133,0.00927321262869732,0.006684878032630299, -1027.6517061522484, 0.0065360185393766495
-4.7079586363472,-0.4347316868008801,0.7663772939245678,-3.687860209705789,1.674537152734958,0.009312683031485452,0.006618344558629623, -1022.7522474706149, 0.0065925040730648735
-4.658216222095263,-0.43769719083888325,0.780854109760628,-3.6192358705249803,1.6365118113104393,0.009323623264884852,0.006599903101663821, -1031.8840886052, 0.006606654969752896
-4.653241980670069,-0.4379937412426836,0.782301791344234,-3.6123734366068994,1.6327092771679876,0.009324717288224793,0.006598058955967241, -1031.723919404836, 0.0066079750069541155
-4.65274455652755,-0.43802339628306364,0.7824465595025946,-3.6116871932150914,1.6323290237537424,0.009324826690558787,0.006597874541397583, -1036.8110212335866, 0.006608105595564606
-4.65274455652755,-0.43802339628306364,0.7824465595025946,-3.6116871932150914,1.6323290237537424,0.009324826690558787,0.006597874541397583, -1036.8110212335866, 0.006608105595564606
-4.652744541626388,-0.43802339628306364,0.7824465595025946,-3.6116871932150914,1.6323290237537424,0.009324826690558787,0.006597874541397583, -1036.811020934631, 0.0066081055947798655
-4.65274455652755,-0.43802338138190244,0.7824465595025946,-3.6116871932150914,1.6323290237537424,0.009324826690558787,0.006597874541397583, -1036.8110212809436, 0.006608105549791566
-4.65274455652755,-0.43802339628306364,0.7824465744037558,-3.6116871932150914,1.6323290237537424,0.009324826690558787,0.006597874541397583, -1036.8110204338757, 0.00660810559938566
-4.65274455652755,-0.43802339628306364,0.7824465595025946,-3.61168717831393,1.6323290237537424,0.009324826690558787,0.006597874541397583, -1036.8110212378203, 0.006608105595564606
-4.65274455652755,-0.43802339628306364,0.7824465595025946,-3.6116871932150914,1.6323290386549036,0.009324826690558787,0.006597874541397583, -1036.8110212296779, 0.006608105595564606
-4.65274455652755,-0.43802339628306364,0.7824465595025946,-3.6116871932150914,1.6323290237537424,0.00932484159171998,0.006597874541397583, -1036.8110171749333, 0.006608105595564606
-4.65274455652755,-0.43802339628306364,0.7824465595025946,-3.6116871932150914,1.6323290237537424,0.009324826690558787,0.006597889442558777, -1036.8109936234896, 0.006608105595564606
-3.683840225750242,-0.6299365545144737,0.16973771710974805,-0.823201006104489,0.3077308281933324,0.008712664572087452,0.007034279634539513, -722.6068458148621, 0.007175416523358232
-4.555854123449818,-0.4572147121062047,0.72117567526331,-3.332838574504031,1.4998692041977015,0.009263610478711654,0.006641515050711776, -1037.2269589705893, 0.006648387759905676
-4.555854123449818,-0.4572147121062047,0.72117567526331,-3.332838574504031,1.4998692041977015,0.009263610478711654,0.006641515050711776, -1037.2269589705893, 0.006648387759905676
-4.555854108548657,-0.4572147121062047,0.72117567526331,-3.332838574504031,1.4998692041977015,0.009263610478711654,0.006641515050711776, -1037.2269586651007, 0.006648387759038132
-4.555854123449818,-0.4572146972050435,0.72117567526331,-3.332838574504031,1.4998692041977015,0.009263610478711654,0.006641515050711776, -1037.2269589906773, 0.0066483877119065185
-4.555854123449818,-0.4572147121062047,0.7211756901644711,-3.332838574504031,1.4998692041977015,0.009263610478711654,0.006641515050711776, -1037.2269583058462, 0.006648387763488525
-4.555854123449818,-0.4572147121062047,0.72117567526331,-3.33283855960287,1.4998692041977015,0.009263610478711654,0.006641515050711776, -1037.2269589799164, 0.006648387759905676
-4.555854123449818,-0.4572147121062047,0.72117567526331,-3.332838574504031,1.4998692190988627,0.009263610478711654,0.006641515050711776, -1037.226958974366, 0.006648387759905676
-4.555854123449818,-0.4572147121062047,0.72117567526331,-3.332838574504031,1.4998692041977015,0.009263625379872848,0.006641515050711776, -1037.2269579735364, 0.006648387759905676
-4.555854123449818,-0.4572147121062047,0.72117567526331,-3.332838574504031,1.4998692041977015,0.009263610478711654,0.0066415299518729695, -1037.2269328232267, 0.006648387759905676
-4.654828344270128,-0.33410303692094384,0.6702924998994662,-0.07418055003142365,9.999999999998899e-05,0.008594787882878343,0.004544907941534332, -1059.1070516070731, 0.0063041305183695875
-4.654828344270128,-0.33410303692094384,0.6702924998994662,-0.07418055003142365,9.999999999998899e-05,0.008594787882878343,0.004544907941534332, -1059.1070516070731, 0.0063041305183695875
-4.654828329368967,-0.33410303692094384,0.6702924998994662,-0.07418055003142365,9.999999999998899e-05,0.008594787882878343,0.004544907941534332, -1059.1070514038142, 0.00630413051657463
-4.654828344270128,-0.33410302201978265,0.6702924998994662,-0.07418055003142365,9.999999999998899e-05,0.008594787882878343,0.004544907941534332, -1059.1070518599497, 0.006304130481648927
-4.654828344270128,-0.33410303692094384,0.6702925148006273,-0.07418055003142365,9.999999999998899e-05,0.008594787882878343,0.004544907941534332, -1059.1070513743414, 0.006304130520500693
-4.654828344270128,-0.33410303692094384,0.6702924998994662,-0.07418053513026246,9.999999999998899e-05,0.008594787882878343,0.004544907941534332, -1059.10705161928, 0.0063041305183695875
-4.654828344270128,-0.33410303692094384,0.6702924998994662,-0.07418055003142365,0.00010001490116118283,0.008594787882878343,0.004544907941534332, -1059.1070516914413, 0.0063041305183695875
-4.654828344270128,-0.33410303692094384,0.6702924998994662,-0.07418055003142365,9.999999999998899e-05,0.008594802784039537,0.004544907941534332, -1059.1070632293388, 0.0063041305183695875
-4.654828344270128,-0.33410303692094384,0.6702924998994662,-0.07418055003142365,9.999999999998899e-05,0.008594787882878343,0.004544922842695526, -1059.1071918893633, 0.0063041305183695875
-4.572191700166648,-0.4040652050439324,0.6544442594838535,-1.8049022638064118,0.8182760135140903,0.009044474903610275,0.006188904598491007, -1049.2683629142432, 0.0064749005973004335
-4.628670705521655,-0.3562487222845635,0.6652759294410696,-0.6220197544692778,0.259083805869075,0.008737130916841017,0.005065295369205289, -1061.2086015482496, 0.006356701146587811
-4.628670705521655,-0.3562487222845635,0.6652759294410696,-0.6220197544692778,0.259083805869075,0.008737130916841017,0.005065295369205289, -1061.2086015482496, 0.006356701146587811
-4.628670690620494,-0.3562487222845635,0.6652759294410696,-0.6220197544692778,0.259083805869075,0.008737130916841017,0.005065295369205289, -1061.2086013286932, 0.006356701144630454
-4.628670705521655,-0.3562487073834023,0.6652759294410696,-0.6220197544692778,0.259083805869075,0.008737130916841017,0.005065295369205289, -1061.2086016701746, 0.006356701107162303
-4.628670705521655,-0.3562487222845635,0.6652759443422308,-0.6220197544692778,0.259083805869075,0.008737130916841017,0.005065295369205289, -1061.2086012941877, 0.00635670114869228
-4.628670705521655,-0.3562487222845635,0.6652759294410696,-0.6220197395681166,0.259083805869075,0.008737130916841017,0.005065295369205289, -1061.2086015509938, 0.006356701146587811
-4.628670705521655,-0.3562487222845635,0.6652759294410696,-0.6220197544692778,0.2590838207702362,0.008737130916841017,0.005065295369205289, -1061.2086015933703, 0.006356701146587811
-4.628670705521655,-0.3562487222845635,0.6652759294410696,-0.6220197544692778,0.259083805869075,0.008737145818002211,0.005065295369205289, -1061.208609625659, 0.006356701146587811
-4.628670705521655,-0.3562487222845635,0.6652759294410696,-0.6220197544692778,0.259083805869075,0.008737130916841017,0.005065310270366483, -1061.208663464207, 0.006356701146587811
-4.787302192366352,-0.32682893790053025,0.7430203204910815,-2.3240202221093273,0.9958545370121176,0.009107670820560692,0.005312001758950753, -1053.8539583055417, 0.006311972851428924
-4.658343087255806,-0.35074568445680815,0.6798181952598569,-0.9403828272239412,0.3968984530105265,0.008806441251690679,0.005111442362582136, -1061.999027089966, 0.006348235408054518
-4.658343087255806,-0.35074568445680815,0.6798181952598569,-0.9403828272239412,0.3968984530105265,0.008806441251690679,0.005111442362582136, -1061.999027089966, 0.006348235408054518
-4.658343072354644,-0.35074568445680815,0.6798181952598569,-0.9403828272239412,0.3968984530105265,0.008806441251690679,0.005111442362582136, -1061.999026868814, 0.0063482354061221115
-4.658343087255806,-0.35074566955564696,0.6798181952598569,-0.9403828272239412,0.3968984530105265,0.008806441251690679,0.005111442362582136, -1061.9990271917889, 0.006348235369054863
-4.658343087255806,-0.35074568445680815,0.6798182101610181,-0.9403828272239412,0.3968984530105265,0.008806441251690679,0.005111442362582136, -1061.9990267733242, 0.006348235410219853
-4.658343087255806,-0.35074568445680815,0.6798181952598569,-0.94038281232278,0.3968984530105265,0.008806441251690679,0.005111442362582136, -1061.9990270936864, 0.006348235408054518
-4.658343087255806,-0.35074568445680815,0.6798181952598569,-0.9403828272239412,0.3968984679116877,0.008806441251690679,0.005111442362582136, -1061.9990271288702, 0.006348235408054518
-4.658343087255806,-0.35074568445680815,0.6798181952598569,-0.9403828272239412,0.3968984530105265,0.008806456152851872,0.005111442362582136, -1061.9990323050306, 0.006348235408054518
-4.658343087255806,-0.35074568445680815,0.6798181952598569,-0.9403828272239412,0.3968984530105265,0.008806441251690679,0.00511145726374333, -1061.9990817592238, 0.006348235408054518
-4.763077553352341,-0.3186960016798455,0.6802439565387045,-2.1555773855327347,0.9222049559445661,0.00895856497751447,0.005689352378215374, -1065.828291329177, 0.006281002863355888
-4.763077553352341,-0.3186960016798455,0.6802439565387045,-2.1555773855327347,0.9222049559445661,0.00895856497751447,0.005689352378215374, -1065.828291329177, 0.006281002863355888
-4.76307753845118,-0.3186960016798455,0.6802439565387045,-2.1555773855327347,0.9222049559445661,0.00895856497751447,0.005689352378215374, -1065.8282910706325, 0.00628100286149007
-4.763077553352341,-0.3186959867786843,0.6802439565387045,-2.1555773855327347,0.9222049559445661,0.00895856497751447,0.005689352378215374, -1065.8282909961376, 0.006281002827114928
-4.763077553352341,-0.3186960016798455,0.6802439714398657,-2.1555773855327347,0.9222049559445661,0.00895856497751447,0.005689352378215374, -1065.8282911446495, 0.0062810028652268545
-4.763077553352341,-0.3186960016798455,0.6802439565387045,-2.1555773706315735,0.9222049559445661,0.00895856497751447,0.005689352378215374, -1065.8282913351368, 0.006281002863355888
-4.763077553352341,-0.3186960016798455,0.6802439565387045,-2.1555773855327347,0.9222049708457273,0.00895856497751447,0.005689352378215374, -1065.8282913370783, 0.006281002863355888
-4.763077553352341,-0.3186960016798455,0.6802439565387045,-2.1555773855327347,0.9222049559445661,0.008958579878675665,0.005689352378215374, -1065.8282886794202, 0.006281002863355888
-4.763077553352341,-0.3186960016798455,0.6802439565387045,-2.1555773855327347,0.9222049559445661,0.00895856497751447,0.005689367279376568, -1065.8282814034546, 0.006281002863355888
-4.901663360814727,-0.2894198101166371,0.7272529880402302,-2.393794548099648,1.0544371820565965,0.008710924383295874,0.005736901741794543, -1057.152889653475, 0.006232877568717963
-4.776936134098579,-0.3157683825235247,0.6849448596888571,-2.179399101789426,0.9354281785557691,0.008933800918092611,0.0056941073145732905, -1066.0602570114943, 0.006276288123354039
-4.776936134098579,-0.3157683825235247,0.6849448596888571,-2.179399101789426,0.9354281785557691,0.008933800918092611,0.0056941073145732905, -1066.0602570114943, 0.006276288123354039
-4.776936119197418,-0.3157683825235247,0.6849448596888571,-2.179399101789426,0.9354281785557691,0.008933800918092611,0.0056941073145732905, -1066.0602567522826, 0.006276288121509876
-4.776936134098579,-0.3157683676223635,0.6849448596888571,-2.179399101789426,0.9354281785557691,0.008933800918092611,0.0056941073145732905, -1066.0602566755117, 0.006276288087425066
-4.776936134098579,-0.3157683825235247,0.6849448745900183,-2.179399101789426,0.9354281785557691,0.008933800918092611,0.0056941073145732905, -1066.0602568042646, 0.006276288125396799
-4.776936134098579,-0.3157683825235247,0.6849448596888571,-2.1793990868882647,0.9354281785557691,0.008933800918092611,0.0056941073145732905, -1066.0602570158064, 0.006276288123354039
-4.776936134098579,-0.3157683825235247,0.6849448596888571,-2.179399101789426,0.9354281934569303,0.008933800918092611,0.0056941073145732905, -1066.0602570153767, 0.006276288123354039
-4.776936134098579,-0.3157683825235247,0.6849448596888571,-2.179399101789426,0.9354281785557691,0.008933815819253805,0.0056941073145732905, -1066.0602549036485, 0.006276288123354039
-4.776936134098579,-0.3157683825235247,0.6849448596888571,-2.179399101789426,0.9354281785557691,0.008933800918092611,0.005694122215734484, -1066.0602463155362, 0.006276288123354039
-5.032734419687349,-0.27021958377554806,0.7401478193404843,-2.726724717693342,1.2158495469243031,0.008785965642736966,0.0057752497285977105, -1058.6517221278245, 0.006199501483111533
-4.809517232915982,-0.3099668193519576,0.6919760760212222,-2.249112117793487,0.9711455262787893,0.008914971097931879,0.005704442446427389, -1056.3464592311545, 0.006266443063587717
-4.780194243980319,-0.315188226206368,0.6856479813220936,-2.186370403389832,0.9389999133280711,0.008931917936076538,0.005695140827758701, -1066.0924027484127, 0.006275392085039437
-4.780194243980319,-0.315188226206368,0.6856479813220936,-2.186370403389832,0.9389999133280711,0.008931917936076538,0.005695140827758701, -1066.0924027484127, 0.006275392085039437
-4.780194229079158,-0.315188226206368,0.6856479813220936,-2.186370403389832,0.9389999133280711,0.008931917936076538,0.005695140827758701, -1066.0924024887288, 0.006275392083208108
-4.780194243980319,-0.3151882113052068,0.6856479813220936,-2.186370403389832,0.9389999133280711,0.008931917936076538,0.005695140827758701, -1066.0924024127276, 0.0062753920490721486
-4.780194243980319,-0.315188226206368,0.6856479962232548,-2.186370403389832,0.9389999133280711,0.008931917936076538,0.005695140827758701, -1066.0924025379165, 0.006275392087126327
-4.780194243980319,-0.315188226206368,0.6856479813220936,-2.1863703884886707,0.9389999133280711,0.008931917936076538,0.005695140827758701, -1066.0924027524563, 0.006275392085039437
-4.780194243980319,-0.315188226206368,0.6856479813220936,-2.186370403389832,0.9389999282292323,0.008931917936076538,0.005695140827758701, -1066.092402751541, 0.006275392085039437
-4.780194243980319,-0.315188226206368,0.6856479813220936,-2.186370403389832,0.9389999133280711,0.008931932837237732,0.005695140827758701, -1066.0924006482146, 0.006275392085039437
-4.780194243980319,-0.315188226206368,0.6856479813220936,-2.186370403389832,0.9389999133280711,0.008931917936076538,0.005695155728919894, -1066.092391914364, 0.006275392085039437
-6.789331106393473,0.09035582844694312,1.0665268323290937,-5.125481414847023,2.2870675983943336,0.00750129414390721,0.0061728190343740726, -1043.0641651091005, 0.005729269587793983
-5.245083789345804,-0.22135032261676002,0.7737786603198895,-2.866444522508775,1.2509261862249956,0.00860088919593794,0.0058056696864237575, -1061.1430749253027, 0.006120151805123797
-4.892039111359205,-0.2926123520299736,0.7068507900382378,-2.349985181177257,1.0140443039192149,0.00885227780239641,0.0057217322743983836, -1057.3043254837644, 0.0062350305242188965
-4.791378730718208,-0.31293063878872857,0.687768262193708,-2.2027318811685745,0.9465043523871854,0.008923953922708526,0.005697799972422669, -1061.1825534550098, 0.00627154683372852
-4.781312692654108,-0.31496246746460405,0.6858600094092551,-2.1880065511677063,0.9397503572339825,0.008931121534739737,0.0056954067422250974, -1066.1034012847294, 0.006275016629026486
-4.781312692654108,-0.31496246746460405,0.6858600094092551,-2.1880065511677063,0.9397503572339825,0.008931121534739737,0.0056954067422250974, -1066.1034012847294, 0.006275016629026486
-4.781312677752947,-0.31496246746460405,0.6858600094092551,-2.1880065511677063,0.9397503572339825,0.008931121534739737,0.0056954067422250974, -1066.103401026343, 0.006275016627103319
-4.781312692654108,-0.31496245256344285,0.6858600094092551,-2.1880065511677063,0.9397503572339825,0.008931121534739737,0.0056954067422250974, -1066.1034009505158, 0.0062750165929526276
-4.781312692654108,-0.31496246746460405,0.6858600243104163,-2.1880065511677063,0.9397503572339825,0.008931121534739737,0.0056954067422250974, -1066.103401075091, 0.006275016631012309
-4.781312692654108,-0.31496246746460405,0.6858600094092551,-2.188006536266545,0.9397503572339825,0.008931121534739737,0.0056954067422250974, -1066.10340128875, 0.006275016629026486
-4.781312692654108,-0.31496246746460405,0.6858600094092551,-2.1880065511677063,0.9397503721351437,0.008931121534739737,0.0056954067422250974, -1066.1034012877792, 0.006275016629026486
-4.781312692654108,-0.31496246746460405,0.6858600094092551,-2.1880065511677063,0.9397503572339825,0.008931136435900931,0.0056954067422250974, -1066.1033991897789, 0.006275016629026486
-4.781312692654108,-0.31496246746460405,0.6858600094092551,-2.1880065511677063,0.9397503572339825,0.008931121534739737,0.005695421643386291, -1066.103390401609, 0.006275016629026486
-4.983038325922039,-0.2737315100707731,0.7273020387989378,-2.2158688442311036,0.9703887806906145,0.00875650531335819,0.005601569291969196, -1058.5860409289185, 0.006203143373722112
-4.803188579646276,-0.31049122724632017,0.6903541390692706,-2.191028043104668,0.9430729032004898,0.008912185494415756,0.005685230655903411, -1056.3008707799174, 0.006267178900586237
-4.783500281353325,-0.31451534344277565,0.6863094223752566,-2.1883087003614023,0.9400826118306332,0.008929227930707339,0.005694389133592929, -1066.1259739796758, 0.006274274135580934
-4.783500281353325,-0.31451534344277565,0.6863094223752566,-2.1883087003614023,0.9400826118306332,0.008929227930707339,0.005694389133592929, -1066.1259739796758, 0.006274274135580934
-4.7835002664521635,-0.31451534344277565,0.6863094223752566,-2.1883087003614023,0.9400826118306332,0.008929227930707339,0.005694389133592929, -1066.1259737198918, 0.006274274133750413
-4.783500281353325,-0.31451532854161446,0.6863094223752566,-2.1883087003614023,0.9400826118306332,0.008929227930707339,0.005694389133592929, -1066.1259736437937, 0.006274274099639357
-4.783500281353325,-0.31451534344277565,0.6863094372764178,-2.1883087003614023,0.9400826118306332,0.008929227930707339,0.005694389133592929, -1066.125973767341, 0.006274274137627099
-4.783500281353325,-0.31451534344277565,0.6863094223752566,-2.188308685460241,0.9400826118306332,0.008929227930707339,0.005694389133592929, -1066.1259739835807, 0.006274274135580934
-4.783500281353325,-0.31451534344277565,0.6863094223752566,-2.1883087003614023,0.9400826267317944,0.008929227930707339,0.005694389133592929, -1066.1259739824911, 0.006274274135580934
-4.783500281353325,-0.31451534344277565,0.6863094223752566,-2.1883087003614023,0.9400826118306332,0.008929242831868533,0.005694389133592929, -1066.1259719055602, 0.006274274135580934
-4.783500281353325,-0.31451534344277565,0.6863094223752566,-2.1883087003614023,0.9400826118306332,0.008929227930707339,0.0056944040347541225, -1066.1259631100459, 0.006274274135580934
-5.991988025023925,-0.08393673704332139,0.8965196907075097,-3.1992161817640454,1.479962555692406,0.008164564416018167,0.005403703063526767, -1047.834039763123, 0.005913652768613517
-5.034881962717665,-0.26655189650926636,0.7300359814323706,-2.3985910335581995,1.0523848910499831,0.008770167649784106,0.0056339225269391655, -1059.3423382533836, 0.006190623129702615
-4.819385790356567,-0.30766841371656223,0.6925515233120016,-2.2183271508714046,0.9561141079608932,0.008906521585868885,0.005685757339320202, -1056.5019526260737, 0.0062619307555452815
-4.787088832253649,-0.3138306504701543,0.6869336324689311,-2.1913105454124024,0.9416857614436592,0.008926957296223493,0.005693525954165656, -1061.1380929269083, 0.0062731362808685215
-4.783859136443358,-0.31444687414551353,0.6863718433846241,-2.188608884866502,0.9402429267919359,0.008929000867258955,0.005694302815650201, -1066.1298253077741, 0.0062741626707302
-4.783859136443358,-0.31444687414551353,0.6863718433846241,-2.188608884866502,0.9402429267919359,0.008929000867258955,0.005694302815650201, -1066.1298253077741, 0.0062741626707302
-4.783859121542196,-0.31444687414551353,0.6863718433846241,-2.188608884866502,0.9402429267919359,0.008929000867258955,0.005694302815650201, -1066.1298250487077, 0.006274162668868342
-4.783859136443358,-0.31444685924435234,0.6863718433846241,-2.188608884866502,0.9402429267919359,0.008929000867258955,0.005694302815650201, -1066.1298249720758, 0.006274162634797589
-4.783859136443358,-0.31444687414551353,0.6863718582857853,-2.188608884866502,0.9402429267919359,0.008929000867258955,0.005694302815650201, -1066.1298250965094, 0.0062741626727048265
-4.783859136443358,-0.31444687414551353,0.6863718433846241,-2.188608869965341,0.9402429267919359,0.008929000867258955,0.005694302815650201, -1066.1298253116627, 0.0062741626707302
-4.783859136443358,-0.31444687414551353,0.6863718433846241,-2.188608884866502,0.9402429416930971,0.008929000867258955,0.005694302815650201, -1066.1298253105508, 0.0062741626707302
-4.783859136443358,-0.31444687414551353,0.6863718433846241,-2.188608884866502,0.9402429267919359,0.008929015768420149,0.005694302815650201, -1066.1298232346458, 0.0062741626707302
-4.783859136443358,-0.31444687414551353,0.6863718433846241,-2.188608884866502,0.9402429267919359,0.008929000867258955,0.005694317716811395, -1066.1298144361008, 0.0062741626707302
-4.914370557082995,-0.30484322348990145,0.7188072655147035,-2.241600984635358,0.973266827647221,0.00881165768849382,0.0055837898263088855, -1056.6835494333575, 0.006262449392489113
-4.796910278507322,-0.31348650907995235,0.689615385597632,-2.193908094843388,0.9435453168774643,0.00891726654938244,0.0056832515167160695, -1056.0968397012264, 0.00627311120705228
-4.785164250649754,-0.31435083763895744,0.6866961976059249,-2.1891388058641907,0.9405731658004888,0.008927827435471304,0.005693197685756788, -1061.11859127691, 0.006274132165244442
-4.783989647863997,-0.3144372704948579,0.6864042788067541,-2.188661876966271,0.9402759506927911,0.00892888352408019,0.00569419230266086, -1066.131504080872, 0.00627416036265559
-4.783989647863997,-0.3144372704948579,0.6864042788067541,-2.188661876966271,0.9402759506927911,0.00892888352408019,0.00569419230266086, -1066.131504080872, 0.00627416036265559
-4.783989632962836,-0.3144372704948579,0.6864042788067541,-2.188661876966271,0.9402759506927911,0.00892888352408019,0.00569419230266086, -1066.1315038206621, 0.006274160360859242
-4.783989647863997,-0.31443725559369673,0.6864042788067541,-2.188661876966271,0.9402759506927911,0.00892888352408019,0.00569419230266086, -1066.131503745158, 0.006274160326727192
-4.783989647863997,-0.3144372704948579,0.6864042937079153,-2.188661876966271,0.9402759506927911,0.00892888352408019,0.00569419230266086, -1066.1315038681303, 0.0062741603647106505
-4.783989647863997,-0.3144372704948579,0.6864042788067541,-2.1886618620651097,0.9402759506927911,0.00892888352408019,0.00569419230266086, -1066.131504084758, 0.00627416036265559
-4.783989647863997,-0.3144372704948579,0.6864042788067541,-2.188661876966271,0.9402759655939523,0.00892888352408019,0.00569419230266086, -1066.1315040836482, 0.00627416036265559
-4.783989647863997,-0.3144372704948579,0.6864042788067541,-2.188661876966271,0.9402759506927911,0.008928898425241383,0.00569419230266086, -1066.1315020102627, 0.00627416036265559
-4.783989647863997,-0.3144372704948579,0.6864042788067541,-2.188661876966271,0.9402759506927911,0.00892888352408019,0.005694207203822054, -1066.131493218914, 0.00627416036265559
-6.300553895529686,-0.1052224772185234,1.0520105097129417,-3.086580990873627,1.285477622341789,0.007771605509233004,0.004744751028537798, -1023.8902843313999, 0.005941802726985438
-5.00370340944456,-0.2841270681544053,0.739371847027707,-2.318748806297049,0.9902873879917001,0.008761221714679145,0.0055566410488590455, -1057.8927023677877, 0.006226051592145294
-4.809537723892773,-0.3109128332986128,0.6925632897409514,-2.203788242911602,0.9460912259547023,0.008909387992153166,0.005678197993225246, -1056.3250854614093, 0.006268477218315496
-4.786544455466875,-0.3140848267752334,0.6870201799001738,-2.190174513560804,0.9408574782189822,0.008926933970887486,0.005692592871717298, -1061.1348352195519, 0.006273681326013101
-4.784245128624285,-0.3144020261228955,0.6864658689160961,-2.188813140625724,0.9403341034454102,0.00892868856876092,0.005694032359566503, -1066.1343867239148, 0.0062741159059097424
-4.784245128624285,-0.3144020261228955,0.6864658689160961,-2.188813140625724,0.9403341034454102,0.00892868856876092,0.005694032359566503, -1066.1343867239148, 0.0062741159059097424
-4.784245113723124,-0.3144020261228955,0.6864658689160961,-2.188813140625724,0.9403341034454102,0.00892868856876092,0.005694032359566503, -1066.1343864655355, 0.00627411590400339
-4.784245128624285,-0.3144020112217343,0.6864658689160961,-2.188813140625724,0.9403341034454102,0.00892868856876092,0.005694032359566503, -1066.1343863897239, 0.006274115869894316
-4.784245128624285,-0.3144020261228955,0.6864658838172573,-2.188813140625724,0.9403341034454102,0.00892868856876092,0.005694032359566503, -1066.134386512092, 0.006274115907889283
-4.784245128624285,-0.3144020261228955,0.6864658689160961,-2.188813125724563,0.9403341034454102,0.00892868856876092,0.005694032359566503, -1066.1343867278079, 0.0062741159059097424
-4.784245128624285,-0.3144020261228955,0.6864658689160961,-2.188813140625724,0.9403341183465714,0.00892868856876092,0.005694032359566503, -1066.1343867267112, 0.0062741159059097424
-4.784245128624285,-0.3144020261228955,0.6864658689160961,-2.188813140625724,0.9403341034454102,0.008928703469922113,0.005694032359566503, -1066.134384656117, 0.0062741159059097424
-4.784245128624285,-0.3144020261228955,0.6864658689160961,-2.188813140625724,0.9403341034454102,0.00892868856876092,0.005694047260727697, -1066.1343758717655, 0.0062741159059097424
-4.80296346733337,-0.3184722242396456,0.6837137544987368,-2.128693465381581,0.9491127828471712,0.008889894322475233,0.0056535714673123585, -1055.8356216145241, 0.0062823185010765755
-4.786116962495194,-0.3148090459345705,0.6861906574743601,-2.1828011731013097,0.9412119713855863,0.00892480914413235,0.005689986270341089, -1056.0993675446318, 0.0062751223875687516
-4.784432312011376,-0.314442728104063,0.6864383477719225,-2.1882119438732826,0.9404218902394279,0.008928300626298062,0.005693627750643962, -1066.139460550704, 0.006274234150000444
-4.784432312011376,-0.314442728104063,0.6864383477719225,-2.1882119438732826,0.9404218902394279,0.008928300626298062,0.005693627750643962, -1066.139460550704, 0.006274234150000444
-4.7844322971102144,-0.314442728104063,0.6864383477719225,-2.1882119438732826,0.9404218902394279,0.008928300626298062,0.005693627750643962, -1066.1394602925166, 0.006274234148076915
-4.784432312011376,-0.3144427132029018,0.6864383477719225,-2.1882119438732826,0.9404218902394279,0.008928300626298062,0.005693627750643962, -1066.139460217287, 0.006274234113946786
-4.784432312011376,-0.314442728104063,0.6864383626730837,-2.1882119438732826,0.9404218902394279,0.008928300626298062,0.005693627750643962, -1066.1394603394763, 0.006274234151940311
-4.784432312011376,-0.314442728104063,0.6864383477719225,-2.1882119289721214,0.9404218902394279,0.008928300626298062,0.005693627750643962, -1066.139460554439, 0.006274234150000444
-4.784432312011376,-0.314442728104063,0.6864383477719225,-2.1882119438732826,0.9404219051405891,0.008928300626298062,0.005693627750643962, -1066.139460553131, 0.006274234150000444
-4.784432312011376,-0.314442728104063,0.6864383477719225,-2.1882119438732826,0.9404218902394279,0.008928315527459256,0.005693627750643962, -1066.1394584957852, 0.006274234150000444
-4.784432312011376,-0.314442728104063,0.6864383477719225,-2.1882119438732826,0.9404218902394279,0.008928300626298062,0.0056936426518051555, -1066.1394497476635, 0.006274234150000444
-4.973661175343129,-0.3196879459969256,0.7022999274833145,-1.6908497495508716,0.7999191012124848,0.008534102697234532,0.005436142190782121, -1050.811719804586, 0.006293292396272551
-4.803355198344551,-0.31496724989334923,0.6880245057430617,-2.1384757244410415,0.9263716113367336,0.00888888083339171,0.0056678791946577775, -1056.2136960888854, 0.0062758644421182135
-4.786324600644694,-0.3144951802829916,0.6865969635690364,-2.1832383219300584,0.9390168623491585,0.008924358647007427,0.005691052895045344, -1061.156173259722, 0.006274510399658964
-4.784621540874707,-0.31444797332195584,0.6864542093516338,-2.1877145816789603,0.9402813874504009,0.008927906428369,0.0056933702650841, -1066.1429800275582, 0.006274272910614655
-4.784621540874707,-0.31444797332195584,0.6864542093516338,-2.1877145816789603,0.9402813874504009,0.008927906428369,0.0056933702650841, -1066.1429800275582, 0.006274272910614655
-4.784621525973546,-0.31444797332195584,0.6864542093516338,-2.1877145816789603,0.9402813874504009,0.008927906428369,0.0056933702650841, -1066.1429797699336, 0.006274272908654002
-4.784621540874707,-0.31444795842079465,0.6864542093516338,-2.1877145816789603,0.9402813874504009,0.008927906428369,0.0056933702650841, -1066.1429796943562, 0.006274272874559076
-4.784621540874707,-0.31444797332195584,0.686454224252795,-2.1877145816789603,0.9402813874504009,0.008927906428369,0.0056933702650841, -1066.1429798162744, 0.006274272912546693
-4.784621540874707,-0.31444797332195584,0.6864542093516338,-2.187714566777799,0.9402813874504009,0.008927906428369,0.0056933702650841, -1066.1429800312642, 0.006274272910614655
-4.784621540874707,-0.31444797332195584,0.6864542093516338,-2.1877145816789603,0.9402814023515621,0.008927906428369,0.0056933702650841, -1066.1429800299345, 0.006274272910614655
-4.784621540874707,-0.31444797332195584,0.6864542093516338,-2.1877145816789603,0.9402813874504009,0.008927921329530193,0.0056933702650841, -1066.1429779840528, 0.006274272910614655
-4.784621540874707,-0.31444797332195584,0.6864542093516338,-2.1877145816789603,0.9402813874504009,0.008927906428369,0.005693385166245294, -1066.1429692517852, 0.006274272910614655
-4.860744664729619,-0.33836654611899447,0.6755818536386685,-2.098920314603734,0.9443501087647046,0.008821750463136326,0.0056615824828028655, -1055.2002926300984, 0.006327035266235213
-4.792233853260198,-0.3168398306016597,0.6853669737803373,-2.1788351549714378,0.9406882595818313,0.008917290831845733,0.005690191486855976, -1056.0449842752926, 0.0062791523953620405
-4.785382772113256,-0.3146871590499262,0.6863454857945042,-2.186826639008208,0.9403220746635439,0.008926844868716673,0.005693052387261288, -1061.143822165654, 0.006274836537941966
-4.784697663998562,-0.3144718918947529,0.6864433369959209,-2.187625787411885,0.9402854561717152,0.008927800272403766,0.005693338477301819, -1061.117157883952, 0.006274330113523571
-4.784629153187093,-0.3144503651792355,0.6864531221160625,-2.1877057022522526,0.9402817943225323,0.008927895812772476,0.005693367086305872, -1066.1431873858821, 0.006274279503378683
-4.784629153187093,-0.3144503651792355,0.6864531221160625,-2.1877057022522526,0.9402817943225323,0.008927895812772476,0.005693367086305872, -1066.1431873858821, 0.006274279503378683
-4.784629138285932,-0.3144503651792355,0.6864531221160625,-2.1877057022522526,0.9402817943225323,0.008927895812772476,0.005693367086305872, -1066.143187128202, 0.006274279501422104
-4.784629153187093,-0.31445035027807433,0.6864531221160625,-2.1877057022522526,0.9402817943225323,0.008927895812772476,0.005693367086305872, -1066.1431870528213, 0.006274279467312478
-4.784629153187093,-0.3144503651792355,0.6864531370172237,-2.1877057022522526,0.9402817943225323,0.008927895812772476,0.005693367086305872, -1066.1431871749762, 0.006274279505286485
-4.784629153187093,-0.3144503651792355,0.6864531221160625,-2.1877056873510914,0.9402817943225323,0.008927895812772476,0.005693367086305872, -1066.1431873895876, 0.006274279503378683
-4.784629153187093,-0.3144503651792355,0.6864531221160625,-2.1877057022522526,0.9402818092236935,0.008927895812772476,0.005693367086305872, -1066.1431873882589, 0.006274279503378683
-4.784629153187093,-0.3144503651792355,0.6864531221160625,-2.1877057022522526,0.9402817943225323,0.00892791071393367,0.005693367086305872, -1066.1431853427935, 0.006274279503378683
-4.784629153187093,-0.3144503651792355,0.6864531221160625,-2.1877057022522526,0.9402817943225323,0.008927895812772476,0.0056933819874670655, -1066.1431766113749, 0.006274279503378683
-7.0,-0.8410491530965112,0.5626995813935393,0.14808219957463065,0.9202694035265352,0.006381649995663251,0.0042289931267790095, -165.53521199436398, 0.0108041968734035
-5.006166237868384,-0.3671102439709631,0.6740777680438101,-1.9541269120695643,0.9382805552429326,0.008673271231061553,0.005546929690353185, -1034.9086237747479, 0.006377514985164692
-4.806782861655222,-0.3197163530584083,0.6852155867088372,-2.164347823233984,0.9400816704145724,0.008902433354601384,0.005678723346710603, -1055.6848609736276, 0.006285274948135065
-4.786844524033906,-0.3149769639671528,0.68632936857534,-2.1853699143504257,0.9402617819317364,0.008925349566955367,0.005691902712346345, -1055.9991045268303, 0.006275493412289669
-4.7848506902717745,-0.31450302505802724,0.6864407467619902,-2.18747212346207,0.9402797930834528,0.008927641188190765,0.005693220648909919, -1061.1221368306676, 0.0062744086247615415
-4.784651306895561,-0.3144556311671147,0.6864518845806552,-2.1876823443732345,0.9402815941986243,0.008927870350314305,0.005693352442566277, -1061.1152537096332, 0.006274292427314363
-4.78463136855794,-0.31445089177802343,0.6864529983625217,-2.187703366464351,0.9402817743101416,0.00892789326652666,0.005693365621931912, -1061.1145652116593, 0.006274280810406385
-4.784629374724178,-0.3144504178391143,0.6864531097407084,-2.1877054686734625,0.9402817923212933,0.008927895558147894,0.005693366939868476, -1061.114496360543, 0.006274279648702363
-4.784629175340801,-0.3144503704452234,0.6864531208785271,-2.1877056788943734,0.9402817941224084,0.008927895787310017,0.005693367071662132, -1066.1431879277836, 0.006274279518622446

	end time: 2021-07-20 02:20:19.068119
