	start time: 2021-08-20 17:06:56.156564
2021_8_20_17_7,-0.98,0.18,1.56,-1.5,0.26,0.006,0.0026, 5291.557762625782, 0.03312061033105743
2021_8_20_17_7,-0.9799999850988388,0.18,1.56,-1.5,0.26,0.006,0.0026, 5291.557909373411, 0.03312061061891005
2021_8_20_17_7,-0.98,0.1800000149011612,1.56,-1.5,0.26,0.006,0.0026, 5291.558061755323, 0.03312061085159315
2021_8_20_17_7,-0.98,0.18,1.5600000149011612,-1.5,0.26,0.006,0.0026, 5291.557795853296, 0.03312061039570104
2021_8_20_17_7,-0.98,0.18,1.56,-1.4999999850988388,0.26,0.006,0.0026, 5291.557762643693, 0.03312061033105743
2021_8_20_17_8,-0.98,0.18,1.56,-1.5,0.2600000149011612,0.006,0.0026, 5291.557762742882, 0.03312061033105743
2021_8_20_17_8,-0.98,0.18,1.56,-1.5,0.26,0.006000014901161194,0.0026, 5291.548537266984, 0.03312061033105743
2021_8_20_17_8,-0.98,0.18,1.56,-1.5,0.26,0.006,0.0026000149011611937, 5291.507980379808, 0.03312061033105743
2021_8_20_17_8,-7.0,-2.0,9.999999999998899e-05,-2.7020263671875,9.999999999998899e-05,0.05,0.05, 2585534306.5624995, 1.469759578666744
2021_8_20_17_8,-1.5819999999999999,-0.038000000000000034,1.40401,-1.62020263671875,0.23401,0.0104,0.007340000000000001, -1108.7422006962902, 0.004063170100406723
2021_8_20_17_9,-1.5819999850988387,-0.038000000000000034,1.40401,-1.62020263671875,0.23401,0.0104,0.007340000000000001, -1108.7421999044027, 0.004063170064499588
2021_8_20_17_9,-1.5819999999999999,-0.03799998509883884,1.40401,-1.62020263671875,0.23401,0.0104,0.007340000000000001, -1108.7421973927894, 0.004063169971506456
2021_8_20_17_9,-1.5819999999999999,-0.038000000000000034,1.4040100149011612,-1.62020263671875,0.23401,0.0104,0.007340000000000001, -1108.7421990539142, 0.004063170067466291
2021_8_20_17_9,-1.5819999999999999,-0.038000000000000034,1.40401,-1.620202621817589,0.23401,0.0104,0.007340000000000001, -1108.742200723061, 0.004063170100406723
2021_8_20_17_9,-1.5819999999999999,-0.038000000000000034,1.40401,-1.62020263671875,0.2340100149011612,0.0104,0.007340000000000001, -1108.7422008651943, 0.004063170100406723
2021_8_20_17_9,-1.5819999999999999,-0.038000000000000034,1.40401,-1.62020263671875,0.23401,0.010400014901161193,0.007340000000000001, -1108.7421232765892, 0.004063170100406723
2021_8_20_17_10,-1.5819999999999999,-0.038000000000000034,1.40401,-1.62020263671875,0.23401,0.0104,0.007340014901161195, -1108.74206056305, 0.004063170100406723
2021_8_20_17_10,-0.5415974158663108,-2.0,9.999999999998899e-05,0.31634531210570604,9.99850467229103,5.2767635825425735e-05,9.999999999999593e-06, nan, 1.3780377919767646
2021_8_20_17_10,-1.477959741586631,-0.23420000000000005,1.263619,-1.4265478418363045,1.2104594672291031,0.009365276763582541,0.006607000000000001, -1073.9050680026369, 0.00555707615624982
2021_8_20_17_10,-1.5461658164069791,-0.10557640675032427,1.3556556711514538,-1.5535028651176963,0.570324711358875,0.010043614279825901,0.007087535646544406, -1104.2950630604641, 0.0046362151817098286
2021_8_20_17_10,-1.566652277734522,-0.06694286456424076,1.3832999199845142,-1.5916352335561688,0.3780530412020231,0.010247360578526486,0.007231869930042874, -1107.7821188343487, 0.004316451168474178
2021_8_20_17_11,-1.5749233040160864,-0.05134529318955834,1.3944607693365174,-1.6070304653870986,0.30042694406197956,0.010329619342711316,0.007290142202304047, -1108.4613299247676, 0.004181420620965124
2021_8_20_17_11,-1.5786414667297748,-0.04433355047043471,1.399478025055582,-1.6139512482517284,0.2655308561800437,0.010366598002850247,0.007316337958741955, -1108.7083069034434, 0.004119598025377125
2021_8_20_17_11,-1.580343287042423,-0.04112424331920728,1.401774446259802,-1.6171189226558351,0.24955875496704383,0.010383523307040746,0.007328327877915501, -1108.7475619186378, 0.004091073670178003
2021_8_20_17_11,-1.5811680116253277,-0.03956897071960469,1.4028873222818756,-1.618654019476744,0.24181846393096854,0.0103917255328194,0.007334138350981295, -1108.7167132867314, 0.004077200997647472
2021_8_20_17_11,-1.5816005143722254,-0.03875335337843861,1.4034709376444834,-1.6194590562193845,0.23775929411320895,0.01039602695083637,0.007337185484065264, -1108.8105050454853, 0.004069911316918783
2021_8_20_17_11,-1.5816004994710642,-0.03875335337843861,1.4034709376444834,-1.6194590562193845,0.23775929411320895,0.01039602695083637,0.007337185484065264, -1108.8105042549935, 0.004069911281054977
2021_8_20_17_12,-1.5816005143722254,-0.03875333847727742,1.4034709376444834,-1.6194590562193845,0.23775929411320895,0.01039602695083637,0.007337185484065264, -1108.810501748816, 0.004069911188197692
2021_8_20_17_12,-1.5816005143722254,-0.03875335337843861,1.4034709525456446,-1.6194590562193845,0.23775929411320895,0.01039602695083637,0.007337185484065264, -1108.8105034032176, 0.004069911283999973
2021_8_20_17_12,-1.5816005143722254,-0.03875335337843861,1.4034709376444834,-1.6194590413182233,0.23775929411320895,0.01039602695083637,0.007337185484065264, -1108.810505071363, 0.004069911316918783
2021_8_20_17_12,-1.5816005143722254,-0.03875335337843861,1.4034709376444834,-1.6194590562193845,0.23775930901437015,0.01039602695083637,0.007337185484065264, -1108.8105052100534, 0.004069911316918783
2021_8_20_17_12,-1.5816005143722254,-0.03875335337843861,1.4034709376444834,-1.6194590562193845,0.23775929411320895,0.010396041851997564,0.007337185484065264, -1108.8104278017465, 0.004069911316918783
2021_8_20_17_13,-1.5816005143722254,-0.03875335337843861,1.4034709376444834,-1.6194590562193845,0.23775929411320895,0.01039602695083637,0.007337200385226458, -1108.8103649226364, 0.004069911316918783
2021_8_20_17_13,-0.4630592387980861,-1.9974821048489142,0.0019019314730190917,-6.997098170454767,0.005416588912259129,9.999999999999593e-06,6.286852718560311e-05, nan, 1.3696773117341972
2021_8_20_17_13,-1.4697463868148115,-0.23462622852548617,1.263314037027337,-2.1572229676429227,0.21452502359311398,0.009357424255752733,0.006609753788377298, -1091.9232881990463, 0.0055461097921923235
2021_8_20_17_13,-1.537366836833499,-0.1162129678516769,1.348044684880195,-1.8321224238511524,0.22857110184461443,0.009985302575183801,0.007049516358560761, -1103.0731544935097, 0.004713870076180835
2021_8_20_17_13,-1.5635770217642986,-0.07031511506214654,1.3808869086293143,-1.706111056409336,0.23401546532374784,0.01022867284056624,0.00721997157272995, -1106.435882482074, 0.004342240145131038
2021_8_20_17_13,-1.5742780245562482,-0.05157609997537762,1.3942956170745635,-1.6546635752728065,0.2362382710362758,0.010328035202801032,0.0072895644324347825, -1107.8205024674362, 0.004182208244342516
2021_8_20_17_14,-1.5786400976760158,-0.04393747436335498,1.39976143815853,-1.6336919262686374,0.2371443581794712,0.010368538499346946,0.007317932721701521, -1108.313726761853, 0.004115578721705409
2021_8_20_17_14,-1.5804564596127066,-0.040756759957758404,1.4020373994038124,-1.6249593571541507,0.23752165176282886,0.010385404022720021,0.007329745242816684, -1108.7471111119712, 0.004087603202911926
2021_8_20_17_14,-1.5810790790685523,-0.03966646257131317,1.4028175620594145,-1.6219659738860006,0.2376509818929196,0.010391185250994505,0.007333794383750724, -1108.6579362508817, 0.004077982207292204
2021_8_20_17_14,-1.5814281192419233,-0.039055242370566325,1.4032549208762848,-1.6202878846373083,0.23772348430286708,0.01039442620483923,0.007336064330249106, -1108.7210780823607, 0.0040725809493609485
2021_8_20_17_14,-1.5815553443235788,-0.038832452715156306,1.4034143380879245,-1.6196762214020182,0.23774991141851026,0.010395607531944231,0.007336891725347559, -1108.7996231638492, 0.0040706109168218985
2021_8_20_17_15,-1.5815846298655225,-0.03878116946413987,1.4034510338351567,-1.6195354245630664,0.23775599459325497,0.01039587945792009,0.007337082180826498, -1108.7829023287632, 0.004070157348635117
2021_8_20_17_15,-1.5815846149643613,-0.03878116946413987,1.4034510338351567,-1.6195354245630664,0.23775599459325497,0.01039587945792009,0.007337082180826498, -1108.7829015384282, 0.004070157312769921
2021_8_20_17_15,-1.5815846298655225,-0.038781154562978676,1.4034510338351567,-1.6195354245630664,0.23775599459325497,0.01039587945792009,0.007337082180826498, -1108.782899033018, 0.004070157219912645
2021_8_20_17_15,-1.5815846298655225,-0.03878116946413987,1.4034510487363179,-1.6195354245630664,0.23775599459325497,0.01039587945792009,0.007337082180826498, -1108.782900686755, 0.004070157315714381
2021_8_20_17_15,-1.5815846298655225,-0.03878116946413987,1.4034510338351567,-1.6195354096619052,0.23775599459325497,0.01039587945792009,0.007337082180826498, -1108.7829023546487, 0.004070157348635117
2021_8_20_17_15,-1.5815846298655225,-0.03878116946413987,1.4034510338351567,-1.6195354245630664,0.23775600949441617,0.01039587945792009,0.007337082180826498, -1108.7829024933626, 0.004070157348635117
2021_8_20_17_16,-1.5815846298655225,-0.03878116946413987,1.4034510338351567,-1.6195354245630664,0.23775599459325497,0.010395894359081283,0.007337082180826498, -1108.7828250914629, 0.004070157348635117
2021_8_20_17_16,-1.5815846298655225,-0.03878116946413987,1.4034510338351567,-1.6195354245630664,0.23775599459325497,0.01039587945792009,0.007337097081987692, -1108.7827622062937, 0.004070157348635117
2021_8_20_17_16,-4.580485449958146,0.49998614901930216,9.999999999998899e-05,-7.0,5.336573094248763,0.015633252220773396,1.018845082477026e-05, 73379700095.08266, 0.005522654898467399
2021_8_20_17_16,-1.8814747118747848,0.015095562384204342,1.263115930451641,-2.1575818821067596,0.7476377045588058,0.01091961673420542,0.0066043928078263255, -1113.6588743130894, 0.004606384990736917
2021_8_20_17_16,-1.8814746969736236,0.015095562384204342,1.263115930451641,-2.1575818821067596,0.7476377045588058,0.01091961673420542,0.0066043928078263255, -1113.6588735576026, 0.0046063849582701705
2021_8_20_17_17,-1.8814747118747848,0.015095577285365536,1.263115930451641,-2.1575818821067596,0.7476377045588058,0.01091961673420542,0.0066043928078263255, -1113.6588709298505, 0.004606384870646663
2021_8_20_17_17,-1.8814747118747848,0.015095562384204342,1.2631159453528022,-2.1575818821067596,0.7476377045588058,0.01091961673420542,0.0066043928078263255, -1113.6588729924192, 0.004606384960929491
2021_8_20_17_17,-1.8814747118747848,0.015095562384204342,1.263115930451641,-2.1575818672055984,0.7476377045588058,0.01091961673420542,0.0066043928078263255, -1113.6588742353747, 0.004606384990736917
2021_8_20_17_17,-1.8814747118747848,0.015095562384204342,1.263115930451641,-2.1575818821067596,0.747637719459967,0.01091961673420542,0.0066043928078263255, -1113.6588739897854, 0.004606384990736917
2021_8_20_17_17,-1.8814747118747848,0.015095562384204342,1.263115930451641,-2.1575818821067596,0.7476377045588058,0.010919631635366614,0.0066043928078263255, -1113.6588101017476, 0.004606384990736917
2021_8_20_17_17,-1.8814747118747848,0.015095562384204342,1.263115930451641,-2.1575818821067596,0.7476377045588058,0.01091961673420542,0.006604407708987519, -1113.6587283734905, 0.004606384990736917
2021_8_20_17_18,-5.745712879297312,0.5,0.9804584726669621,-1.4108367992667055,9.999999999998899e-05,1.1635172581568251e-05,9.999999999999593e-06, 28320470.21176845, 0.005407644470523081
2021_8_20_17_18,-2.2678985286170374,0.06358600614578391,1.2348501846731732,-2.082907373822754,0.6728839341029252,0.009828818578043035,0.005944953527043693, -1122.1600958661431, 0.005075808483743499
2021_8_20_17_18,-2.2678985137158763,0.06358600614578391,1.2348501846731732,-2.082907373822754,0.6728839341029252,0.009828818578043035,0.005944953527043693, -1122.1600952961726, 0.005075808455562664
2021_8_20_17_18,-2.2678985286170374,0.06358602104694511,1.2348501846731732,-2.082907373822754,0.6728839341029252,0.009828818578043035,0.005944953527043693, -1122.1600932323072, 0.00507580837668838
2021_8_20_17_18,-2.2678985286170374,0.06358600614578391,1.2348501995743344,-2.082907373822754,0.6728839341029252,0.009828818578043035,0.005944953527043693, -1122.1600948024352, 0.005075808458018208
2021_8_20_17_19,-2.2678985286170374,0.06358600614578391,1.2348501846731732,-2.082907358921593,0.6728839341029252,0.009828818578043035,0.005944953527043693, -1122.1600958097704, 0.005075808483743499
2021_8_20_17_19,-2.2678985286170374,0.06358600614578391,1.2348501846731732,-2.082907373822754,0.6728839490040864,0.009828818578043035,0.005944953527043693, -1122.1600956457914, 0.005075808483743499
2021_8_20_17_19,-2.2678985286170374,0.06358600614578391,1.2348501846731732,-2.082907373822754,0.6728839341029252,0.009828833479204229,0.005944953527043693, -1122.1600558528987, 0.005075808483743499
2021_8_20_17_19,-2.2678985286170374,0.06358600614578391,1.2348501846731732,-2.082907373822754,0.6728839341029252,0.009828818578043035,0.005944968428204887, -1122.1599472065209, 0.005075808483743499
2021_8_20_17_19,2.0178271678721287,-1.997421696594353,9.999999999998899e-05,-3.8147236835709997,2.6375707150543524,0.040007202227823044,9.999999999999593e-06, 1086648460890.5099, 1.076405929432881
2021_8_20_17_19,-1.8393259589681208,-0.14251476412822978,1.111375166205856,-2.2560890047975786,0.8693526121980679,0.012846656943021036,0.005351458174339323, -1105.0673149732013, 0.0058405385615950545
2021_8_20_17_20,-2.1418493938055985,0.0029689120599627264,1.1985344697841367,-2.133842492623038,0.7306680963318025,0.010716406682941725,0.0057703983151124235, -1116.510189444488, 0.005324284516656739
2021_8_20_17_20,-2.2326247960346643,0.04662284991387161,1.2246875539066087,-2.0971611151300653,0.6890543194769065,0.010077202238131836,0.005896105798927718, -1120.439573602384, 0.005147606299063874
2021_8_20_17_20,-2.258396495662188,0.059016473586180715,1.2321125766747467,-2.0867470445838703,0.6772399101640741,0.009895728132287071,0.005931794933145425, -1121.4379473561967, 0.005095328899299173
2021_8_20_17_20,-2.265862899762559,0.06260707117744542,1.23426370451042,-2.083729949857816,0.673817118675282,0.009843152670537413,0.00594213454993101, -1121.9513990806008, 0.00508000132522309
2021_8_20_17_20,-2.267534952384801,0.06341116214776832,1.2347454355940932,-2.083054291122977,0.6730506067898702,0.009831378737931792,0.005944450039841133, -1122.1081693889382, 0.005076557804849345
2021_8_20_17_21,-2.267846689609313,0.06356107674017354,1.2348352494605874,-2.0829283214160945,0.6729076984360689,0.009829183607812536,0.0059448817394110905, -1122.1630493190419, 0.0050759153319412395
2021_8_20_17_21,-2.2678466747081516,0.06356107674017354,1.2348352494605874,-2.0829283214160945,0.6729076984360689,0.009829183607812536,0.0059448817394110905, -1122.1630487490588, 0.005075915303761391
2021_8_20_17_21,-2.267846689609313,0.06356109164133474,1.2348352494605874,-2.0829283214160945,0.6729076984360689,0.009829183607812536,0.0059448817394110905, -1122.1630466851857, 0.005075915224889418
2021_8_20_17_21,-2.267846689609313,0.06356107674017354,1.2348352643617486,-2.0829283214160945,0.6729076984360689,0.009829183607812536,0.0059448817394110905, -1122.1630482553117, 0.005075915306215836
2021_8_20_17_21,-2.267846689609313,0.06356107674017354,1.2348352494605874,-2.0829283065149333,0.6729076984360689,0.009829183607812536,0.0059448817394110905, -1122.1630492626662, 0.0050759153319412395
2021_8_20_17_21,-2.267846689609313,0.06356107674017354,1.2348352494605874,-2.0829283214160945,0.6729077133372301,0.009829183607812536,0.0059448817394110905, -1122.163049098679, 0.0050759153319412395
2021_8_20_17_22,-2.267846689609313,0.06356107674017354,1.2348352494605874,-2.0829283214160945,0.6729076984360689,0.00982919850897373,0.0059448817394110905, -1122.1630093048095, 0.0050759153319412395
2021_8_20_17_22,-2.267846689609313,0.06356107674017354,1.2348352494605874,-2.0829283214160945,0.6729076984360689,0.009829183607812536,0.005944896640572284, -1122.1629006601634, 0.0050759153319412395
2021_8_20_17_22,0.3420003957681521,-2.0,9.999999999998899e-05,-6.998998023224682,3.0468342148151297,0.017151232750319934,9.999999999999593e-06, nan, 1.2540593351818996
2021_8_20_17_22,-2.0068619810715664,-0.14279503093384383,1.1113617245145286,-2.5745352915969533,0.910300350073975,0.010561388522063276,0.005351393565469981, -1108.3447799545002, 0.0060731580690228226
2021_8_20_17_22,-2.1724165221042506,-0.011893910762191734,1.189686630470373,-2.262686498720303,0.7597113301017138,0.010096917445578252,0.005727870267096106, -1116.294877591361, 0.005485441978778568
2021_8_20_17_23,-2.234402530892574,0.037117357275206764,1.2190126053342403,-2.1459258113039197,0.7033286283213819,0.009923012773140191,0.005868828576001621, -1119.8816389463543, 0.0052261722651081735
2021_8_20_17_23,-2.256497120310987,0.05458716804911971,1.2294656960651587,-2.1043070734773504,0.6832313084505156,0.0098610253600034,0.005919072429756049, -1121.4672925887244, 0.005127753760234067
2021_8_20_17_23,-2.263865489178549,0.060413210225826644,1.2329517182243805,-2.0904275572618127,0.6765290130037165,0.009840353053472226,0.005935828353153382, -1121.620018012419, 0.005094199740883522
2021_8_20_17_23,-2.2668240390918437,0.06275248461430495,1.2343514269987763,-2.0848546493042823,0.6738379051113988,0.009832052702092609,0.005942556197077238, -1121.98574576928, 0.005080622116071889
2021_8_20_17_23,-2.2676145970066437,0.06337756512228969,1.2347254449746234,-2.083365505425222,0.6731188107218493,0.00982983475456051,0.0059443539528763354, -1122.1238502701415, 0.005076984194092779
2021_8_20_17_23,-2.267793261382722,0.06351883196291828,1.2348099722268915,-2.083028962134639,0.672956296947659,0.009829333503223224,0.005944760241792269, -1122.1344007298717, 0.0050761614156072605
2021_8_20_17_24,-2.267841030910344,0.06355660250449796,1.2348325722941274,-2.0829389804921408,0.6729128456094822,0.009829199483559497,0.005944868871335651, -1122.1638647782422, 0.005075941395708287
2021_8_20_17_24,-2.2678410160091826,0.06355660250449796,1.2348325722941274,-2.0829389804921408,0.6729128456094822,0.009829199483559497,0.005944868871335651, -1122.1638642082605, 0.005075941367528747
2021_8_20_17_24,-2.267841030910344,0.06355661740565915,1.2348325722941274,-2.0829389804921408,0.6729128456094822,0.009829199483559497,0.005944868871335651, -1122.1638621443938, 0.005075941288658093
2021_8_20_17_24,-2.267841030910344,0.06355660250449796,1.2348325871952885,-2.0829389804921408,0.6729128456094822,0.009829199483559497,0.005944868871335651, -1122.1638637144986, 0.0050759413699843214
2021_8_20_17_24,-2.267841030910344,0.06355660250449796,1.2348325722941274,-2.0829389655909796,0.6729128456094822,0.009829199483559497,0.005944868871335651, -1122.163864721866, 0.005075941395708287
2021_8_20_17_25,-2.267841030910344,0.06355660250449796,1.2348325722941274,-2.0829389804921408,0.6729128605106434,0.009829199483559497,0.005944868871335651, -1122.1638645578782, 0.005075941395708287
2021_8_20_17_25,-2.267841030910344,0.06355660250449796,1.2348325722941274,-2.0829389804921408,0.6729128456094822,0.00982921438472069,0.005944868871335651, -1122.163824764796, 0.005075941395708287
2021_8_20_17_25,-2.267841030910344,0.06355660250449796,1.2348325722941274,-2.0829389804921408,0.6729128456094822,0.009829199483559497,0.005944883772496845, -1122.163716119538, 0.005075941395708287
2021_8_20_17_25,-7.0,-2.0,9.999999999998899e-05,-5.866279434593704,9.999999999998899e-05,9.999999999999593e-06,9.999999999999593e-06, 1430902062037.5747, 1.469759578666744
2021_8_20_17_25,-2.7410569278193098,-0.14279905774595186,1.1113593150647145,-2.461273025902297,0.605631561048534,0.008847279535203548,0.005351381984202086, -1096.4864413003816, 0.006615765818075388
2021_8_20_17_25,-2.443725024300084,-0.013141280682650552,1.1889402645753833,-2.2235574660009543,0.6479058644698618,0.00946424132633361,0.005724282782796917, -1110.986646787197, 0.005901341779521124
2021_8_20_17_26,-2.330462519961395,0.03624919630068256,1.218493139751402,-2.1330045878334123,0.664009395298546,0.009699260295766721,0.005866331711347286, -1118.1333949361554, 0.005400545130088529
2021_8_20_17_26,-2.2900548129096974,0.053869819619395506,1.2290364694227736,-2.1006988023040685,0.6697545159810063,0.009783106028508489,0.005917009307833294, -1120.7891293644777, 0.005195231253115638
2021_8_20_17_26,-2.275810009122673,0.06008156337063092,1.232753276769413,-2.089310143812201,0.6717798255772602,0.009812663904924433,0.005934874523927283, -1121.6341666572316, 0.005119269197403637
2021_8_20_17_26,-2.2706412333548616,0.06233551583338704,1.2341019330256988,-2.0851777301320444,0.6725147160903167,0.009823389081462554,0.005941356978681588, -1121.8833720400992, 0.005091234583500792
2021_8_20_17_26,-2.268696136094138,0.06318371605681512,1.2346094550594644,-2.083622633356614,0.6727912677513075,0.009827425145792329,0.005943796435441133, -1122.0465849804582, 0.005080619028677539
2021_8_20_17_27,-2.268069343841494,0.06345704188965177,1.2347730000323736,-2.0831215156846943,0.6728803843430919,0.009828725735692977,0.005944582531143603, -1122.1270998586308, 0.005077191027651733
2021_8_20_17_27,-2.267897416243771,0.06353201450400218,1.234817860022575,-2.0829840603202627,0.6729048288085079,0.00982908248435459,0.005944798155292014, -1122.1363782239778, 0.0050762500553082415
2021_8_20_17_27,-2.267847904368782,0.06355360518960759,1.2348307788457091,-2.08294447579218,0.6729118683491744,0.00982918522117736,0.005944860250941706, -1122.164945046436, 0.005075979022504646
2021_8_20_17_27,-2.2678478894676206,0.06355360518960759,1.2348307788457091,-2.08294447579218,0.6729118683491744,0.00982918522117736,0.005944860250941706, -1122.1649444764607, 0.005075978994325548
2021_8_20_17_27,-2.267847904368782,0.06355362009076879,1.2348307788457091,-2.08294447579218,0.6729118683491744,0.00982918522117736,0.005944860250941706, -1122.1649424126263, 0.005075978915455439
2021_8_20_17_27,-2.267847904368782,0.06355360518960759,1.2348307937468703,-2.08294447579218,0.6729118683491744,0.00982918522117736,0.005944860250941706, -1122.1649439827017, 0.005075978996780468
2021_8_20_17_28,-2.267847904368782,0.06355360518960759,1.2348307788457091,-2.0829444608910186,0.6729118683491744,0.00982918522117736,0.005944860250941706, -1122.1649449900608, 0.005075979022504646
2021_8_20_17_28,-2.267847904368782,0.06355360518960759,1.2348307788457091,-2.08294447579218,0.6729118832503356,0.00982918522117736,0.005944860250941706, -1122.1649448260785, 0.005075979022504646
2021_8_20_17_28,-2.267847904368782,0.06355360518960759,1.2348307788457091,-2.08294447579218,0.6729118683491744,0.009829200122338554,0.005944860250941706, -1122.1649050346618, 0.005075979022504646
2021_8_20_17_28,-2.267847904368782,0.06355360518960759,1.2348307788457091,-2.08294447579218,0.6729118683491744,0.00982918522117736,0.0059448751521029, -1122.1647963879493, 0.005075979022504646
2021_8_20_17_28,-6.99662123243758,-1.9985269082853314,0.00098190833464451,-5.916331958856349,8.150292994707723,0.04992869533441977,0.00013440715427869444, 7246427203.001333, 1.4684639309748997
2021_8_20_17_29,-2.7407252371756616,-0.1426544461578863,1.1114458917946026,-2.466283224098597,1.4206499809850293,0.013839136232501601,0.0053638149412754054, -1082.0485207368624, 0.006615620898594214
2021_8_20_17_29,-2.39757116579524,0.006985063842086574,1.2009829099618323,-2.18810484024922,0.8780370032086224,0.010929225098880157,0.00578546353772001, -1108.6865727542931, 0.005709881398315798
2021_8_20_17_29,-2.3001571824347686,0.04946446873029589,1.2264005235801165,-2.1091360425119943,0.724000971009873,0.010103164566913458,0.00590516041088485, -1118.4577215885051, 0.00524795837830084
2021_8_20_17_29,-2.2754945419446972,0.0602191289428173,1.2328355901399515,-2.089143234484429,0.6850031274397441,0.009894027919174254,0.005935464488891047, -1121.1787512567205, 0.005117565531753938
2021_8_20_17_29,-2.269546684868463,0.06281281642219719,1.234387526810697,-2.0843215948571383,0.6755980679964998,0.009843590704608505,0.005942772884149069, -1121.9083290176377, 0.005085264941885948
2021_8_20_17_29,-2.268192510797724,0.06340333234871624,1.2347408628730832,-2.0832238315319547,0.6734567778698951,0.009832107448153316,0.00594443681776924, -1122.1278339412684, 0.005077864948382615
2021_8_20_17_30,-2.267932189984646,0.06351685068395012,1.2348087867338613,-2.0830128020583043,0.6730451451272226,0.00982989995450697,0.005944756685474782, -1122.1372876355315, 0.005076440397974267
2021_8_20_17_30,-2.2678579816747853,0.06354921076955486,1.2348281494380875,-2.0829526449760287,0.6729278031069827,0.00982927067569293,0.005944847868509771, -1122.165984273024, 0.005076034187000054
2021_8_20_17_30,-2.267857966773624,0.06354921076955486,1.2348281494380875,-2.0829526449760287,0.6729278031069827,0.00982927067569293,0.005944847868509771, -1122.165983703048, 0.005076034158821661
2021_8_20_17_30,-2.2678579816747853,0.06354922567071605,1.2348281494380875,-2.0829526449760287,0.6729278031069827,0.00982927067569293,0.005944847868509771, -1122.1659816392093, 0.005076034079953606
2021_8_20_17_30,-2.2678579816747853,0.06354921076955486,1.2348281643392487,-2.0829526449760287,0.6729278031069827,0.00982927067569293,0.005944847868509771, -1122.1659832092912, 0.005076034161276196
2021_8_20_17_31,-2.2678579816747853,0.06354921076955486,1.2348281494380875,-2.0829526300748675,0.6729278031069827,0.00982927067569293,0.005944847868509771, -1122.1659842166464, 0.005076034187000054
2021_8_20_17_31,-2.2678579816747853,0.06354921076955486,1.2348281494380875,-2.0829526449760287,0.6729278180081439,0.00982927067569293,0.005944847868509771, -1122.1659840526559, 0.005076034187000054
2021_8_20_17_31,-2.2678579816747853,0.06354921076955486,1.2348281494380875,-2.0829526449760287,0.6729278031069827,0.009829285576854124,0.005944847868509771, -1122.165944262216, 0.005076034187000054
2021_8_20_17_31,-2.2678579816747853,0.06354921076955486,1.2348281494380875,-2.0829526449760287,0.6729278031069827,0.00982927067569293,0.0059448627696709645, -1122.1658356148625, 0.005076034187000054
2021_8_20_17_31,-6.078374324860672,-1.59810633575413,0.2405705313766342,-6.254705995261923,5.201934590607216,0.040861493176614055,0.001242054663478793, 1449260.736499706, 0.13285410392579133
2021_8_20_17_32,-2.648909615993374,-0.10261634388281363,1.1354023876319421,-2.5001279800046183,1.1258284818570061,0.012932492925785043,0.005474568548006673, -1094.356450150817, 0.006519919623742884
2021_8_20_17_32,-2.382791741612475,0.013429934933144358,1.204839099110343,-2.208782127098164,0.8095328539688066,0.010765272437667226,0.005803001027666222, -1111.0719076548028, 0.005645004169511275
2021_8_20_17_32,-2.298590811339966,0.050147516018964,1.226809196816658,-2.1165989473593667,0.7094554496558803,0.010079553819067515,0.005906918588196031, -1118.934568007576, 0.005239844631257254
2021_8_20_17_32,-2.2757480467659907,0.06010858245557864,1.2327694370176672,-2.091590688357491,0.6823055763884934,0.009893526076642694,0.005935110252618285, -1121.2680625783848, 0.005118934668732481
2021_8_20_17_32,-2.269805572165307,0.06269992310104253,1.2343199750838354,-2.0850848670745767,0.6752426207737848,0.009845131534432096,0.005942444226981927, -1121.8449524876314, 0.005086677883676423
2021_8_20_17_32,-2.2682497740997376,0.06337836146794461,1.2347259211393153,-2.083381579328806,0.6733934698020154,0.00983246136918701,0.005944364333317186, -1122.1018426925432, 0.005078178220097442
2021_8_20_17_33,-2.26793711968342,0.06351470098160354,1.2348075003814043,-2.0830392852690816,0.6730218629524144,0.009829915162704938,0.005944750199413053, -1122.1384163331688, 0.005076467381076704
2021_8_20_17_33,-2.2678675409374716,0.06354504225263148,1.2348256551908798,-2.0829631104569626,0.6729391648127703,0.009829348524766364,0.005944836070834191, -1122.1306981103717, 0.0050760865157815655
2021_8_20_17_33,-2.267858937601054,0.06354879391786253,1.2348279000133666,-2.0829536915241222,0.6729289392775615,0.009829278460600274,0.005944846688742213, -1122.1660903465067, 0.005076039419814535
2021_8_20_17_33,-2.267858922699893,0.06354879391786253,1.2348279000133666,-2.0829536915241222,0.6729289392775615,0.009829278460600274,0.005944846688742213, -1122.1660897765203, 0.005076039391637123
2021_8_20_17_33,-2.267858937601054,0.06354880881902372,1.2348279000133666,-2.0829536915241222,0.6729289392775615,0.009829278460600274,0.005944846688742213, -1122.1660877126913, 0.0050760393127683625
2021_8_20_17_34,-2.267858937601054,0.06354879391786253,1.2348279149145278,-2.0829536915241222,0.6729289392775615,0.009829278460600274,0.005944846688742213, -1122.1660892827654, 0.005076039394091117
2021_8_20_17_34,-2.267858937601054,0.06354879391786253,1.2348279000133666,-2.082953676622961,0.6729289392775615,0.009829278460600274,0.005944846688742213, -1122.166090290129, 0.005076039419814535
2021_8_20_17_34,-2.267858937601054,0.06354879391786253,1.2348279000133666,-2.0829536915241222,0.6729289541787227,0.009829278460600274,0.005944846688742213, -1122.166090126142, 0.005076039419814535
2021_8_20_17_34,-2.267858937601054,0.06354879391786253,1.2348279000133666,-2.0829536915241222,0.6729289392775615,0.009829293361761467,0.005944846688742213, -1122.1660503357928, 0.005076039419814535
2021_8_20_17_34,-2.267858937601054,0.06354879391786253,1.2348279000133666,-2.0829536915241222,0.6729289392775615,0.009829278460600274,0.005944861589903407, -1122.1659416883738, 0.005076039419814535
2021_8_20_17_34,-7.0,-2.0,9.999999999998899e-05,-5.866400957149122,9.999999999998899e-05,9.999999999999593e-06,9.999999999999593e-06, 1430902566990.9348, 1.469759578666744
2021_8_20_17_35,-2.7410730438409487,-0.14280608547392373,1.11135511001203,-2.4612984180866224,0.6056460453498054,0.008847350614540245,0.005351362019867991, -1096.4886773454336, 0.006615772866250513
2021_8_20_17_35,-2.4437418834864344,-0.013148632483138273,1.1889358656133762,-2.2235758416049074,0.6479214142784903,0.009464318160527622,0.005724261903709431, -1110.9884061474907, 0.005901408748105831
2021_8_20_17_35,-2.330479102587835,0.03624196509989361,1.2184888129504332,-2.1330198431599565,0.6640254305634568,0.009699340483446605,0.00586631118569618, -1118.135271454528, 0.005400626358620217
2021_8_20_17_35,-2.290071521721042,0.053862533393041354,1.2290321096971668,-2.1007131242086223,0.6697706924681376,0.00978318694601362,0.0059169886262764905, -1120.7911081843115, 0.005195319243012422
2021_8_20_17_35,-2.2758269491663117,0.06007417631061064,1.2327488567098128,-2.0893242859699606,0.6717960252965726,0.009812744692205617,0.005934853553197357, -1121.6362191497044, 0.005119360653490418
2021_8_20_17_36,-2.270658423291388,0.06232801980236093,1.2340974477631137,-2.085191939780162,0.6725309006386636,0.009823469477060396,0.005941335694847403, -1121.885476181141, 0.0050913282462551205
2021_8_20_17_36,-2.268713592983034,0.06317610361564104,1.2346049001426713,-2.0836370066504815,0.672807422005248,0.009827505035194552,0.00594377481691995, -1122.0123049126587, 0.0050807144476529885
2021_8_20_17_36,-2.268058167150603,0.0634619157180659,1.2347759162960403,-2.0831129797795933,0.6729006122677095,0.009828865055674511,0.005944596823656441, -1122.124756367991, 0.005077129865707999
2021_8_20_17_36,-2.2679018736905863,0.06353007074063659,1.234816696968706,-2.082988019839444,0.6729228345052828,0.009829189367436405,0.005944792840155404, -1122.1364899854016, 0.005076274454925933
2021_8_20_17_36,-2.2678632312100073,0.06354692160013993,1.2348267797089005,-2.0829571243556546,0.6729283288003336,0.009829269551283886,0.005944841303883532, -1122.1304184027454, 0.005076062923265601
2021_8_20_17_36,-2.267863216308846,0.06354692160013993,1.2348267797089005,-2.0829571243556546,0.6729283288003336,0.009829269551283886,0.005944841303883532, -1122.1304178328926, 0.0050760628950868615
2021_8_20_17_37,-2.2678632312100073,0.06354693650130112,1.2348267797089005,-2.0829571243556546,0.6729283288003336,0.009829269551283886,0.005944841303883532, -1122.1304157697537, 0.005076062816215582
2021_8_20_17_37,-2.2678632312100073,0.06354692160013993,1.2348267946100617,-2.0829571243556546,0.6729283288003336,0.009829269551283886,0.005944841303883532, -1122.130417339219, 0.005076062897540758
2021_8_20_17_37,-2.2678632312100073,0.06354692160013993,1.2348267797089005,-2.0829571094544934,0.6729283288003336,0.009829269551283886,0.005944841303883532, -1122.1304183463676, 0.005076062923265601
2021_8_20_17_37,-2.2678632312100073,0.06354692160013993,1.2348267797089005,-2.0829571243556546,0.6729283437014948,0.009829269551283886,0.005944841303883532, -1122.130418182384, 0.005076062923265601
2021_8_20_17_37,-2.2678632312100073,0.06354692160013993,1.2348267797089005,-2.0829571243556546,0.6729283288003336,0.00982928445244508,0.005944841303883532, -1122.1303783930757, 0.005076062923265601
2021_8_20_17_38,-2.2678632312100073,0.06354692160013993,1.2348267797089005,-2.0829571243556546,0.6729283288003336,0.009829269551283886,0.005944856205044726, -1122.13026974475, 0.005076062923265601
2021_8_20_17_38,-2.9510169269452606,0.499976095318972,9.999999999998899e-05,-7.0,9.999999999998899e-05,2.8466970005705527e-05,8.725475370962351e-05, 30013891573.3617, 0.0037816527404855847
2021_8_20_17_38,-2.3361786007835326,0.10718983897202314,1.1113541017380104,-2.574661411920089,0.6056454959203003,0.00884918929315607,0.005359082648866142, -1135.0997773807892, 0.0050933756881343505
2021_8_20_17_38,-2.3361785858823714,0.10718983897202314,1.1113541017380104,-2.574661411920089,0.6056454959203003,0.00884918929315607,0.005359082648866142, -1135.099776920575, 0.005093375660132293
2021_8_20_17_38,-2.3361786007835326,0.10718985387318433,1.1113541017380104,-2.574661411920089,0.6056454959203003,0.00884918929315607,0.005359082648866142, -1135.0997749323417, 0.005093375578841725
2021_8_20_17_38,-2.3361786007835326,0.10718983897202314,1.1113541166391716,-2.574661411920089,0.6056454959203003,0.00884918929315607,0.005359082648866142, -1135.0997766580124, 0.0050933756644073805
2021_8_20_17_39,-2.3361786007835326,0.10718983897202314,1.1113541017380104,-2.574661397018928,0.6056454959203003,0.00884918929315607,0.005359082648866142, -1135.099777376735, 0.0050933756881343505
2021_8_20_17_39,-2.3361786007835326,0.10718983897202314,1.1113541017380104,-2.574661411920089,0.6056455108214615,0.00884918929315607,0.005359082648866142, -1135.0997773759611, 0.0050933756881343505
2021_8_20_17_39,-2.3361786007835326,0.10718983897202314,1.1113541017380104,-2.574661411920089,0.6056454959203003,0.008849204194317263,0.005359082648866142, -1135.0997573831712, 0.0050933756881343505
2021_8_20_17_39,-2.3361786007835326,0.10718983897202314,1.1113541017380104,-2.574661411920089,0.6056454959203003,0.00884918929315607,0.0053590975500273355, -1135.099627113904, 0.0050933756881343505
2021_8_20_17_39,-5.137092167898356,0.5,1.3211077531496092,-4.463620877969644,2.538171736628389,1.4884474626244287e-05,9.999999999999593e-06, 20746499.513438184, 0.005567331390688038
2021_8_20_17_40,-2.616269957495015,0.14647085507482083,1.1323294668791704,-2.7635573585250444,0.7988981199911092,0.007965758811303087,0.0048241743839795275, -1135.9083533765177, 0.005288178484099344
2021_8_20_17_40,-2.6162699425938536,0.14647085507482083,1.1323294668791704,-2.7635573585250444,0.7988981199911092,0.007965758811303087,0.0048241743839795275, -1135.9083530126254, 0.005288178458252562
2021_8_20_17_40,-2.616269957495015,0.14647086997598202,1.1323294668791704,-2.7635573585250444,0.7988981199911092,0.007965758811303087,0.0048241743839795275, -1135.9083513163102, 0.0052881783816444835
2021_8_20_17_40,-2.616269957495015,0.14647085507482083,1.1323294817803315,-2.7635573585250444,0.7988981199911092,0.007965758811303087,0.0048241743839795275, -1135.908352799459, 0.005288178462228847
2021_8_20_17_40,-2.616269957495015,0.14647085507482083,1.1323294668791704,-2.763557343623883,0.7988981199911092,0.007965758811303087,0.0048241743839795275, -1135.908353324195, 0.005288178484099344
2021_8_20_17_40,-2.616269957495015,0.14647085507482083,1.1323294668791704,-2.7635573585250444,0.7988981348922704,0.007965758811303087,0.0048241743839795275, -1135.9083531547064, 0.005288178484099344
2021_8_20_17_41,-2.616269957495015,0.14647085507482083,1.1323294668791704,-2.7635573585250444,0.7988981199911092,0.007965773712464281,0.0048241743839795275, -1135.9083782387413, 0.005288178484099344
2021_8_20_17_41,-2.616269957495015,0.14647085507482083,1.1323294668791704,-2.7635573585250444,0.7988981199911092,0.007965758811303087,0.004824189285140721, -1135.9082094996452, 0.005288178484099344
2021_8_20_17_41,-6.995861287924096,0.4991367104224261,2.3805305765368447,-6.993099870060277,1.357466123743912,0.01040845376234161,0.00011218038949241307, 60413.76984051246, 0.00559249842718653
2021_8_20_17_41,-3.054229090537923,0.18173744060958136,1.2571495778449377,-3.1865116096785675,0.8547549203663894,0.00821002830640694,0.004352974984530816, -1132.943571499114, 0.005593298277403185
2021_8_20_17_41,-2.7673467319480545,0.15863628693040416,1.1753869540482556,-2.9094581040158682,0.8181662767557221,0.008050021119434807,0.004661631169277469, -1135.000925434524, 0.0053998175379655075
2021_8_20_17_42,-2.670272588310919,0.15081940783941084,1.147720433438199,-2.815709809641581,0.8057855529537833,0.00799587850596964,0.00476607305604898, -1135.5060242238858, 0.005328900651680661
2021_8_20_17_42,-2.634335276458985,0.14792556184627015,1.137478155301416,-2.781003743079621,0.801202149839911,0.007975834651739521,0.004804737941616678, -1135.6923295068768, 0.005301903159732484
2021_8_20_17_42,-2.6213050572818086,0.14687630563837745,1.1337644905302235,-2.768419951171555,0.7995402907838643,0.007968567112785858,0.0048187571296818095, -1135.8452580152907, 0.005292014225533121
2021_8_20_17_42,-2.617644170563139,0.14658151335102404,1.13272112311993,-2.7648844897921,0.7990733855335491,0.007966525271703133,0.004822695870749501, -1135.8602266053742, 0.0052892261537643625
2021_8_20_17_42,-2.6164765926142093,0.14648749433304323,1.1323883587176122,-2.7637569141353904,0.7989244739947879,0.007965874060997472,0.004823952065647237, -1135.9114653403692, 0.005288336055731792
2021_8_20_17_42,-2.616476577713048,0.14648749433304323,1.1323883587176122,-2.7637569141353904,0.7989244739947879,0.007965874060997472,0.004823952065647237, -1135.9114649764895, 0.0052883360298868415
2021_8_20_17_43,-2.6164765926142093,0.14648750923420442,1.1323883587176122,-2.7637569141353904,0.7989244739947879,0.007965874060997472,0.004823952065647237, -1135.9114632803514, 0.005288335953283802
2021_8_20_17_43,-2.6164765926142093,0.14648749433304323,1.1323883736187734,-2.7637569141353904,0.7989244739947879,0.007965874060997472,0.004823952065647237, -1135.9114647631925, 0.005288336033862638
2021_8_20_17_43,-2.6164765926142093,0.14648749433304323,1.1323883587176122,-2.763756899234229,0.7989244739947879,0.007965874060997472,0.004823952065647237, -1135.9114652880633, 0.005288336055731792
2021_8_20_17_43,-2.6164765926142093,0.14648749433304323,1.1323883587176122,-2.7637569141353904,0.7989244888959491,0.007965874060997472,0.004823952065647237, -1135.9114651186333, 0.005288336055731792
2021_8_20_17_43,-2.6164765926142093,0.14648749433304323,1.1323883587176122,-2.7637569141353904,0.7989244739947879,0.007965888962158666,0.004823952065647237, -1135.9114902091458, 0.005288336055731792
2021_8_20_17_44,-2.6164765926142093,0.14648749433304323,1.1323883587176122,-2.7637569141353904,0.7989244739947879,0.007965874060997472,0.004823966966808431, -1135.911321469139, 0.005288336055731792
2021_8_20_17_44,-5.737134162334872,0.49802203793649724,1.4782889854068668,-6.983928793721575,1.6309448368303658,0.014488735693190924,0.00010610946313265902, 57700.673789484885, 0.005525709855457031
2021_8_20_17_44,-2.9285423495862757,0.18164094869338862,1.1669784213865377,-3.185774102094009,0.8821265102783458,0.008618160224216817,0.004352167805395779, -1136.5649603167826, 0.005522443840139062
2021_8_20_17_44,-2.7878326969225684,0.16579034591989544,1.1513818504875524,-2.9954876300634137,0.8446109246531645,0.008324046059450729,0.004564894123195937, -1136.205069699254, 0.0054204687086815756
2021_8_20_17_44,-2.7089183655258333,0.15690083694573195,1.1426348104567112,-2.8887690828289414,0.8235710222689,0.008159097726287716,0.004684197630964589, -1136.2047795008486, 0.005360727133046786
2021_8_20_17_44,-2.708918350624672,0.15690083694573195,1.1426348104567112,-2.8887690828289414,0.8235710222689,0.008159097726287716,0.004684197630964589, -1136.204779124171, 0.005360727107997407
2021_8_20_17_45,-2.7089183655258333,0.15690085184689315,1.1426348104567112,-2.8887690828289414,0.8235710222689,0.008159097726287716,0.004684197630964589, -1136.2047774289204, 0.005360727033314372
2021_8_20_17_45,-2.7089183655258333,0.15690083694573195,1.1426348253578724,-2.8887690828289414,0.8235710222689,0.008159097726287716,0.004684197630964589, -1136.2047789051412, 0.005360727111785177
2021_8_20_17_45,-2.7089183655258333,0.15690083694573195,1.1426348104567112,-2.88876906792778,0.8235710222689,0.008159097726287716,0.004684197630964589, -1136.2047794529317, 0.005360727133046786
2021_8_20_17_45,-2.7089183655258333,0.15690083694573195,1.1426348104567112,-2.8887690828289414,0.8235710371700612,0.008159097726287716,0.004684197630964589, -1136.2047792973028, 0.005360727133046786
2021_8_20_17_45,-2.7089183655258333,0.15690083694573195,1.1426348104567112,-2.8887690828289414,0.8235710222689,0.00815911262744891,0.004684197630964589, -1136.2048006905022, 0.005360727133046786
2021_8_20_17_46,-2.7089183655258333,0.15690083694573195,1.1426348104567112,-2.8887690828289414,0.8235710222689,0.008159097726287716,0.004684212532125783, -1136.2046391688866, 0.005360727133046786
2021_8_20_17_46,-6.2666111893925525,0.5,1.5518209873866977,-7.0,1.8600168706957159,0.014065078939456091,9.999999999999593e-06, 7568010.607738771, 0.005444651638650359
2021_8_20_17_46,-3.064687647912505,0.19121075325115877,1.1835534281497098,-3.299892174546047,0.9272156071115816,0.008749695847604554,0.00421677786786813, -1135.0995192787839, 0.00564838775724884
2021_8_20_17_46,-2.864562592506163,0.1719109591386704,1.1605361497100772,-3.068629849263872,0.8689141198525848,0.00841747637953099,0.004479707835739922, -1135.359293810021, 0.005491983792670919
2021_8_20_17_46,-2.7711833087852518,0.16290558524120433,1.1497961802967844,-2.9607217702747906,0.8417103741294172,0.008262461227111108,0.004602392184377719, -1135.7493758926012, 0.005414279761950873
2021_8_20_17_46,-2.7322139952258837,0.15914743648330035,1.1453141451064577,-2.9156892577286175,0.8303576280509202,0.008197769854031417,0.004653591172637066, -1136.0914880680202, 0.005380927463108349
2021_8_20_17_47,-2.7184370057195943,0.1578188019431554,1.1437295918735688,-2.8997687193325463,0.8263440427627744,0.008174899233877729,0.004671691771789449, -1136.03231313267, 0.0053690056021239016
2021_8_20_17_47,-2.7115142916960573,0.1571511846121689,1.1429333795456613,-2.8917689067198973,0.8243272811802657,0.008163407117781345,0.004680787029612606, -1136.0905931450945, 0.005362988187318871
2021_8_20_17_47,-2.709347701805837,0.15694224156541975,1.1426841903441072,-2.8892652191385113,0.8236960987797229,0.008159810449990793,0.0046836335567956725, -1136.1793105210759, 0.005361101256455182
2021_8_20_17_47,-2.7089759400943345,0.15690638936052545,1.142641432365555,-2.8888356153706147,0.8235877951960334,0.008159193303488098,0.00468412198786525, -1136.2060312387093, 0.0053607773074474015
2021_8_20_17_47,-2.7089759251931733,0.15690638936052545,1.142641432365555,-2.8888356153706147,0.8235877951960334,0.008159193303488098,0.00468412198786525, -1136.2060308620275, 0.005360777282398503
2021_8_20_17_48,-2.7089759400943345,0.15690640426168664,1.142641432365555,-2.8888356153706147,0.8235877951960334,0.008159193303488098,0.00468412198786525, -1136.2060291667776, 0.005360777207716711
2021_8_20_17_48,-2.7089759400943345,0.15690638936052545,1.1426414472667161,-2.8888356153706147,0.8235877951960334,0.008159193303488098,0.00468412198786525, -1136.206030642996, 0.005360777286185974
2021_8_20_17_48,-2.7089759400943345,0.15690638936052545,1.142641432365555,-2.8888356004694535,0.8235877951960334,0.008159193303488098,0.00468412198786525, -1136.2060311907944, 0.0053607773074474015
2021_8_20_17_48,-2.7089759400943345,0.15690638936052545,1.142641432365555,-2.8888356153706147,0.8235878100971946,0.008159193303488098,0.00468412198786525, -1136.2060310351692, 0.0053607773074474015
2021_8_20_17_48,-2.7089759400943345,0.15690638936052545,1.142641432365555,-2.8888356153706147,0.8235877951960334,0.008159208204649292,0.00468412198786525, -1136.2060524276794, 0.0053607773074474015
2021_8_20_17_48,-2.7089759400943345,0.15690638936052545,1.142641432365555,-2.8888356153706147,0.8235877951960334,0.008159193303488098,0.004684136889026444, -1136.2058909090347, 0.0053607773074474015
2021_8_20_17_49,-6.942318153896068,-1.8769695330882064,9.999999999998899e-05,-6.923693524030986,9.999999999998899e-05,0.049894076095353145,0.003247469544885504, 16988307742.01554, 1.376707623314945
2021_8_20_17_49,-3.132310161474508,-0.04648120288434773,1.0283872891289993,-3.2923214062366517,0.7412390156764301,0.012332681582674603,0.0045404567435672755, -1110.963057723275, 0.006465251140420421
2021_8_20_17_49,-2.8525794652810474,0.08791320678629604,1.1038841174419818,-3.0257061517099797,0.7956534245815242,0.00957492489084396,0.004635387832944493, -1124.6544470493113, 0.006016002381311723
2021_8_20_17_49,-2.7527736676552546,0.13586411612929342,1.1308208150248011,-2.9305798445175966,0.815068074303602,0.00859097815195739,0.004669258527951186, -1132.0213042816947, 0.005581980837486395
2021_8_20_17_49,-2.721422255121821,0.15092665533971183,1.1392822825777549,-2.900698372994746,0.8211666848764178,0.00828189670723591,0.004679898131633633, -1134.9808075864237, 0.005425685085410368
2021_8_20_17_50,-2.7124672531682847,0.15522901549368168,1.14169915800197,-2.892163234886493,0.8229086500760776,0.008193612808118733,0.004682937154888473, -1135.8499895751095, 0.005379150947164466
2021_8_20_17_50,-2.7099400735905568,0.15644317901632046,1.142381221305326,-2.8897545445442483,0.8234002478334578,0.008168698322555387,0.004683794793730509, -1135.9490570005719, 0.005365864511398634
2021_8_20_17_50,-2.709130518987911,0.15683212314865658,1.1425997128962655,-2.8889829466846826,0.8235577258499173,0.008160717236985483,0.0046840695290433845, -1136.0899036507953, 0.005361593607531286
2021_8_20_17_50,-2.708991397983692,0.15689896273933857,1.142637260418626,-2.8888503485020216,0.8235847882614218,0.008159345696837836,0.004684116741983063, -1136.2079759582348, 0.00536085894846141
2021_8_20_17_50,-2.7089913830825307,0.15689896273933857,1.142637260418626,-2.8888503485020216,0.8235847882614218,0.008159345696837836,0.004684116741983063, -1136.2079755815575, 0.005360858923412971
2021_8_20_17_50,-2.708991397983692,0.15689897764049976,1.142637260418626,-2.8888503485020216,0.8235847882614218,0.008159345696837836,0.004684116741983063, -1136.2079738863079, 0.005360858848734096
2021_8_20_17_51,-2.708991397983692,0.15689896273933857,1.142637275319787,-2.8888503485020216,0.8235847882614218,0.008159345696837836,0.004684116741983063, -1136.2079753625048, 0.005360858927200517
2021_8_20_17_51,-2.708991397983692,0.15689896273933857,1.142637260418626,-2.8888503336008604,0.8235847882614218,0.008159345696837836,0.004684116741983063, -1136.2079759103249, 0.00536085894846141
2021_8_20_17_51,-2.708991397983692,0.15689896273933857,1.142637260418626,-2.8888503485020216,0.823584803162583,0.008159345696837836,0.004684116741983063, -1136.207975754722, 0.00536085894846141
2021_8_20_17_51,-2.708991397983692,0.15689896273933857,1.142637260418626,-2.8888503485020216,0.8235847882614218,0.00815936059799903,0.004684116741983063, -1136.2079971461405, 0.00536085894846141
2021_8_20_17_51,-2.708991397983692,0.15689896273933857,1.142637260418626,-2.8888503485020216,0.8235847882614218,0.008159345696837836,0.004684131643144257, -1136.2078356297277, 0.00536085894846141
2021_8_20_17_52,-4.7080600157641,-1.1150792162675964,0.7577331832848682,-7.0,2.959063281558499,0.02877804958146202,9.999999999999593e-06, 344891675.7863334, 0.018145158853975517
2021_8_20_17_52,-2.9088982597617328,0.029701144838645083,1.10414685270525,-3.2999653136518194,1.0371326375911296,0.010221216085300255,0.004216705067784756, -1121.2310519344464, 0.006291786509107502
2021_8_20_17_52,-2.7756738481484136,0.11446989313270425,1.129798107868591,-3.0259849767571083,0.8948174297728595,0.008847118833797076,0.004528203356149694, -1129.7192396656467, 0.00574321350305517
2021_8_20_17_52,-2.72922212494527,0.14402644650267915,1.1387420017858647,-2.9304554966984795,0.8451959935727149,0.008368008553570892,0.004636814323870676, -1133.9755263414233, 0.005483541264595133
2021_8_20_17_52,-2.7148219086972785,0.15318909388632101,1.1415146439534025,-2.9008409834782394,0.8298131538728168,0.008219482488957083,0.004670484149535613, -1135.3232163109353, 0.0053968350018284775
2021_8_20_17_52,-2.710441343408196,0.15597638363209007,1.1423580854565714,-2.8918322084410066,0.8251336731986088,0.008174300658909079,0.004680726556111824, -1135.839822970302, 0.005369853352424085
2021_8_20_17_53,-2.709260807459726,0.1567275414225887,1.142585387859164,-2.8894043978546335,0.8238725813550877,0.008162124427973252,0.004683486822964186, -1136.0777735493145, 0.005362532551876363
2021_8_20_17_53,-2.7090233292278403,0.1568786453548205,1.1426311123224817,-2.8889160161444853,0.8236188983887766,0.008159675040644201,0.004684042082033155, -1136.1448796699656, 0.005361057364808384
2021_8_20_17_53,-2.7089945911081066,0.15689693100088675,1.1426366456090116,-2.888856915266268,0.8235881992741573,0.008159378631218472,0.004684109275988072, -1136.2084554258854, 0.005360878790634756
2021_8_20_17_53,-2.7089945762069454,0.15689693100088675,1.1426366456090116,-2.888856915266268,0.8235881992741573,0.008159378631218472,0.004684109275988072, -1136.2084550492045, 0.005360878765586529
2021_8_20_17_53,-2.7089945911081066,0.15689694590204795,1.1426366456090116,-2.888856915266268,0.8235881992741573,0.008159378631218472,0.004684109275988072, -1136.2084533539635, 0.005360878690908078
2021_8_20_17_54,-2.7089945911081066,0.15689693100088675,1.1426366605101728,-2.888856915266268,0.8235881992741573,0.008159378631218472,0.004684109275988072, -1136.2084548301527, 0.005360878769373875
2021_8_20_17_54,-2.7089945911081066,0.15689693100088675,1.1426366456090116,-2.888856900365107,0.8235881992741573,0.008159378631218472,0.004684109275988072, -1136.2084553779744, 0.005360878790634756
2021_8_20_17_54,-2.7089945911081066,0.15689693100088675,1.1426366456090116,-2.888856915266268,0.8235882141753185,0.008159378631218472,0.004684109275988072, -1136.20845522237, 0.005360878790634756
2021_8_20_17_54,-2.7089945911081066,0.15689693100088675,1.1426366456090116,-2.888856915266268,0.8235881992741573,0.008159393532379666,0.004684109275988072, -1136.2084766137255, 0.005360878790634756
2021_8_20_17_54,-2.7089945911081066,0.15689693100088675,1.1426366456090116,-2.888856915266268,0.8235881992741573,0.008159378631218472,0.004684124177149266, -1136.208315097838, 0.005360878790634756
2021_8_20_17_54,-7.0,-2.0,9.999999999998899e-05,-7.0,10.0,0.05,9.999999999999593e-06, 1307445656742.22, 1.469759578666744
2021_8_20_17_55,-3.138095131997296,-0.05879276209920192,1.0283829810481104,-3.2999712237396412,1.7412293793467417,0.012343440768096625,0.004216698348389265, -1093.1033597825892, 0.006483297071494055
2021_8_20_17_55,-2.818032313698015,0.10208853371242155,1.113603917392318,-2.9933241989177186,1.0567678271126353,0.009222580755444352,0.004565336591727644, -1123.6692926508608, 0.005888504938452975
2021_8_20_17_55,-2.7348602520809147,0.14389541749662704,1.135749573068135,-2.913638387930011,0.8789024983642032,0.008411588830015684,0.004655934311297505, -1133.0886041970723, 0.005497443597774028
2021_8_20_17_55,-2.7149767554341917,0.15388996395094112,1.1410438156516212,-2.8945883304376316,0.8363811925437571,0.00821770935995978,0.004677593019982173, -1135.2398195945188, 0.005393127162123801
2021_8_20_17_55,-2.7101630885181347,0.15630957949758886,1.142325517800016,-2.8899764337914164,0.8260870573273956,0.008170772384673565,0.004682836454338427, -1135.9164544156847, 0.005367210075203199
2021_8_20_17_56,-2.709166065222468,0.15681073861570674,1.1425909883700285,-2.8890212018500154,0.8239549005333275,0.008161050636450319,0.004683922492548725, -1136.0906819791965, 0.005361808855905992
2021_8_20_17_56,-2.7090117385195427,0.15688831176236875,1.1426320798851133,-2.888873343924643,0.8236248694000743,0.008159545831741657,0.004684090597644137, -1136.1754311353932, 0.005360971812016501
2021_8_20_17_56,-2.7089963058492503,0.15689606907703496,1.1426361890366217,-2.888858558132106,0.823591866286749,0.00815939535127079,0.004684107408153679, -1136.2086334362118, 0.00536088809285987
2021_8_20_17_56,-2.708996290948089,0.15689606907703496,1.1426361890366217,-2.888858558132106,0.823591866286749,0.00815939535127079,0.004684107408153679, -1136.2086330595325, 0.005360888067811733
2021_8_20_17_56,-2.7089963058492503,0.15689608397819615,1.1426361890366217,-2.888858558132106,0.823591866286749,0.00815939535127079,0.004684107408153679, -1136.2086313642867, 0.005360887993133602
2021_8_20_17_56,-2.7089963058492503,0.15689606907703496,1.1426362039377829,-2.888858558132106,0.823591866286749,0.00815939535127079,0.004684107408153679, -1136.2086328404778, 0.005360888071599135
2021_8_20_17_57,-2.7089963058492503,0.15689606907703496,1.1426361890366217,-2.8888585432309446,0.823591866286749,0.00815939535127079,0.004684107408153679, -1136.2086333883012, 0.00536088809285987
2021_8_20_17_57,-2.7089963058492503,0.15689606907703496,1.1426361890366217,-2.888858558132106,0.8235918811879102,0.00815939535127079,0.004684107408153679, -1136.2086332326974, 0.00536088809285987
2021_8_20_17_57,-2.7089963058492503,0.15689606907703496,1.1426361890366217,-2.888858558132106,0.823591866286749,0.008159410252431984,0.004684107408153679, -1136.2086546239548, 0.00536088809285987
2021_8_20_17_57,-2.7089963058492503,0.15689606907703496,1.1426361890366217,-2.888858558132106,0.823591866286749,0.00815939535127079,0.004684122309314873, -1136.2084931083293, 0.00536088809285987
2021_8_20_17_57,-7.0,-2.0,9.999999999998899e-05,-6.104083777858668,9.999999999998899e-05,0.05,9.999999999999593e-06, 1303012610151.9214, 1.469759578666744
2021_8_20_17_58,-3.1380966752643253,-0.05879353783066854,1.0283825701329594,-3.210381080104762,0.741242679658074,0.012343455816143711,0.004216696667338311, -1112.3963938331049, 0.006483298250534127
2021_8_20_17_58,-2.861034395109038,0.0804733063743518,1.1021540474509415,-3.0027798534256664,0.7944140471108107,0.009641884306695934,0.004518495255384058, -1124.8163929484745, 0.006064512720654934
2021_8_20_17_58,-2.7578777651236113,0.13232554085695028,1.1296208573858921,-2.925485163895741,0.8142109645225453,0.008636027383757605,0.0046308617791119, -1132.0183112427817, 0.005612805226543448
2021_8_20_17_58,-2.723943429805073,0.1493828168865817,1.138656320628486,-2.9000583550399135,0.8207233451016522,0.008305141369836011,0.004667825794854735, -1134.8066638900264, 0.005440714749469553
2021_8_20_17_58,-2.7134056266699402,0.15467970026840167,1.1414621493559804,-2.892162437717172,0.8227456680332642,0.008202389639408876,0.004679304420185851, -1135.6966087600113, 0.005384696712994985
2021_8_20_17_58,-2.710181366065171,0.15630039219033748,1.1423206511626454,-2.8897465171656336,0.8233644399039189,0.00817095060489289,0.004682816544959622, -1135.9553197696064, 0.005367308985925265
2021_8_20_17_59,-2.709225634747658,0.15678079567371084,1.142575127200208,-2.889030393001131,0.8235478554920715,0.00816163148539155,0.00468385760461601, -1136.068929103372, 0.005362131880877678
2021_8_20_17_59,-2.7090192387390912,0.15688454173670255,1.1426300828529803,-2.8888757416190085,0.8235874652072812,0.008159618964682867,0.004684082427799912, -1136.1438375848275, 0.005361012498329941
2021_8_20_17_59,-2.7089985991382344,0.1568949163430017,1.1426355784182576,-2.8888602764807962,0.8235914261788022,0.008159417712611998,0.0046841049101183025, -1136.2089429588882, 0.005360900533568907
2021_8_20_17_59,-2.708998584237073,0.1568949163430017,1.1426355784182576,-2.8888602764807962,0.8235914261788022,0.008159417712611998,0.0046841049101183025, -1136.2089425822, 0.005360900508521152
2021_8_20_17_59,-2.7089985991382344,0.1568949312441629,1.1426355784182576,-2.8888602764807962,0.8235914261788022,0.008159417712611998,0.0046841049101183025, -1136.2089408869667, 0.005360900433842963
2021_8_20_18_0,-2.7089985991382344,0.1568949163430017,1.1426355933194188,-2.8888602764807962,0.8235914261788022,0.008159417712611998,0.0046841049101183025, -1136.2089423631473, 0.0053609005123084145
2021_8_20_18_0,-2.7089985991382344,0.1568949163430017,1.1426355784182576,-2.888860261579635,0.8235914261788022,0.008159417712611998,0.0046841049101183025, -1136.208942910978, 0.005360900533568907
2021_8_20_18_0,-2.7089985991382344,0.1568949163430017,1.1426355784182576,-2.8888602764807962,0.8235914410799634,0.008159417712611998,0.0046841049101183025, -1136.2089427553772, 0.005360900533568907
2021_8_20_18_0,-2.7089985991382344,0.1568949163430017,1.1426355784182576,-2.8888602764807962,0.8235914261788022,0.008159432613773191,0.0046841049101183025, -1136.2089641465102, 0.005360900533568907
2021_8_20_18_0,-2.7089985991382344,0.1568949163430017,1.1426355784182576,-2.8888602764807962,0.8235914261788022,0.008159417712611998,0.004684119811279496, -1136.2088026312313, 0.005360900533568907
2021_8_20_18_0,-6.877822670447144,-1.9386212672942036,0.03265671396465941,-5.8444618084275675,0.023521041351887595,0.04935175029074345,9.999999999999593e-06, 1121520500794.2476, 1.3180980239346884
2021_8_20_18_1,-3.1258810062691254,-0.05265670202071884,1.0316376919728978,-3.1844204296754732,0.7435843876961108,0.012278650970425142,0.004216694419106472, -1113.0946678006308, 0.00647403277044924
2021_8_20_18_1,-2.856858551394328,0.08257109802768839,1.1032668214028407,-2.9936896225809,0.7952145105597943,0.009620428353535326,0.00451832364493935, -1125.0772290532225, 0.006048140910094815
2021_8_20_18_1,-2.7565013642836003,0.1330170046281095,1.1299876315602113,-2.9225386574903527,0.8144748132107087,0.00862879460805734,0.004630844589219119, -1132.106323102537, 0.005606067673986937
2021_8_20_18_1,-2.723496977199131,0.149607109195611,1.1387752828190238,-2.899139297056993,0.8208089333903968,0.00830267681894805,0.0046678492613012705, -1134.785966323285, 0.00543836732690015
2021_8_20_18_1,-2.7132003715116686,0.1547828382466653,1.1415168268355618,-2.891839237610215,0.8227850324374819,0.008200935608801311,0.004679393863418819, -1135.8426519625418, 0.0053835935305848095
2021_8_20_18_2,-2.7102763619518933,0.1562526314662423,1.1422953650408911,-2.8897661812791076,0.8233462011060827,0.008172043342735958,0.0046826722765172845, -1135.9686069544982, 0.0053678230602956485
2021_8_20_18_2,-2.7092659225703613,0.15676054257987201,1.1425644016656389,-2.8890498027193723,0.8235401221281738,0.008162059147110969,0.004683805185844665, -1136.0744612511483, 0.005362350340152293
2021_8_20_18_2,-2.709026932501951,0.15688067419193238,1.1426280344599744,-2.8888803641918086,0.8235859885098519,0.008159697675815362,0.004684073142619314, -1136.1448862141574, 0.005361054235241889
2021_8_20_18_2,-2.709001432474606,0.15689349212789477,1.1426348240224293,-2.8888622852518977,0.8235908824119071,0.008159445708932334,0.004684101733368404, -1136.1745222498969, 0.005360915904053515
2021_8_20_18_2,-2.7089988824718714,0.156894773921491,1.1426355029786748,-2.8888604773579063,0.8235913718021127,0.00815942051224403,0.004684104592443313, -1136.208981301322, 0.005360902070615073
2021_8_20_18_2,-2.70899886757071,0.156894773921491,1.1426355029786748,-2.8888604773579063,0.8235913718021127,0.00815942051224403,0.004684104592443313, -1136.2089809246381, 0.005360902045567219
2021_8_20_18_3,-2.7089988824718714,0.1568947888226522,1.1426355029786748,-2.8888604773579063,0.8235913718021127,0.00815942051224403,0.004684104592443313, -1136.208979229384, 0.005360901970889816
2021_8_20_18_3,-2.7089988824718714,0.156894773921491,1.142635517879836,-2.8888604773579063,0.8235913718021127,0.00815942051224403,0.004684104592443313, -1136.208980705573, 0.005360902049354877
2021_8_20_18_3,-2.7089988824718714,0.156894773921491,1.1426355029786748,-2.888860462456745,0.8235913718021127,0.00815942051224403,0.004684104592443313, -1136.2089812534123, 0.005360902070615073
2021_8_20_18_3,-2.7089988824718714,0.156894773921491,1.1426355029786748,-2.8888604773579063,0.8235913867032739,0.00815942051224403,0.004684104592443313, -1136.208981097812, 0.005360902070615073
2021_8_20_18_3,-2.7089988824718714,0.156894773921491,1.1426355029786748,-2.8888604773579063,0.8235913718021127,0.008159435413405225,0.004684104592443313, -1136.209002488924, 0.005360902070615073
2021_8_20_18_4,-2.7089988824718714,0.156894773921491,1.1426355029786748,-2.8888604773579063,0.8235913718021127,0.00815942051224403,0.004684119493604507, -1136.208840973686, 0.005360902070615073
2021_8_20_18_4,-7.0,-2.0,9.999999999998899e-05,-6.104024661928219,9.999999999998899e-05,0.05,9.999999999999593e-06, 1303012354558.042, 1.469759578666744
2021_8_20_18_4,-3.138098994224684,-0.05879470347065813,1.0283819526808073,-3.2103768958149375,0.7412422346219014,0.012343478461019627,0.004216694133198981, -1112.3965829003512, 0.006483300022191537
2021_8_20_18_4,-2.861036802600667,0.08047209623349273,1.1021534064262852,-3.002779551743107,0.7944135850843769,0.009641907817203412,0.004518492624225298, -1124.8166670031785, 0.006064522119165631
2021_8_20_18_4,-2.7578802510855116,0.1323242912725316,1.1296201954675353,-2.9254863418950587,0.8142104874367412,0.008636051660298235,0.004630859062259544, -1132.0186294713437, 0.005612817380911085
2021_8_20_18_4,-2.7239459588766612,0.14938154563282804,1.1386556472316212,-2.9000600327540607,0.8207228597426002,0.008305166067021336,0.004667823030972297, -1134.806999624049, 0.005440728044304271
2021_8_20_18_5,-2.7134081778358716,0.15467841790880202,1.1414614700762102,-2.892164277134517,0.8227451784340548,0.008202414552121775,0.004679301632214259, -1135.6969523189152, 0.005384710424639411
2021_8_20_18_5,-2.710183931093552,0.15629910286270146,1.142319968191817,-2.8897484113810035,0.8233639476443484,0.008170975652803126,0.004682813741881136, -1135.955666268755, 0.005367322866519378
2021_8_20_18_5,-2.7092282077681404,0.15677950232880133,1.142574442101378,-2.889032306369129,0.8235473616987263,0.008161656611239182,0.004683854792829867, -1136.0692764134938, 0.005362145832790217
2021_8_20_18_5,-2.709021815001498,0.15688324676222204,1.1426293968909451,-2.8888776602590287,0.8235869707917741,0.008159644122143546,0.004684079612481969, -1136.1441854305187, 0.005361026473617894
2021_8_20_18_5,-2.709001175724834,0.1568936212055641,1.142634892369902,-2.8888621956480187,0.8235909317010789,0.008159442873233983,0.004684102094447178, -1136.1744866917966, 0.005360914511106114
2021_8_20_18_6,-2.7089991117971675,0.15689465864989832,1.1426354419177975,-2.8888606491869173,0.8235913277920094,0.008159422748343026,0.0046841043426437, -1136.2090122530687, 0.005360903314662205
2021_8_20_18_6,-2.7089990968960063,0.15689465864989832,1.1426354419177975,-2.8888606491869173,0.8235913277920094,0.008159422748343026,0.0046841043426437, -1136.2090118763733, 0.005360903289614728
2021_8_20_18_6,-2.7089991117971675,0.15689467355105952,1.1426354419177975,-2.8888606491869173,0.8235913277920094,0.008159422748343026,0.0046841043426437, -1136.2090101811311, 0.005360903214937044
2021_8_20_18_6,-2.7089991117971675,0.15689465864989832,1.1426354568189587,-2.8888606491869173,0.8235913277920094,0.008159422748343026,0.0046841043426437, -1136.2090116573206, 0.00536090329340197
2021_8_20_18_6,-2.7089991117971675,0.15689465864989832,1.1426354419177975,-2.888860634285756,0.8235913277920094,0.008159422748343026,0.0046841043426437, -1136.209012205159, 0.005360903314662205
2021_8_20_18_6,-2.7089991117971675,0.15689465864989832,1.1426354419177975,-2.8888606491869173,0.8235913426931706,0.008159422748343026,0.0046841043426437, -1136.2090120495577, 0.005360903314662205
2021_8_20_18_7,-2.7089991117971675,0.15689465864989832,1.1426354419177975,-2.8888606491869173,0.8235913277920094,0.00815943764950422,0.0046841043426437, -1136.2090334406635, 0.005360903314662205
2021_8_20_18_7,-2.7089991117971675,0.15689465864989832,1.1426354419177975,-2.8888606491869173,0.8235913277920094,0.008159422748343026,0.004684119243804893, -1136.2088719254625, 0.005360903314662205
2021_8_20_18_7,-7.0,-2.0,9.999999999998899e-05,-6.106128129194277,9.999999999998899e-05,0.04999469453321676,0.00018453946869739345, 16991893506.288876, 1.469759578666744
2021_8_20_18_7,-3.1380992006174506,-0.05879480721509153,1.0283818977260177,-3.2105873971876533,0.7412421950128084,0.0123429499268304,0.004234147855249069, -1112.3153058992496, 0.00648330017987044
2021_8_20_18_7,-2.8607599507010786,0.08061125732877496,1.1022271218870094,-3.0026465057889373,0.7944667160774328,0.009639020657376469,0.004524967172141119, -1124.841436660491, 0.006063441009885751
2021_8_20_18_8,-2.7577480443851585,0.1323907456810153,1.129655397240909,-2.925411178908691,0.8142358593893586,0.008634702268710418,0.0046329859694645295, -1132.0189519702415, 0.005612170907198697
2021_8_20_18_8,-2.7238739345218805,0.14941774906185695,1.1386748246636849,-2.9000133580000673,0.820736682026281,0.008304445382374877,0.004668506529550184, -1134.8252622161147, 0.0054403493981085155
2021_8_20_18_8,-2.713396814068433,0.1546841299675801,1.1414644958288007,-2.8921579182560047,0.8227473592688253,0.008202298309206497,0.004679492890168762, -1135.69374122215, 0.005384649347738901
2021_8_20_18_8,-2.710174601452475,0.15630379245693132,1.1423224523315012,-2.889741997091436,0.8233657381073939,0.008170883228191745,0.004682871718344495, -1135.9539560124263, 0.005367272379045113
2021_8_20_18_8,-2.709224112186053,0.15678156099514928,1.142575532603993,-2.8890293479248133,0.8235481476869885,0.008161616397952052,0.004683868406116808, -1136.0686375160753, 0.005362123624943116
2021_8_20_18_8,-2.709021611836056,0.15688334888442343,1.142629450986417,-2.8888775190607068,0.8235870097815073,0.008159642113303929,0.00468408074899101, -1136.1441493844934, 0.005361025371523353
2021_8_20_18_9,-2.7090013618010564,0.15689352767335082,1.1426348428246595,-2.8888623361742964,0.8235908959909591,0.008159444684839116,0.0046841019832784304, -1136.1745109395486, 0.005360915520541839
2021_8_20_18_9,-2.7089993367975564,0.15689454555224358,1.1426353820084838,-2.8888608178856554,0.8235912846119043,0.008159424941992635,0.004684104106707172, -1136.209042534866, 0.00536090453524687
2021_8_20_18_9,-2.7089993218963953,0.15689454555224358,1.1426353820084838,-2.8888608178856554,0.8235912846119043,0.008159424941992635,0.004684104106707172, -1136.2090421581775, 0.005360904510199188
2021_8_20_18_9,-2.7089993367975564,0.15689456045340477,1.1426353820084838,-2.8888608178856554,0.8235912846119043,0.008159424941992635,0.004684104106707172, -1136.2090404629266, 0.0053609044355218665
2021_8_20_18_9,-2.7089993367975564,0.15689454555224358,1.142635396909645,-2.8888608178856554,0.8235912846119043,0.008159424941992635,0.004684104106707172, -1136.209041939121, 0.005360904513986553
2021_8_20_18_10,-2.7089993367975564,0.15689454555224358,1.1426353820084838,-2.888860802984494,0.8235912846119043,0.008159424941992635,0.004684104106707172, -1136.209042486956, 0.00536090453524687
2021_8_20_18_10,-2.7089993367975564,0.15689454555224358,1.1426353820084838,-2.8888608178856554,0.8235912995130655,0.008159424941992635,0.004684104106707172, -1136.2090423313516, 0.00536090453524687
2021_8_20_18_10,-2.7089993367975564,0.15689454555224358,1.1426353820084838,-2.8888608178856554,0.8235912846119043,0.008159439843153829,0.004684104106707172, -1136.2090637224458, 0.00536090453524687
2021_8_20_18_10,-2.7089993367975564,0.15689454555224358,1.1426353820084838,-2.8888608178856554,0.8235912846119043,0.008159424941992635,0.004684119007868366, -1136.2089022072792, 0.00536090453524687
2021_8_20_18_10,-3.342582143034601,-1.9996905133858385,0.000266451299991477,-6.999534268162452,0.00021772031092526234,0.05,9.999999999999593e-06, 1040343518097.0917, 1.2141966631815355
2021_8_20_18_10,-2.7723576174212607,-0.05876396034156464,1.0283984889376345,-3.2999281629133352,0.7412539281818065,0.012343482447793371,0.004216693696036455, -1114.430662866038, 0.006497551645308879
2021_8_20_18_11,-2.730924283617979,0.08226655333800356,1.103104040866446,-3.0311094646390537,0.7950986843820199,0.00960730574628877,0.004522358107661973, -1127.8871296795478, 0.005889846226020653
2021_8_20_18_11,-2.716350463642591,0.1318728275316493,1.1293810783392602,-2.9365547919866426,0.8140381157878119,0.00864487904758515,0.004629872944123436, -1133.2646435622037, 0.005552168294003417
2021_8_20_18_11,-2.7114200027595956,0.14865509840338892,1.1382708481868031,-2.9045660535773252,0.8204455042316199,0.008319281009546906,0.004666246228300827, -1135.1990318400367, 0.005425524514507097
2021_8_20_18_11,-2.709785249546172,0.15421946082044816,1.1412183575920574,-2.893959805165873,0.8225699504237179,0.008211325089887719,0.00467830622524692, -1135.9174348750353, 0.005382062843987788
2021_8_20_18_11,-2.70926480542724,0.1559909451471242,1.1421567340533263,-2.8905831734123195,0.8232462944232802,0.00817695597347973,0.004682145676017464, -1135.9317780094862, 0.0053680712182118
2021_8_20_18_12,-2.7090557763072938,0.1567024371139535,1.1425336198682334,-2.889226996373993,0.8235179385554102,0.008163152097338647,0.004683687737857438, -1136.0819824408052, 0.0053624298474435105
2021_8_20_18_12,-2.7090065471577893,0.15687000297470652,1.1426223815112664,-2.888907598568599,0.8235819143765593,0.008159901100145221,0.004684050914016265, -1136.1467223360519, 0.005361099448747322
2021_8_20_18_12,-2.7090000578335798,0.15689209129448986,1.1426340819587621,-2.88886549595395,0.8235903475883698,0.008159472557807893,0.004684098787438082, -1136.1747954398377, 0.005360924027203756
2021_8_20_18_12,-2.7089994089011586,0.1568943001264682,1.1426352520035117,-2.8888612856924847,0.8235911909095509,0.008159429703574162,0.0046841035747802635, -1136.2090982439504, 0.005360906484432635
2021_8_20_18_12,-2.7089993939999975,0.1568943001264682,1.1426352520035117,-2.8888612856924847,0.8235911909095509,0.008159429703574162,0.0046841035747802635, -1136.2090978672575, 0.005360906459385116
2021_8_20_18_12,-2.7089994089011586,0.1568943150276294,1.1426352520035117,-2.8888612856924847,0.8235911909095509,0.008159429703574162,0.0046841035747802635, -1136.209096172015, 0.005360906384707553
2021_8_20_18_13,-2.7089994089011586,0.1568943001264682,1.1426352669046729,-2.8888612856924847,0.8235911909095509,0.008159429703574162,0.0046841035747802635, -1136.2090976482036, 0.005360906463172307
2021_8_20_18_13,-2.7089994089011586,0.1568943001264682,1.1426352520035117,-2.8888612707913235,0.8235911909095509,0.008159429703574162,0.0046841035747802635, -1136.2090981960403, 0.005360906484432635
2021_8_20_18_13,-2.7089994089011586,0.1568943001264682,1.1426352520035117,-2.8888612856924847,0.8235912058107121,0.008159429703574162,0.0046841035747802635, -1136.2090980404405, 0.005360906484432635
2021_8_20_18_13,-2.7089994089011586,0.1568943001264682,1.1426352520035117,-2.8888612856924847,0.8235911909095509,0.008159444604735356,0.0046841035747802635, -1136.209119431451, 0.005360906484432635
2021_8_20_18_13,-2.7089994089011586,0.1568943001264682,1.1426352520035117,-2.8888612856924847,0.8235911909095509,0.008159429703574162,0.004684118475941457, -1136.2089579164026, 0.005360906484432635
2021_8_20_18_14,-1.1118268081563336,-1.9994978284759355,0.0003657665786918063,-6.999107405083668,4.539531268122173,0.04994525740080925,9.999999999999593e-06, nan, 1.3632393240496767
2021_8_20_18_14,-2.549282148826676,-0.058744912733772164,1.0284083034610296,-3.299885897631603,1.195185198630813,0.01233801247329767,0.0042166932173022375, -1114.345957370461, 0.0064044128061454385
2021_8_20_18_14,-2.658750586109331,0.08905181028579362,1.106698186136706,-3.0181741907521946,0.9404987902246358,0.009474058222864469,0.004537051088323725, -1128.895317655816, 0.0057488644690709915
2021_8_20_18_14,-2.6935530934377443,0.13603975186682268,1.1315883214414197,-2.928611628368526,0.8595281852262604,0.00856354199313534,0.004638900145738806, -1133.7329027107455, 0.0054870671718541255
2021_8_20_18_14,-2.704429750565575,0.15072466306867036,1.1393671134985561,-2.900621079488106,0.8342228386979269,0.00827898281621639,0.004670730532723372, -1135.219795399378, 0.005398894653169594
2021_8_20_18_14,-2.7078167569996685,0.15529756521499996,1.1417894403621638,-2.8919047829240445,0.8263427179493268,0.008190370685505873,0.004680642560311385, -1135.897386343112, 0.0053707925713990575
2021_8_20_18_15,-2.7087223902427926,0.1565202886676578,1.1424371331776582,-2.8895741797560426,0.824235695288275,0.008166677169453558,0.0046832928834994675, -1136.102759220544, 0.005363225553413565
2021_8_20_18_15,-2.7089471898305675,0.15682379754413436,1.1425979058514018,-2.888995668934568,0.8237126824359604,0.008160795878454202,0.004683950756390813, -1136.0856507455358, 0.005361343795442426
2021_8_20_18_15,-2.7089941869940994,0.15688724986823482,1.1426315173883006,-2.888874724016693,0.8236033400621918,0.008159566321062166,0.004684088292941318, -1136.1755069309459, 0.005360950218826906
2021_8_20_18_15,-2.708998886710453,0.15689359510064488,1.1426348785419906,-2.8888626295249056,0.823592405824815,0.008159443365322962,0.004684102046596369, -1136.174415429438, 0.00536091085786693
2021_8_20_18_15,-2.7089993566820882,0.15689422962388588,1.1426352146573595,-2.8888614200757265,0.8235913124010773,0.008159431069749042,0.0046841034219618745, -1136.2091103744897, 0.005360906921775334
2021_8_20_18_16,-2.708999341780927,0.15689422962388588,1.1426352146573595,-2.8888614200757265,0.8235913124010773,0.008159431069749042,0.0046841034219618745, -1136.2091099978004, 0.0053609068967277445
2021_8_20_18_16,-2.7089993566820882,0.15689424452504708,1.1426352146573595,-2.8888614200757265,0.8235913124010773,0.008159431069749042,0.0046841034219618745, -1136.2091083025573, 0.00536090682205016
2021_8_20_18_16,-2.7089993566820882,0.15689422962388588,1.1426352295585207,-2.8888614200757265,0.8235913124010773,0.008159431069749042,0.0046841034219618745, -1136.209109778743, 0.005360906900515139
2021_8_20_18_16,-2.7089993566820882,0.15689422962388588,1.1426352146573595,-2.8888614051745654,0.8235913124010773,0.008159431069749042,0.0046841034219618745, -1136.20911032658, 0.005360906921775334
2021_8_20_18_16,-2.7089993566820882,0.15689422962388588,1.1426352146573595,-2.8888614200757265,0.8235913273022385,0.008159431069749042,0.0046841034219618745, -1136.2091101709796, 0.005360906921775334
2021_8_20_18_16,-2.7089993566820882,0.15689422962388588,1.1426352146573595,-2.8888614200757265,0.8235913124010773,0.008159445970910235,0.0046841034219618745, -1136.209131561965, 0.005360906921775334
2021_8_20_18_17,-2.7089993566820882,0.15689422962388588,1.1426352146573595,-2.8888614200757265,0.8235913124010773,0.008159431069749042,0.004684118323123068, -1136.208970046955, 0.005360906921775334
2021_8_20_18_17,-0.5014630730192198,-1.993152326099065,0.003733381788255885,-2.0563337244618283,5.089729095091413,0.0497573446005617,0.0003633526728450461, nan, 1.365440123804153
2021_8_20_18_17,-2.4882457283158015,-0.058110425948409206,1.0287450313704491,-2.805608650514337,1.250205090670111,0.012319222422830307,0.004252028347050192, -1108.3961767600024, 0.006338732103991429
2021_8_20_18_17,-2.6493055578121236,0.0987550055448913,1.111838268103386,-2.8663491102290264,0.9389515774332449,0.009284276673463585,0.004567266372399513, -1129.1853603677687, 0.005672746683571301
2021_8_20_18_17,-2.6923523475727817,0.14068074997988864,1.1340467672888208,-2.882583337022143,0.8557622148934093,0.008473120521016671,0.004651520683634129, -1134.030140770748, 0.005452024317174881
2021_8_20_18_18,-2.7045768596268647,0.1525869053766481,1.1403535805844214,-2.887193564688935,0.8321379360379132,0.008242766800833023,0.004675447388715337, -1135.5474844558184, 0.0053854361160484135
2021_8_20_18_18,-2.7078982374757126,0.15582178629662125,1.1420671303673617,-2.888446155220392,0.8257192621359608,0.008180180111054917,0.004681948231276664, -1135.9589055076904, 0.005367036626575162
2021_8_20_18_18,-2.7087818545595503,0.15668239179685395,1.1425230019758084,-2.8887793935458763,0.8240116425354637,0.008163529591052208,0.004683677710970918, -1136.0707115402195, 0.005362118862857931
2021_8_20_18_18,-2.7089776064698343,0.1568730458411827,1.1426239933892044,-2.8888532174227417,0.8236333454145159,0.008159840921879357,0.004684060850862779, -1136.1444465509749, 0.005361028141432796
2021_8_20_18_18,-2.708997181660863,0.15689211124561556,1.142634092530544,-2.888860599810428,0.8235955157024212,0.008159472054962074,0.004684099164851965, -1136.1746289519037, 0.005360919043965869
2021_8_20_18_18,-2.7089991391799657,0.15689401778605885,1.142635102444678,-2.8888613380491965,0.8235917327312117,0.008159435168270345,0.004684102996250884, -1136.209142649716, 0.0053609081339855095
2021_8_20_18_19,-2.7089991242788045,0.15689401778605885,1.142635102444678,-2.8888613380491965,0.8235917327312117,0.008159435168270345,0.004684102996250884, -1136.2091422730275, 0.005360908108937786
2021_8_20_18_19,-2.7089991391799657,0.15689403268722005,1.142635102444678,-2.8888613380491965,0.8235917327312117,0.008159435168270345,0.004684102996250884, -1136.2091405777796, 0.005360908034260442
2021_8_20_18_19,-2.7089991391799657,0.15689401778605885,1.1426351173458391,-2.8888613380491965,0.8235917327312117,0.008159435168270345,0.004684102996250884, -1136.209142053969, 0.005360908112725106
2021_8_20_18_19,-2.7089991391799657,0.15689401778605885,1.142635102444678,-2.8888613231480353,0.8235917327312117,0.008159435168270345,0.004684102996250884, -1136.2091426018064, 0.0053609081339855095
2021_8_20_18_19,-2.7089991391799657,0.15689401778605885,1.142635102444678,-2.8888613380491965,0.8235917476323729,0.008159435168270345,0.004684102996250884, -1136.209142446203, 0.0053609081339855095
2021_8_20_18_20,-2.7089991391799657,0.15689401778605885,1.142635102444678,-2.8888613380491965,0.8235917327312117,0.008159450069431539,0.004684102996250884, -1136.2091638370916, 0.0053609081339855095
2021_8_20_18_20,-2.7089991391799657,0.15689401778605885,1.142635102444678,-2.8888613380491965,0.8235917327312117,0.008159435168270345,0.004684117897412078, -1136.2090023222088, 0.0053609081339855095
2021_8_20_18_20,-0.940556544798703,-1.9805921993464712,0.010380093365370602,-0.6475398380957231,4.154551247277525,0.022795787728364478,0.00017525202986947482, nan, 1.3425825882065552
2021_8_20_18_20,-2.5321548797418396,-0.056854603927194186,1.029409601536747,-2.6647291880538493,1.1566876841858431,0.009623070424279758,0.004233217899612743, -1111.5014522442946, 0.0063784976509333995
2021_8_20_18_20,-2.6599113311372773,0.09756242655778685,1.1112063658163884,-2.8266475235317055,0.9160513363211288,0.00856570589891082,0.004558947895692893, -1128.674858883986, 0.005696133326483167
2021_8_20_18_20,-2.6959458762657187,0.14111676289723257,1.1342776797234408,-2.8723176521488445,0.8481782759632235,0.008267469298798267,0.004650822177697695, -1133.8872279036855, 0.005454723446505633
2021_8_20_18_21,-2.705768448517966,0.15298913742195536,1.1405666351410417,-2.884766765534688,0.8296769174204607,0.008186173682538137,0.004675865973030724, -1135.5268101189224, 0.005384452942419995
2021_8_20_18_21,-2.708268648761106,0.15601108655209037,1.1421674019728243,-2.887935515584559,0.8249676518697326,0.008165481005068309,0.004682240525599322, -1135.923149650344, 0.0053662510639866795
2021_8_20_18_21,-2.7088865974651863,0.15675799054663483,1.1425630469984371,-2.888718702848157,0.8238037112804838,0.008160366609426798,0.004683816058003041, -1136.0931878542076, 0.005361731999373506
2021_8_20_18_21,-2.708987885008488,0.15688041506211645,1.1426278969000538,-2.8888470745290924,0.8236129305861389,0.00815952831238599,0.0046840743024261, -1136.1432136546405, 0.005360990532319284
2021_8_20_18_21,-2.708998013762818,0.1568926575136646,1.1426343818902156,-2.8888599116971863,0.8235938525167044,0.00815944448268191,0.004684100126868406, -1136.1745347207518, 0.005360916373921521
2021_8_20_18_22,-2.708999026638251,0.15689388175881944,1.1426350303892316,-2.8888611954139956,0.8235919447097609,0.008159436099711502,0.004684102709312636, -1136.2091622723085, 0.005360908957971905
2021_8_20_18_22,-2.70899901173709,0.15689388175881944,1.1426350303892316,-2.8888611954139956,0.8235919447097609,0.008159436099711502,0.004684102709312636, -1136.2091618956126, 0.00536090893292453
2021_8_20_18_22,-2.708999026638251,0.15689389665998063,1.1426350303892316,-2.8888611954139956,0.8235919447097609,0.008159436099711502,0.004684102709312636, -1136.2091602003738, 0.005360908858246861
2021_8_20_18_22,-2.708999026638251,0.15689388175881944,1.1426350452903928,-2.8888611954139956,0.8235919447097609,0.008159436099711502,0.004684102709312636, -1136.2091616765638, 0.005360908936711575
2021_8_20_18_22,-2.708999026638251,0.15689388175881944,1.1426350303892316,-2.8888611805128344,0.8235919447097609,0.008159436099711502,0.004684102709312636, -1136.2091622243984, 0.005360908957971905
2021_8_20_18_22,-2.708999026638251,0.15689388175881944,1.1426350303892316,-2.8888611954139956,0.8235919596109221,0.008159436099711502,0.004684102709312636, -1136.2091620687986, 0.005360908957971905
2021_8_20_18_23,-2.708999026638251,0.15689388175881944,1.1426350303892316,-2.8888611954139956,0.8235919447097609,0.008159451000872696,0.004684102709312636, -1136.2091834596974, 0.005360908957971905
2021_8_20_18_23,-2.708999026638251,0.15689388175881944,1.1426350303892316,-2.8888611954139956,0.8235919447097609,0.008159436099711502,0.00468411761047383, -1136.2090219448241, 0.005360908957971905
2021_8_20_18_23,-2.2876924993821985,-2.0,3.686698364979315,10.0,3.894568770307861,0.04018073324493625,9.96039224124565e-05, 3067311906.830267, 0.48932530567652494
2021_8_20_18_23,-2.6668683739126458,-0.05879550641706252,1.39704136384824,-1.599975075872596,1.130689627269571,0.011361565814233976,0.004225652830622618, -1096.7326024556855, 0.0061547024474394125
2021_8_20_18_23,-2.702085201528202,0.12149830605639993,1.1843842268206313,-2.6773493236346377,0.8739880228989187,0.008684919646574384,0.004608869071143542, -1131.139484005576, 0.005519142253276975
2021_8_20_18_23,-2.7076703585761126,0.15009171794526546,1.1506582046864422,-2.848213787600926,0.8332768381632638,0.008260421183190293,0.004669644644400279, -1135.1647810239576, 0.005392465616078148
2021_8_20_18_24,-2.708754521944568,0.15564213120726308,1.1441114742278458,-2.8813811616271052,0.825374182105754,0.00817801961775199,0.004681442101420128, -1135.906866728932, 0.005366759116523508
2021_8_20_18_24,-2.7089659923357114,0.15672476146177614,1.1428345083285414,-2.8878505902783638,0.8238327375078446,0.00816194686360708,0.004683743242487127, -1136.0886920074454, 0.005361700484840634
2021_8_20_18_24,-2.7089957232079973,0.1568769697291151,1.1426549781831625,-2.888760134900432,0.8236160239895693,0.00815968717610106,0.004684066762630086, -1136.1427831550657, 0.005360988126496334
2021_8_20_18_24,-2.7089986962952257,0.156892190555849,1.1426370251686246,-2.8888510893626393,0.8235943526377417,0.008159461207350458,0.004684099114644381, -1136.1745093323514, 0.005360916874975085
2021_8_20_18_24,-2.7089989936039487,0.1568937126385224,1.142635229867171,-2.88886018480886,0.823592185502559,0.008159438610475397,0.004684102349845811, -1136.2091773947195, 0.00536090974966528
2021_8_20_18_25,-2.7089989787027875,0.1568937126385224,1.142635229867171,-2.88886018480886,0.823592185502559,0.008159438610475397,0.004684102349845811, -1136.2091770180182, 0.005360909724618
2021_8_20_18_25,-2.7089989936039487,0.1568937275396836,1.142635229867171,-2.88886018480886,0.823592185502559,0.008159438610475397,0.004684102349845811, -1136.2091753227846, 0.005360909649940149
2021_8_20_18_25,-2.7089989936039487,0.1568937126385224,1.1426352447683321,-2.88886018480886,0.823592185502559,0.008159438610475397,0.004684102349845811, -1136.2091767989689, 0.005360909728405018
2021_8_20_18_25,-2.7089989936039487,0.1568937126385224,1.142635229867171,-2.888860169907699,0.823592185502559,0.008159438610475397,0.004684102349845811, -1136.209177346809, 0.00536090974966528
2021_8_20_18_25,-2.7089989936039487,0.1568937126385224,1.142635229867171,-2.88886018480886,0.8235922004037202,0.008159438610475397,0.004684102349845811, -1136.2091771912037, 0.00536090974966528
2021_8_20_18_25,-2.7089989936039487,0.1568937126385224,1.142635229867171,-2.88886018480886,0.823592185502559,0.008159453511636591,0.004684102349845811, -1136.209198582051, 0.00536090974966528
2021_8_20_18_26,-2.7089989936039487,0.1568937126385224,1.142635229867171,-2.88886018480886,0.823592185502559,0.008159438610475397,0.004684117251007005, -1136.2090370672545, 0.00536090974966528
2021_8_20_18_26,-3.3468347038507806,0.03328938776158143,1.6722083544421844,3.275029129071247,0.013126486449915542,0.05,7.719009399490169e-05, 87176.90990396478, 0.0061781561988215284
2021_8_20_18_26,-2.7727825646286317,0.14453328015082828,1.1955925423246723,-2.272471253420849,0.7425456155972946,0.012343494749427858,0.0042234111242607205, -1128.8238598755688, 0.005471088939768763
2021_8_20_18_26,-2.7278143177115206,0.15324754577094882,1.1582569484656522,-2.707033464635145,0.7996845011870412,0.00939368076835335,0.0045482044284274005, -1136.0523734757103, 0.005394272948861549
2021_8_20_18_26,-2.717958481719947,0.15515747952703293,1.150073985709715,-2.8022778687534187,0.8122078153858773,0.008747160505806527,0.004619390426470166, -1136.5975283555952, 0.005376890360147885
2021_8_20_18_27,-2.7179584668187857,0.15515747952703293,1.150073985709715,-2.8022778687534187,0.8122078153858773,0.008747160505806527,0.004619390426470166, -1136.597527916759, 0.005376890335265323
2021_8_20_18_27,-2.717958481719947,0.15515749442819413,1.150073985709715,-2.8022778687534187,0.8122078153858773,0.008747160505806527,0.004619390426470166, -1136.5975260660166, 0.005376890261158851
2021_8_20_18_27,-2.717958481719947,0.15515747952703293,1.1500740006108763,-2.8022778687534187,0.8122078153858773,0.008747160505806527,0.004619390426470166, -1136.5975276877807, 0.005376890338913312
2021_8_20_18_27,-2.717958481719947,0.15515747952703293,1.150073985709715,-2.8022778538522575,0.8122078153858773,0.008747160505806527,0.004619390426470166, -1136.597528305723, 0.005376890360147885
2021_8_20_18_27,-2.717958481719947,0.15515747952703293,1.150073985709715,-2.8022778687534187,0.8122078302870385,0.008747160505806527,0.004619390426470166, -1136.5975281460715, 0.005376890360147885
2021_8_20_18_27,-2.717958481719947,0.15515747952703293,1.150073985709715,-2.8022778687534187,0.8122078153858773,0.008747175406967721,0.004619390426470166, -1136.5975276794509, 0.005376890360147885
2021_8_20_18_28,-2.717958481719947,0.15515747952703293,1.150073985709715,-2.8022778687534187,0.8122078153858773,0.008747160505806527,0.00461940532763136, -1136.5973900747167, 0.005376890360147885
2021_8_20_18_28,-2.157248019817529,-0.732389752956311,0.0007086738286035121,-4.8694270841366105,1.8330199065231398,0.019693570800007283,9.999999999999593e-06, 290048349027.78687, 0.48369403679524386
2021_8_20_18_28,-2.6618874355297053,0.06640275627869853,1.0351374545216039,-3.008992790291738,0.9142890244996036,0.009841801535226603,0.004158451383823149, -1129.4914411380312, 0.005957494799351889
2021_8_20_18_28,-2.6971080218787202,0.12215333713008497,1.1073339319626052,-2.8791464393075232,0.8501675164399309,0.009154211388129005,0.004447986615573595, -1133.5301686101238, 0.005610904554614973
2021_8_20_18_28,-2.710511948536434,0.1433703801813241,1.1348098030050402,-2.829730709878224,0.8257647429398838,0.00889253465705662,0.004558175269809776, -1135.3445970157334, 0.005463055908118936
2021_8_20_18_29,-2.7154039343517833,0.1511138926833546,1.1448375788080802,-2.8116956181027755,0.816858545161735,0.00879703138482137,0.004598390450577388, -1136.0119451904711, 0.005406779253019855
2021_8_20_18_29,-2.71717164439525,0.1539119966309587,1.1484610970826123,-2.805178670983616,0.8136403070359947,0.00876252145370413,0.0046129221319080455, -1136.43557834565, 0.005386132278873679
2021_8_20_18_29,-2.7177062342179124,0.15475819756683526,1.1495569193295665,-2.8032078197019783,0.8126670493712083,0.008752084980808457,0.004617316794355232, -1136.550674482548, 0.005379856732362036
2021_8_20_18_29,-2.7178746818218804,0.15502483287129007,1.1499022095390867,-2.802586810543001,0.8123603788834304,0.00874879648039444,0.004618701538935275, -1136.628346825483, 0.005377876197635923
2021_8_20_18_29,-2.717874666920719,0.15502483287129007,1.1499022095390867,-2.802586810543001,0.8123603788834304,0.00874879648039444,0.004618701538935275, -1136.6283463866077, 0.005377876172763506
2021_8_20_18_29,-2.7178746818218804,0.15502484777245126,1.1499022095390867,-2.802586810543001,0.8123603788834304,0.00874879648039444,0.004618701538935275, -1136.6283445359084, 0.005377876098685889
2021_8_20_18_30,-2.7178746818218804,0.15502483287129007,1.149902224440248,-2.802586810543001,0.8123603788834304,0.00874879648039444,0.004618701538935275, -1136.628346157673, 0.005377876176409983
2021_8_20_18_30,-2.7178746818218804,0.15502483287129007,1.1499022095390867,-2.8025867956418398,0.8123603788834304,0.00874879648039444,0.004618701538935275, -1136.6283467756086, 0.005377876197635923
2021_8_20_18_30,-2.7178746818218804,0.15502483287129007,1.1499022095390867,-2.802586810543001,0.8123603937845916,0.00874879648039444,0.004618701538935275, -1136.628346615969, 0.005377876197635923
2021_8_20_18_30,-2.7178746818218804,0.15502483287129007,1.1499022095390867,-2.802586810543001,0.8123603788834304,0.008748811381555633,0.004618701538935275, -1136.6283461537505, 0.005377876197635923
2021_8_20_18_30,-2.7178746818218804,0.15502483287129007,1.1499022095390867,-2.802586810543001,0.8123603788834304,0.00874879648039444,0.004618716440096469, -1136.6282085780597, 0.005377876197635923
2021_8_20_18_31,-2.581829483230148,-0.2449036037792747,0.8539326364376258,-2.7371128609599884,1.1585261903698938,0.014497536405245239,0.0016661905559080363, -984.1123267090761, 0.006744832836686918
2021_8_20_18_31,-2.692150606716079,0.07940445635055517,1.093938870837645,-2.7902066838352493,0.8778150617823218,0.009835795647740057,0.004060426678342639, -1130.6121196150104, 0.005863706173970283
2021_8_20_18_31,-2.708297832826125,0.12687202566781852,1.1290675462193098,-2.7979777972532784,0.8367285869379298,0.009153476798009947,0.004410860673285792, -1134.020296880749, 0.005570919445298129
2021_8_20_18_31,-2.714452998499251,0.14496620179795758,1.1424582558915484,-2.800940070167935,0.8210668220088675,0.008893383483321504,0.004544442706612776, -1135.5271661284498, 0.005448587412924646
2021_8_20_18_31,-2.716712450984885,0.15160825392195407,1.1473737486435043,-2.80202746817728,0.8153176650279459,0.008797907826356602,0.0045934783091075146, -1135.9656728724658, 0.005402114010379982
2021_8_20_18_31,-2.7175582214041225,0.1540945426335908,1.1492137423552617,-2.802434508854652,0.813165609633582,0.008762168864403815,0.004611833579839358, -1136.4982825536276, 0.005384497834393632
2021_8_20_18_32,-2.717775962291234,0.15473462970376203,1.149687442846512,-2.8025393001740992,0.8126115698610579,0.008752967983049911,0.004616559085533832, -1136.5560252983846, 0.005379943628645376
2021_8_20_18_32,-2.717850888570079,0.1549548884844673,1.1498504467525188,-2.8025753596562004,0.8124209206034096,0.008749801890493342,0.004618185167626385, -1136.57481148478, 0.005378374629761253
2021_8_20_18_32,-2.717871915291959,0.1550167001771709,1.149896190887283,-2.802585479105784,0.8123674182944883,0.008748913383167772,0.004618641498521771, -1136.6302329939012, 0.005377934156966478
2021_8_20_18_32,-2.7178719003907976,0.1550167001771709,1.149896190887283,-2.802585479105784,0.8123674182944883,0.008748913383167772,0.004618641498521771, -1136.630232555036, 0.005377934132094229
2021_8_20_18_32,-2.717871915291959,0.1550167150783321,1.149896190887283,-2.802585479105784,0.8123674182944883,0.008748913383167772,0.004618641498521771, -1136.630230704334, 0.0053779340580186385
2021_8_20_18_33,-2.717871915291959,0.1550167001771709,1.149896205788444,-2.802585479105784,0.8123674182944883,0.008748913383167772,0.004618641498521771, -1136.6302323260916, 0.00537793413574077
2021_8_20_18_33,-2.717871915291959,0.1550167001771709,1.149896190887283,-2.802585464204623,0.8123674182944883,0.008748913383167772,0.004618641498521771, -1136.6302329440264, 0.005377934156966478
2021_8_20_18_33,-2.717871915291959,0.1550167001771709,1.149896190887283,-2.802585479105784,0.8123674331956495,0.008748913383167772,0.004618641498521771, -1136.6302327843846, 0.005377934156966478
2021_8_20_18_33,-2.717871915291959,0.1550167001771709,1.149896190887283,-2.802585479105784,0.8123674182944883,0.008748928284328966,0.004618641498521771, -1136.630232321739, 0.005377934156966478
2021_8_20_18_33,-2.717871915291959,0.1550167001771709,1.149896190887283,-2.802585479105784,0.8123674182944883,0.008748913383167772,0.004618656399682965, -1136.6300947490597, 0.005377934156966478
2021_8_20_18_33,-2.400278663660581,-0.6290599658984839,0.5235700201164626,-3.11065760501953,1.5407733576757336,0.018780155495194163,0.0008623090079270318, 710.5725464673498, 0.007122849378117073
2021_8_20_18_34,-2.686112590128821,0.07660903356960541,1.0872635738102008,-2.8333926916971586,0.8852080122326128,0.009752037594370412,0.0042430082494622975, -1129.2246101976884, 0.005878221814913982
2021_8_20_18_34,-2.70692443253872,0.12798947042657388,1.12830664225174,-2.813204767355362,0.837475670493715,0.009094691668603244,0.004489160204618376, -1133.701769973924, 0.005562933458306865
2021_8_20_18_34,-2.714263277845317,0.1461076682512567,1.1427795910790515,-2.8060859332373767,0.8206438943710598,0.008862892870250218,0.004575960358359097, -1135.457410779616, 0.005440448424838788
2021_8_20_18_34,-2.7167635755746606,0.15228042254546947,1.147710432318791,-2.8036605919149786,0.8149094157355078,0.008783920499942078,0.004605532616423939, -1136.0989946845677, 0.005397296083590746
2021_8_20_18_34,-2.7175841969987014,0.15430637903845817,1.1493287811707635,-2.8028645718944776,0.8130273054696749,0.008758001019145234,0.004615238511942082, -1136.5374247525976, 0.005382974107195763
2021_8_20_18_35,-2.7177832904469694,0.15479790247717579,1.1497214136855873,-2.802671447067208,0.8125706809996484,0.008751712615433145,0.0046175932886401115, -1136.536485621878, 0.005379487611316067
2021_8_20_18_35,-2.7178573570244327,0.15498075861415858,1.1498674805040934,-2.8025996009311167,0.8124008079476964,0.008749373208763993,0.004618469310690214, -1136.6377678188119, 0.005378189401299641
2021_8_20_18_35,-2.7178573421232715,0.15498075861415858,1.1498674805040934,-2.8025996009311167,0.8124008079476964,0.008749373208763993,0.004618469310690214, -1136.6377673799389, 0.005378189376429857
2021_8_20_18_35,-2.7178573570244327,0.15498077351531978,1.1498674805040934,-2.8025996009311167,0.8124008079476964,0.008749373208763993,0.004618469310690214, -1136.6377655292674, 0.005378189302362198
2021_8_20_18_35,-2.7178573570244327,0.15498075861415858,1.1498674954052546,-2.8025996009311167,0.8124008079476964,0.008749373208763993,0.004618469310690214, -1136.6377671509638, 0.005378189380076194
2021_8_20_18_35,-2.7178573570244327,0.15498075861415858,1.1498674805040934,-2.8025995860299555,0.8124008079476964,0.008749373208763993,0.004618469310690214, -1136.637767768934, 0.005378189401299641
2021_8_20_18_36,-2.7178573570244327,0.15498075861415858,1.1498674805040934,-2.8025996009311167,0.8124008228488576,0.008749373208763993,0.004618469310690214, -1136.6377676092934, 0.005378189401299641
2021_8_20_18_36,-2.7178573570244327,0.15498075861415858,1.1498674805040934,-2.8025996009311167,0.8124008079476964,0.008749388109925187,0.004618469310690214, -1136.6377671465718, 0.005378189401299641
2021_8_20_18_36,-2.7178573570244327,0.15498075861415858,1.1498674805040934,-2.8025996009311167,0.8124008079476964,0.008749373208763993,0.004618484211851408, -1136.6376295826535, 0.005378189401299641
2021_8_20_18_36,3.872982319829502,-2.0,9.999999999998899e-05,-7.0,10.0,0.05,9.999999999999593e-06, 7393396058895.891, 2.390758552889915
2021_8_20_18_36,-2.058773389339039,-0.06051731724725731,1.034890732453684,-3.222339640838005,1.7311607271529268,0.012874435887887593,0.004157622379621193, -1083.1216993078012, 0.005812552469694673
2021_8_20_18_37,-2.6519489602558934,0.133430951028017,1.1383698056990523,-2.8445736049218056,0.9042767998682195,0.009161879476676354,0.004572384617583312, -1134.0955770445173, 0.005426974618449763
2021_8_20_18_37,-2.7076372573086434,0.1516391330674184,1.1480845910883501,-2.809108308884707,0.8266475783889857,0.008813338581890241,0.004611323177844984, -1136.0799884515661, 0.005385842613577275
2021_8_20_18_37,-2.7166252705815332,0.15457790818726658,1.149652543865566,-2.803384259697021,0.8141183305946323,0.008757084568852005,0.004617607807021697, -1136.5544973606509, 0.005379113761152071
2021_8_20_18_37,-2.717731574089778,0.15493963186593937,1.1498455377570447,-2.802679706253959,0.8125761487609264,0.008750160456694234,0.004618381360319308, -1136.5701900031995, 0.00537828379077042
2021_8_20_18_37,-2.717844778730967,0.15497664593933666,1.1498652862293886,-2.802607611463401,0.8124183420290194,0.008749451933557018,0.004618460515653123, -1136.6379859029716, 0.005378198840254959
2021_8_20_18_37,-2.717844763829806,0.15497664593933666,1.1498652862293886,-2.802607611463401,0.8124183420290194,0.008749451933557018,0.004618460515653123, -1136.6379854640763, 0.005378198815385772
2021_8_20_18_38,-2.717844778730967,0.15497666084049785,1.1498652862293886,-2.802607611463401,0.8124183420290194,0.008749451933557018,0.004618460515653123, -1136.6379836133824, 0.00537819874131821
2021_8_20_18_38,-2.717844778730967,0.15497664593933666,1.1498653011305497,-2.802607611463401,0.8124183420290194,0.008749451933557018,0.004618460515653123, -1136.6379852351188, 0.005378198819031568
2021_8_20_18_38,-2.717844778730967,0.15497664593933666,1.1498652862293886,-2.8026075965622397,0.8124183420290194,0.008749451933557018,0.004618460515653123, -1136.637985853089, 0.005378198840254959
2021_8_20_18_38,-2.717844778730967,0.15497664593933666,1.1498652862293886,-2.802607611463401,0.8124183569301806,0.008749451933557018,0.004618460515653123, -1136.637985693431, 0.005378198840254959
2021_8_20_18_38,-2.717844778730967,0.15497664593933666,1.1498652862293886,-2.802607611463401,0.8124183420290194,0.008749466834718212,0.004618460515653123, -1136.637985228688, 0.005378198840254959
2021_8_20_18_39,-2.717844778730967,0.15497664593933666,1.1498652862293886,-2.802607611463401,0.8124183420290194,0.008749451933557018,0.004618475416814317, -1136.6378476673044, 0.005378198840254959

	end time: 2021-08-20 18:39:01.322829
