	start time: 2021-08-23 13:08:34.929805
2021_8_23_13_9,-1.78,0.25,2.2,-1.86,0.15,0.0024,0.0023, -906.9235849047369, 0.005753991400580601
2021_8_23_13_9,-1.7799999850988388,0.25,2.2,-1.86,0.15,0.0024,0.0023, -906.9236329662691, 0.005753991301480402
2021_8_23_13_9,-1.78,0.2500000149011612,2.2,-1.86,0.15,0.0024,0.0023, -906.9237477382705, 0.005753991069690342
2021_8_23_13_10,-1.78,0.25,2.2000000149011614,-1.86,0.15,0.0024,0.0023, -906.9236064607912, 0.005753991353384444
2021_8_23_13_10,-1.78,0.25,2.2,-1.859999985098839,0.15,0.0024,0.0023, -906.9235849460781, 0.005753991400580601
2021_8_23_13_10,-1.78,0.25,2.2,-1.86,0.1500000149011612,0.0024,0.0023, -906.9235852174498, 0.005753991400580601
2021_8_23_13_11,-1.78,0.25,2.2,-1.86,0.15,0.0024000149011611936,0.0023, -906.9291965446504, 0.005753991400580601
2021_8_23_13_11,-1.78,0.25,2.2,-1.86,0.15,0.0024,0.002300014901161194, -906.9351096671551, 0.005753991400580601
2021_8_23_13_11,6.999999999999999,0.5,5.0,0.9143606567382812,10.0,0.05,0.05, 92940.38148468488, 1.1667520864938
2021_8_23_13_12,0.3706855060697929,0.31123819778103057,2.8858678151475425,-1.1804126135470052,2.562784992572604,0.014059752857508217,0.013984248136620631, 42893.2388775784, 0.22962766293538375
2021_8_23_13_12,-1.419612810914247,0.2602615942222595,2.3149298552893063,-1.7461225468574018,0.5543068123570236,0.004353807539918205,0.0042579121776071096, -2031.374889691274, 0.0036521394779746984
2021_8_23_13_13,-1.4196127960130858,0.2602615942222595,2.3149298552893063,-1.7461225468574018,0.5543068123570236,0.004353807539918205,0.0042579121776071096, -2031.374889448932, 0.0036521394610092377
2021_8_23_13_13,-1.419612810914247,0.26026160912342067,2.3149298552893063,-1.7461225468574018,0.5543068123570236,0.004353807539918205,0.0042579121776071096, -2031.374887047503, 0.0036521394378553214
2021_8_23_13_13,-1.419612810914247,0.2602615942222595,2.3149298701904675,-1.7461225468574018,0.5543068123570236,0.004353807539918205,0.0042579121776071096, -2031.374887815717, 0.0036521394757111757
2021_8_23_13_14,-1.419612810914247,0.2602615942222595,2.3149298552893063,-1.7461225319562406,0.5543068123570236,0.004353807539918205,0.0042579121776071096, -2031.3748896205989, 0.0036521394779746984
2021_8_23_13_14,-1.419612810914247,0.2602615942222595,2.3149298552893063,-1.7461225468574018,0.5543068272581848,0.004353807539918205,0.0042579121776071096, -2031.3748893076372, 0.0036521394779746984
2021_8_23_13_14,-1.419612810914247,0.2602615942222595,2.3149298552893063,-1.7461225468574018,0.5543068123570236,0.004353822441079399,0.0042579121776071096, -2031.3746370608126, 0.0036521394779746984
2021_8_23_13_15,-1.419612810914247,0.2602615942222595,2.3149298552893063,-1.7461225468574018,0.5543068123570236,0.004353807539918205,0.004257927078768303, -2031.375253625594, 0.0036521394779746984
2021_8_23_13_15,-2.6866277785274737,-2.0,0.00010000000000021103,-7.0,9.999999999998899e-05,9.999999999999593e-06,0.05, nan, 1.228067494394899
2021_8_23_13_15,-1.5463143076755697,0.03423543480003349,2.0834468697603756,-2.2715102921716617,0.49888613112132124,0.003919426785926385,0.0088321209598464, -1150.613642511411, 0.00967817594611311
2021_8_23_13_16,-1.4322829605903793,0.23765897828003688,2.2917815567364133,-1.7986613213888278,0.5487647442334533,0.004310369464519023,0.004715333055831038, -2023.998890094177, 0.003845652138095738
2021_8_23_13_16,-1.4242047003672185,0.25207000087824605,2.3065404967816083,-1.7651635409111162,0.5522982674846445,0.004338064802430373,0.004423689706679413, -2031.120386317565, 0.003696283268866652
2021_8_23_13_16,-1.4218286695342974,0.25630866527891705,2.3108814929416575,-1.7553109542091834,0.5533375704981327,0.004346210736701823,0.004337909653715296, -2031.5494041651095, 0.003669585821744976
2021_8_23_13_17,-1.4207807209633994,0.25817812851973654,2.31279608961236,-1.7509654701309123,0.5537959551674833,0.004349803501602059,0.0043000763551445075, -2031.567705390006, 0.0036604177656954224
2021_8_23_13_17,-1.4207807060622382,0.25817812851973654,2.31279608961236,-1.7509654701309123,0.5537959551674833,0.004349803501602059,0.0043000763551445075, -2031.5677054026523, 0.003660417745514387
2021_8_23_13_18,-1.4207807209633994,0.25817814342089773,2.31279608961236,-1.7509654701309123,0.5537959551674833,0.004349803501602059,0.0043000763551445075, -2031.5677036844734, 0.003660417713979211
2021_8_23_13_18,-1.4207807209633994,0.25817812851973654,2.312796104513521,-1.7509654701309123,0.5537959551674833,0.004349803501602059,0.0043000763551445075, -2031.5677036064628, 0.0036604177622422116
2021_8_23_13_18,-1.4207807209633994,0.25817812851973654,2.31279608961236,-1.750965455229751,0.5537959551674833,0.004349803501602059,0.0043000763551445075, -2031.5677053201227, 0.0036604177656954224
2021_8_23_13_19,-1.4207807209633994,0.25817812851973654,2.31279608961236,-1.7509654701309123,0.5537959700686444,0.004349803501602059,0.0043000763551445075, -2031.5677050135348, 0.0036604177656954224
2021_8_23_13_19,-1.4207807209633994,0.25817812851973654,2.31279608961236,-1.7509654701309123,0.5537959551674833,0.0043498184027632525,0.0043000763551445075, -2031.5674457760167, 0.0036604177656954224
2021_8_23_13_19,-1.4207807209633994,0.25817812851973654,2.31279608961236,-1.7509654701309123,0.5537959551674833,0.004349803501602059,0.004300091256305701, -2031.5680607373924, 0.0036604177656954224
2021_8_23_13_20,7.0,-1.8337737142493862,0.00010000000000021103,-7.0,0.0014857497274038955,9.999999999999593e-06,0.005984442458205541, 34104376075.387856, 0.08682159080883604
2021_8_23_13_20,-0.5787026488670594,0.04898294424282423,2.081526480651124,-2.2758689231178213,0.4985649346234753,0.003915823151441853,0.004468512965450611, -2019.8295929825088, 0.003701533842022124
2021_8_23_13_20,-1.0618981823522775,0.1690219073968922,2.214232040603239,-1.9746723804233508,0.5302572245916218,0.004164846815359053,0.004371861811036049, -2039.6090754310478, 0.0035762134849280716
2021_8_23_13_21,-1.0618981674511163,0.1690219073968922,2.214232040603239,-1.9746723804233508,0.5302572245916218,0.004164846815359053,0.004371861811036049, -2039.60907423414, 0.0035762134724866947
2021_8_23_13_21,-1.0618981823522775,0.1690219222980534,2.214232040603239,-1.9746723804233508,0.5302572245916218,0.004164846815359053,0.004371861811036049, -2039.6090720831974, 0.003576213435560884
2021_8_23_13_21,-1.0618981823522775,0.1690219073968922,2.2142320555044,-1.9746723804233508,0.5302572245916218,0.004164846815359053,0.004371861811036049, -2039.609072937787, 0.0035762134858799022
2021_8_23_13_22,-1.0618981823522775,0.1690219073968922,2.214232040603239,-1.9746723655221896,0.5302572245916218,0.004164846815359053,0.004371861811036049, -2039.6090753765366, 0.0035762134849280716
2021_8_23_13_22,-1.0618981823522775,0.1690219073968922,2.214232040603239,-1.9746723804233508,0.530257239492783,0.004164846815359053,0.004371861811036049, -2039.6090751731338, 0.0035762134849280716
2021_8_23_13_23,-1.0618981823522775,0.1690219073968922,2.214232040603239,-1.9746723804233508,0.5302572245916218,0.0041648617165202465,0.004371861811036049, -2039.6088011293934, 0.0035762134849280716
2021_8_23_13_23,-1.0618981823522775,0.1690219073968922,2.214232040603239,-1.9746723804233508,0.5302572245916218,0.004164846815359053,0.004371876712197243, -2039.6093690836162, 0.0035762134849280716
2021_8_23_13_23,0.09354330932596677,0.055824849085656145,0.00010000000000021103,-7.0,0.03535829683346836,0.0022933828674134554,0.006844209119515498, 37105470173.395744, 0.0049354628205977545
2021_8_23_13_24,-0.9463540331844531,0.1577022015657686,1.9928188365429151,-2.477205142381016,0.4807673318158065,0.003977700420564493,0.004619096541883994, -2061.9229725717855, 0.003505490584649051
2021_8_23_13_24,-0.9463540182832919,0.1577022015657686,1.9928188365429151,-2.477205142381016,0.4807673318158065,0.003977700420564493,0.004619096541883994, -2061.922970319616, 0.003505490573636713
2021_8_23_13_24,-0.9463540331844531,0.1577022164669298,1.9928188365429151,-2.477205142381016,0.4807673318158065,0.003977700420564493,0.004619096541883994, -2061.922965492851, 0.0035054905406161716
2021_8_23_13_25,-0.9463540331844531,0.1577022015657686,1.9928188514440763,-2.477205142381016,0.4807673318158065,0.003977700420564493,0.004619096541883994, -2061.922969660147, 0.003505490585720473
2021_8_23_13_25,-0.9463540331844531,0.1577022015657686,1.9928188365429151,-2.4772051274798548,0.4807673318158065,0.003977700420564493,0.004619096541883994, -2061.922972552441, 0.003505490584649051
2021_8_23_13_25,-0.9463540331844531,0.1577022015657686,1.9928188365429151,-2.477205142381016,0.4807673467169677,0.003977700420564493,0.004619096541883994, -2061.9229725281925, 0.003505490584649051
2021_8_23_13_26,-0.9463540331844531,0.1577022015657686,1.9928188365429151,-2.477205142381016,0.4807673318158065,0.003977715321725687,0.004619096541883994, -2061.92270029158, 0.003505490584649051
2021_8_23_13_26,-0.9463540331844531,0.1577022015657686,1.9928188365429151,-2.477205142381016,0.4807673318158065,0.003977700420564493,0.004619111443045188, -2061.9231390973387, 0.003505490584649051
2021_8_23_13_26,-0.588140825299241,0.06128375050771709,0.021697228242612443,-6.949534796334562,2.524848246678636,9.999999999999593e-06,0.013188791814160878, 123026806.48236434, 0.009149091800164216
2021_8_23_13_27,-0.9105327123959319,0.14806035645996346,1.7957066757128848,-2.9244381077763704,0.6851754233020895,0.0035809303785080434,0.0054760660691116824, -2079.785328773578, 0.0035636436522586707
2021_8_23_13_27,-0.9105326974947707,0.14806035645996346,1.7957066757128848,-2.9244381077763704,0.6851754233020895,0.0035809303785080434,0.0054760660691116824, -2079.7853279626956, 0.0035636436106649028
2021_8_23_13_28,-0.9105327123959319,0.14806037136112465,1.7957066757128848,-2.9244381077763704,0.6851754233020895,0.0035809303785080434,0.0054760660691116824, -2079.78532582612, 0.003563643510580301
2021_8_23_13_28,-0.9105327123959319,0.14806035645996346,1.795706690614046,-2.9244381077763704,0.6851754233020895,0.0035809303785080434,0.0054760660691116824, -2079.785326410111, 0.0035636436411958295
2021_8_23_13_28,-0.9105327123959319,0.14806035645996346,1.7957066757128848,-2.924438092875209,0.6851754233020895,0.0035809303785080434,0.0054760660691116824, -2079.785328720296, 0.0035636436522586707
2021_8_23_13_29,-0.9105327123959319,0.14806035645996346,1.7957066757128848,-2.9244381077763704,0.6851754382032507,0.0035809303785080434,0.0054760660691116824, -2079.7853285310553, 0.0035636436522586707
2021_8_23_13_29,-0.9105327123959319,0.14806035645996346,1.7957066757128848,-2.9244381077763704,0.6851754233020895,0.0035809452796692373,0.0054760660691116824, -2079.7849944181175, 0.0035636436522586707
2021_8_23_13_29,-0.9105327123959319,0.14806035645996346,1.7957066757128848,-2.9244381077763704,0.6851754233020895,0.0035809303785080434,0.005476080970272876, -2079.7853512934003, 0.0035636436522586707
2021_8_23_13_30,-6.999990685872623,-1.9999628836765324,0.00012974844755486714,-6.50012170152637,0.00010295757548917095,0.004266648572798574,0.04971331064185316, 17360201129.193954, 1.484705519759726
2021_8_23_13_30,-1.519478509743601,-0.06674196755368614,1.6161489829863518,-3.2820064671513705,0.6166681767294294,0.0036495021979370966,0.00989979052638583, 513.8845286652895, 0.014189533172770743
2021_8_23_13_30,-0.9714272921306988,0.1265801240585985,1.7777509064402315,-2.96019494371387,0.6783246986448235,0.003587787560450949,0.005918438514839097, -2030.6788666670661, 0.004187864543610733
2021_8_23_13_31,-0.9166221703694086,0.14591233321982697,1.7939110987856195,-2.9280137913701205,0.6844903508363629,0.0035816160967023338,0.005520303313684424, -2077.57640126643, 0.00360509224472936
2021_8_23_13_31,-0.911554939863452,0.14769977127052575,1.7954052551163242,-2.925038352001819,0.6850604212945615,0.003581045488912982,0.005483492103856749, -2079.5990274147834, 0.003570224628404776
2021_8_23_13_31,-0.9107890321865311,0.14796994104540406,1.795631095603127,-2.924588616815761,0.6851465869702312,0.003580959242020155,0.005477928120104555, -2079.791085259907, 0.0035652796725953615
2021_8_23_13_32,-0.9107890172853699,0.14796994104540406,1.795631095603127,-2.924588616815761,0.6851465869702312,0.003580959242020155,0.005477928120104555, -2079.7910844780968, 0.0035652796307581967
2021_8_23_13_32,-0.9107890321865311,0.14796995594656526,1.795631095603127,-2.924588616815761,0.6851465869702312,0.003580959242020155,0.005477928120104555, -2079.79108240426, 0.003565279530137093
2021_8_23_13_33,-0.9107890321865311,0.14796994104540406,1.7956311105042881,-2.924588616815761,0.6851465869702312,0.003580959242020155,0.005477928120104555, -2079.7910829076104, 0.0035652796614340904
2021_8_23_13_33,-0.9107890321865311,0.14796994104540406,1.795631095603127,-2.9245886019146,0.6851465869702312,0.003580959242020155,0.005477928120104555, -2079.791085206705, 0.0035652796725953615
2021_8_23_13_33,-0.9107890321865311,0.14796994104540406,1.795631095603127,-2.924588616815761,0.6851466018713924,0.003580959242020155,0.005477928120104555, -2079.791085017906, 0.0035652796725953615
2021_8_23_13_34,-0.9107890321865311,0.14796994104540406,1.795631095603127,-2.924588616815761,0.6851465869702312,0.003580974143181349,0.005477928120104555, -2079.790750491294, 0.0035652796725953615
2021_8_23_13_34,-0.9107890321865311,0.14796994104540406,1.795631095603127,-2.924588616815761,0.6851465869702312,0.003580959242020155,0.005477943021265749, -2079.791108090913, 0.0035652796725953615
2021_8_23_13_34,6.031892002920328,-2.0,9.999999999998899e-05,-4.627036169562613,9.999999999998899e-05,1.0000000000000026e-05,0.05, 15156620592.626694, 0.26551425600208084
2021_8_23_13_35,-0.21652092867584516,-0.06682705305913636,1.6160779860428143,-3.0948333720904464,0.6166419282732081,0.0032238633178181394,0.009930135308094099, -1989.5109156043454, 0.004035104690656036
2021_8_23_13_35,-0.7876247380109382,0.10986460387645043,1.7637780810483707,-2.9547903141348146,0.6729937487604764,0.0035176098425087525,0.0062677569384809026, -2074.014004092344, 0.0036179024616263965
2021_8_23_13_35,-0.8736003617817782,0.13646427835214103,1.7860132817098748,-2.9337078260377223,0.6814771152480085,0.003561831296258457,0.005716411877100696, -2078.7359775611726, 0.0035790308031561783
2021_8_23_13_36,-0.8974765349612708,0.14385123766042718,1.792188188949744,-2.9278530370314515,0.6838330193812696,0.0035741119758472568,0.0055632985923136135, -2079.605002307623, 0.003569978569292514
2021_8_23_13_36,-0.9052211528564353,0.1462473158267115,1.7941911186802062,-2.9259539427599575,0.6845971944931094,0.0035780954103027366,0.005513633854315819, -2079.771317965312, 0.0035672154162194086
2021_8_23_13_36,-0.9081367705130825,0.1471493677940122,1.794945161986953,-2.925238990406651,0.6848848836314259,0.0035795950545704992,0.005494936561695412, -2079.7367485619106, 0.0035661964504735367
2021_8_23_13_37,-0.9097582226149312,0.1476510227538187,1.7953645054155476,-2.9248413864912863,0.6850448751711049,0.003580429046415913,0.00548453850269439, -2079.8250995396406, 0.0035656348804423924
2021_8_23_13_37,-0.90975820771377,0.1476510227538187,1.7953645054155476,-2.9248413864912863,0.6850448751711049,0.003580429046415913,0.00548453850269439, -2079.825098750338, 0.0035656348385745174
2021_8_23_13_38,-0.9097582226149312,0.1476510376549799,1.7953645054155476,-2.9248413864912863,0.6850448751711049,0.003580429046415913,0.00548453850269439, -2079.82509666277, 0.003565634737825261
2021_8_23_13_38,-0.9097582226149312,0.1476510227538187,1.7953645203167088,-2.9248413864912863,0.6850448751711049,0.003580429046415913,0.00548453850269439, -2079.825097183723, 0.0035656348692696643
2021_8_23_13_38,-0.9097582226149312,0.1476510227538187,1.7953645054155476,-2.924841371590125,0.6850448751711049,0.003580429046415913,0.00548453850269439, -2079.8250994865234, 0.0035656348804423924
2021_8_23_13_39,-0.9097582226149312,0.1476510227538187,1.7953645054155476,-2.9248413864912863,0.6850448900722661,0.003580429046415913,0.00548453850269439, -2079.8250992982007, 0.0035656348804423924
2021_8_23_13_39,-0.9097582226149312,0.1476510227538187,1.7953645054155476,-2.9248413864912863,0.6850448751711049,0.003580443947577107,0.00548453850269439, -2079.824764722062, 0.0035656348804423924
2021_8_23_13_39,-0.9097582226149312,0.1476510227538187,1.7953645054155476,-2.9248413864912863,0.6850448751711049,0.003580429046415913,0.005484553403855584, -2079.825121344782, 0.0035656348804423924
2021_8_23_13_40,6.651951830828659,-2.0,9.999999999998899e-05,-7.0,9.999999999998899e-05,1.0000000000000026e-05,0.0018153245363782627, 34175883812.36637, 0.3602205447396441
2021_8_23_13_40,-0.15358721727057223,-0.06711407952156317,1.6158380548739928,-3.332357247842158,0.6165503876539944,0.003223386141774322,0.005117617106062777, -2010.1248321160062, 0.0038975653669979186
2021_8_23_13_40,-0.7722452051479166,0.10859504592877434,1.762716832131818,-2.998949935171367,0.6725888518750975,0.0035154992265267024,0.005417812235662971, -2075.8607982203084, 0.003587692345439479
2021_8_23_13_41,-0.8653176216458592,0.13502915528621362,1.784813633594857,-2.948791325929409,0.6810194151008093,0.0035594454314110116,0.005462974323084919, -2078.8888739886766, 0.0035705476267177422
2021_8_23_13_41,-0.8938847866672734,0.14314270377482272,1.7915959112834783,-2.933395902436872,0.6836070484722679,0.0035729340517158545,0.005476836140072585, -2079.5673133837986, 0.003567142807762114
2021_8_23_13_41,-0.9036914670053927,0.14592796357837604,1.7939241657394878,-2.9281108838937957,0.6844953442932611,0.0035775644932536377,0.0054815946944479195, -2079.7523682568176, 0.0035661794931374996
2021_8_23_13_42,-0.9072871140153752,0.14694918694238668,1.794777826803639,-2.9261731169362815,0.6848210404618533,0.0035792622577056417,0.00548333943183321, -2079.751825836111, 0.0035658519593034736
2021_8_23_13_42,-0.9089676130645167,0.14742647653377772,1.7951768027327588,-2.925267461981688,0.6849732612165906,0.003580055742588707,0.005484154870475781, -2079.7643724365403, 0.00356570360258004
2021_8_23_13_43,-0.9095973880374154,0.1476053430672855,1.795326320850652,-2.9249280635007566,0.6850303066649283,0.003580353104804403,0.005484460459966764, -2079.791332704225, 0.0035656488199525137
2021_8_23_13_43,-0.9097420898806438,0.14764644078981223,1.795360675260062,-2.924850080748356,0.6850434138569849,0.003580421428987753,0.005484530674510878, -2079.8259495145103, 0.003565636277617396
2021_8_23_13_43,-0.9097420749794826,0.14764644078981223,1.795360675260062,-2.924850080748356,0.6850434138569849,0.003580421428987753,0.005484530674510878, -2079.825948725177, 0.0035656362357495285
2021_8_23_13_44,-0.9097420898806438,0.14764645569097343,1.795360675260062,-2.924850080748356,0.6850434138569849,0.003580421428987753,0.005484530674510878, -2079.825946637686, 0.0035656361349995216
2021_8_23_13_44,-0.9097420898806438,0.14764644078981223,1.7953606901612231,-2.924850080748356,0.6850434138569849,0.003580421428987753,0.005484530674510878, -2079.825947158578, 0.0035656362664448333
2021_8_23_13_44,-0.9097420898806438,0.14764644078981223,1.795360675260062,-2.924850065847195,0.6850434138569849,0.003580421428987753,0.005484530674510878, -2079.825949461392, 0.003565636277617396
2021_8_23_13_45,-0.9097420898806438,0.14764644078981223,1.795360675260062,-2.924850080748356,0.6850434287581461,0.003580421428987753,0.005484530674510878, -2079.8259492730645, 0.003565636277617396
2021_8_23_13_45,-0.9097420898806438,0.14764644078981223,1.795360675260062,-2.924850080748356,0.6850434138569849,0.003580436330148947,0.005484530674510878, -2079.8256146971253, 0.003565636277617396
2021_8_23_13_45,-0.9097420898806438,0.14764644078981223,1.795360675260062,-2.924850080748356,0.6850434138569849,0.003580421428987753,0.005484545575672072, -2079.8259713216335, 0.003565636277617396
2021_8_23_13_46,0.09895500799483503,-0.0005839555797467477,9.999999999998899e-05,-7.0,9.999999999998899e-05,1.0000000000000026e-05,0.007205733424292798, 37680914843.18665, 0.00454582528748291
2021_8_23_13_46,-0.8088723800930959,0.13282340115285635,1.6158346077340557,-3.332365072673521,0.6165490724712863,0.0032233792860889778,0.00565665094948907, -2092.3072731265142, 0.003569542813974931
2021_8_23_13_46,-0.8088723651919347,0.13282340115285635,1.6158346077340557,-3.332365072673521,0.6165490724712863,0.0032233792860889778,0.00565665094948907, -2092.3072728182115, 0.003569542762725271
2021_8_23_13_47,-0.8088723800930959,0.13282341605401754,1.6158346077340557,-3.332365072673521,0.6165490724712863,0.0032233792860889778,0.00565665094948907, -2092.3072723353635, 0.0035695426396155252
2021_8_23_13_47,-0.8088723800930959,0.13282340115285635,1.615834622635217,-3.332365072673521,0.6165490724712863,0.0032233792860889778,0.00565665094948907, -2092.307271062929, 0.0035695427982415156
2021_8_23_13_48,-0.8088723800930959,0.13282340115285635,1.6158346077340557,-3.3323650577723596,0.6165490724712863,0.0032233792860889778,0.00565665094948907, -2092.3072731338066, 0.003569542813974931
2021_8_23_13_48,-0.8088723800930959,0.13282340115285635,1.6158346077340557,-3.332365072673521,0.6165490873724475,0.0032233792860889778,0.00565665094948907, -2092.3072732095106, 0.003569542813974931
2021_8_23_13_48,-0.8088723800930959,0.13282340115285635,1.6158346077340557,-3.332365072673521,0.6165490724712863,0.0032233941872501716,0.00565665094948907, -2092.3069786771016, 0.003569542813974931
2021_8_23_13_49,-0.8088723800930959,0.13282340115285635,1.6158346077340557,-3.332365072673521,0.6165490724712863,0.0032233792860889778,0.005656665850650264, -2092.3072707166016, 0.003569542813974931
2021_8_23_13_49,-0.9408472656053234,-0.10363240532430326,0.005184512273808339,10.0,1.7696209630285442,1.0000000000000026e-05,0.005821664655431156, 600834131.5330602, 0.01744453739896268
2021_8_23_13_49,-0.8220698686443186,0.10917782050514038,1.4547695981880309,-1.9991285654061686,0.7318562615270121,0.00290204135748008,0.005673152320083278, -1992.20709931538, 0.0044190797808683355
2021_8_23_13_50,-0.8104509208455304,0.12999517269692507,1.5965697543967827,-3.1728977504487994,0.6303408705294301,0.0031849443207057323,0.005658624664855663, -2089.4476148845624, 0.0036339338858446075
2021_8_23_13_50,-0.8093209331793961,0.1320197408097745,1.6103603686887675,-3.2870513489463256,0.6204681056511833,0.0032124577293804104,0.005657211794128525, -2091.6411495469124, 0.0035867126081477476
2021_8_23_13_50,-0.80901059399458,0.13257576707145577,1.6141478153359778,-3.3184024298149812,0.6177566549902402,0.0032200139966526236,0.005656823764097001, -2092.102740955351, 0.003574739765460387
2021_8_23_13_51,-0.8089150259145534,0.1327469937965136,1.6153141488896705,-3.328056907083612,0.6169216713773703,0.003222340927928802,0.005656704271339014, -2092.3176711561923, 0.0035711372062540406
2021_8_23_13_51,-0.8089150110133922,0.1327469937965136,1.6153141488896705,-3.328056907083612,0.6169216713773703,0.003222340927928802,0.005656704271339014, -2092.3176708823726, 0.0035711371547645513
2021_8_23_13_51,-0.8089150259145534,0.1327470086976748,1.6153141488896705,-3.328056907083612,0.6169216713773703,0.003222340927928802,0.005656704271339014, -2092.3176704697753, 0.0035711370311458076
2021_8_23_13_52,-0.8089150259145534,0.1327469937965136,1.6153141637908317,-3.328056907083612,0.6169216713773703,0.003222340927928802,0.005656704271339014, -2092.3176691061813, 0.00357113719041505
2021_8_23_13_52,-0.8089150259145534,0.1327469937965136,1.6153141488896705,-3.3280568921824507,0.6169216713773703,0.003222340927928802,0.005656704271339014, -2092.3176711630745, 0.0035711372062540406
2021_8_23_13_53,-0.8089150259145534,0.1327469937965136,1.6153141488896705,-3.328056907083612,0.6169216862785315,0.003222340927928802,0.005656704271339014, -2092.3176712370687, 0.0035711372062540406
2021_8_23_13_53,-0.8089150259145534,0.1327469937965136,1.6153141488896705,-3.328056907083612,0.6169216713773703,0.003222355829089996,0.005656704271339014, -2092.3173767445764, 0.0035711372062540406
2021_8_23_13_53,-0.8089150259145534,0.1327469937965136,1.6153141488896705,-3.328056907083612,0.6169216713773703,0.003222340927928802,0.005656719172500208, -2092.317669236688, 0.0035711372062540406
2021_8_23_13_54,-0.10895193431826744,0.11733052941149821,0.0007775654444237556,-6.999177545402576,2.537719819256295,1.0000000000000026e-05,0.009462319553631422, 458495440.95772, 0.004292057543011865
2021_8_23_13_54,-0.7389187167549248,0.13120534735801206,1.4538604905451458,-3.695168970915508,0.8090014861652628,0.002901106835135922,0.0060372657995682545, -2101.6037896579974, 0.003522478176330645
2021_8_23_13_54,-0.7389187018537636,0.13120534735801206,1.4538604905451458,-3.695168970915508,0.8090014861652628,0.002901106835135922,0.0060372657995682545, -2101.6037885227993, 0.003522478122946302
2021_8_23_13_55,-0.7389187167549248,0.13120536225917326,1.4538604905451458,-3.695168970915508,0.8090014861652628,0.002901106835135922,0.0060372657995682545, -2101.603786874219, 0.003522477993512443
2021_8_23_13_55,-0.7389187167549248,0.13120534735801206,1.453860505446307,-3.695168970915508,0.8090014861652628,0.002901106835135922,0.0060372657995682545, -2101.6037875040206, 0.003522478159086841
2021_8_23_13_55,-0.7389187167549248,0.13120534735801206,1.4538604905451458,-3.695168956014347,0.8090014861652628,0.002901106835135922,0.0060372657995682545, -2101.603789618739, 0.003522478176330645
2021_8_23_13_56,-0.7389187167549248,0.13120534735801206,1.4538604905451458,-3.695168970915508,0.809001501066424,0.002901106835135922,0.0060372657995682545, -2101.603789478048, 0.003522478176330645
2021_8_23_13_56,-0.7389187167549248,0.13120534735801206,1.4538604905451458,-3.695168970915508,0.8090014861652628,0.0029011217362971157,0.0060372657995682545, -2101.6036078431725, 0.003522478176330645
2021_8_23_13_56,-0.7389187167549248,0.13120534735801206,1.4538604905451458,-3.695168970915508,0.8090014861652628,0.002901106835135922,0.006037280700729448, -2101.603723933327, 0.003522478176330645
2021_8_23_13_57,-0.29512267758913147,0.1923845941679748,9.999999999998899e-05,-0.5102462583351,0.047175394483193744,0.0026542608182270806,0.0031369980421465083, 9013843105.989594, 0.004440939469280415
2021_8_23_13_57,-0.6945391128383455,0.13732327203900835,1.3084844414906311,-3.3766766996574673,0.7328188769970558,0.0028764222334450376,0.0057472390238260795, -2107.908259467851, 0.0034589607336914328
2021_8_23_13_57,-0.6945390979371843,0.13732327203900835,1.3084844414906311,-3.3766766996574673,0.7328188769970558,0.0028764222334450376,0.0057472390238260795, -2107.908258046844, 0.00345896068105052
2021_8_23_13_58,-0.6945391128383455,0.13732328694016954,1.3084844414906311,-3.3766766996574673,0.7328188769970558,0.0028764222334450376,0.0057472390238260795, -2107.9082563297907, 0.003458960551468056
2021_8_23_13_58,-0.6945391128383455,0.13732327203900835,1.3084844563917923,-3.3766766996574673,0.7328188769970558,0.0028764222334450376,0.0057472390238260795, -2107.908257457936, 0.0034589607162208956
2021_8_23_13_59,-0.6945391128383455,0.13732327203900835,1.3084844414906311,-3.376676684756306,0.7328188769970558,0.0028764222334450376,0.0057472390238260795, -2107.908259435694, 0.0034589607336914328
2021_8_23_13_59,-0.6945391128383455,0.13732327203900835,1.3084844414906311,-3.3766766996574673,0.732818891898217,0.0028764222334450376,0.0057472390238260795, -2107.9082593238268, 0.0034589607336914328
2021_8_23_13_59,-0.6945391128383455,0.13732327203900835,1.3084844414906311,-3.3766766996574673,0.7328188769970558,0.0028764371346062315,0.0057472390238260795, -2107.908126209016, 0.0034589607336914328
2021_8_23_14_0,-0.6945391128383455,0.13732327203900835,1.3084844414906311,-3.3766766996574673,0.7328188769970558,0.0028764222334450376,0.005747253924987273, -2107.908205662007, 0.0034589607336914328
2021_8_23_14_0,-0.42773500294943995,0.20940198240453683,9.999999999998899e-05,-7.0,1.4862961921677775,0.005515565936644613,0.0064440130072572184, 10862216119.731607, 0.003512520993806164
2021_8_23_14_0,-0.667858701849455,0.1445311430755612,1.177645997341568,-3.7390090296917204,0.808166608514128,0.003140336603764995,0.005816916422169194, -2106.5668082437674, 0.0034325814766594273
2021_8_23_14_1,-0.6826456827200417,0.14053635262126335,1.2501600816101772,-3.5381949854387074,0.7664069270366206,0.0029940683642307865,0.005778299387490047, -2107.753937106073, 0.0034465541969977364
2021_8_23_14_1,-0.6887734009914827,0.13888091324039076,1.2802098857587325,-3.4549777351493782,0.749101733675055,0.002933454871066126,0.005762296505558754, -2107.972453490831, 0.0034528232236359733
2021_8_23_14_1,-0.6915764509481327,0.13812365269425597,1.2939558020174022,-3.416911019369839,0.7411856841190513,0.002905727968186231,0.0057549761824765315, -2107.8568653411585, 0.0034557762195133426
2021_8_23_14_2,-0.6931174496526148,0.13770734276806976,1.3015127273216685,-3.3959835437246064,0.7368337737717247,0.002890484885801682,0.00575095177743183, -2107.902979723966, 0.00345742324270668
2021_8_23_14_2,-0.693834611332448,0.13751359729305637,1.3050296266090058,-3.386244156180186,0.7348084486847574,0.0028833909443616653,0.005749078869249757, -2107.943252700922, 0.003458197135094449
2021_8_23_14_2,-0.6938345964312868,0.13751359729305637,1.3050296266090058,-3.386244156180186,0.7348084486847574,0.0028833909443616653,0.005749078869249757, -2107.9432512922976, 0.003458197082345673
2021_8_23_14_3,-0.693834611332448,0.13751361219421757,1.3050296266090058,-3.386244156180186,0.7348084486847574,0.0028833909443616653,0.005749078869249757, -2107.9432495928786, 0.0034581969525001107
2021_8_23_14_3,-0.693834611332448,0.13751359729305637,1.305029641510167,-3.386244156180186,0.7348084486847574,0.0028833909443616653,0.005749078869249757, -2107.943250701323, 0.00345819711756439
2021_8_23_14_4,-0.693834611332448,0.13751359729305637,1.3050296266090058,-3.386244141279025,0.7348084486847574,0.0028833909443616653,0.005749078869249757, -2107.9432526688206, 0.003458197135094449
2021_8_23_14_4,-0.693834611332448,0.13751359729305637,1.3050296266090058,-3.386244156180186,0.7348084635859186,0.0028833909443616653,0.005749078869249757, -2107.9432525566235, 0.003458197135094449
2021_8_23_14_4,-0.693834611332448,0.13751359729305637,1.3050296266090058,-3.386244156180186,0.7348084486847574,0.002883405845522859,0.005749078869249757, -2107.943117144391, 0.003458197135094449
2021_8_23_14_5,-0.693834611332448,0.13751359729305637,1.3050296266090058,-3.386244156180186,0.7348084486847574,0.0028833909443616653,0.005749093770410951, -2107.943198354079, 0.003458197135094449
2021_8_23_14_5,-1.2341247444933057,0.4860073558579463,0.008793819362586275,-1.5364935651532068,0.0016644880801602868,3.156151922933991e-05,0.0014395669230938902, 176723591.33702272, 0.03551640514042359
2021_8_23_14_5,-0.7478636246485337,0.17236297314954535,1.1754060458843638,-3.201269097077488,0.6614940526242976,0.0025982080018484327,0.00531812767463417, -2120.526999458393, 0.0033793865898226272
2021_8_23_14_6,-0.7478636097473725,0.17236297314954535,1.1754060458843638,-3.201269097077488,0.6614940526242976,0.0025982080018484327,0.00531812767463417, -2120.5269987288716, 0.003379386535160806
2021_8_23_14_6,-0.7478636246485337,0.17236298805070654,1.1754060458843638,-3.201269097077488,0.6614940526242976,0.0025982080018484327,0.00531812767463417, -2120.5269978555298, 0.0033793864062446814
2021_8_23_14_6,-0.7478636246485337,0.17236297314954535,1.175406060785525,-3.201269097077488,0.6614940526242976,0.0025982080018484327,0.00531812767463417, -2120.526998100591, 0.003379386571777293
2021_8_23_14_7,-0.7478636246485337,0.17236297314954535,1.1754060458843638,-3.201269082176327,0.6614940526242976,0.0025982080018484327,0.00531812767463417, -2120.5269994473083, 0.0033793865898226272
2021_8_23_14_7,-0.7478636246485337,0.17236297314954535,1.1754060458843638,-3.201269097077488,0.6614940675254588,0.0025982080018484327,0.00531812767463417, -2120.52699940466, 0.0033793865898226272
2021_8_23_14_7,-0.7478636246485337,0.17236297314954535,1.1754060458843638,-3.201269097077488,0.6614940526242976,0.0025982229030096266,0.00531812767463417, -2120.5270166550927, 0.0033793865898226272
2021_8_23_14_8,-0.7478636246485337,0.17236297314954535,1.1754060458843638,-3.201269097077488,0.6614940526242976,0.0025982080018484327,0.005318142575795364, -2120.526984748408, 0.0033793865898226272
2021_8_23_14_8,-1.4068277602275452,0.4049874757347318,0.8417077185363715,-4.584926688406556,0.00010007944179113437,0.00559820305616203,1.0000110334184957e-05, 26410527.81051958, 0.003892633378460233
2021_8_23_14_9,-0.8137600382064348,0.195625423408064,1.1420362131495645,-3.339634856210395,0.5953546553060469,0.0028982075072797927,0.0047873149182041715, -2119.339414920497, 0.003380459925687833
2021_8_23_14_9,-0.774463637694883,0.18175318798760998,1.1619358441211038,-3.257122379515528,0.6347959557696441,0.0027193070166128814,0.005103857648636472, -2121.806377109213, 0.0033784669579658565
2021_8_23_14_9,-0.7744636227937218,0.18175318798760998,1.1619358441211038,-3.257122379515528,0.6347959557696441,0.0027193070166128814,0.005103857648636472, -2121.8063774023262, 0.0033784669006178725
2021_8_23_14_10,-0.774463637694883,0.18175320288877117,1.1619358441211038,-3.257122379515528,0.6347959557696441,0.0027193070166128814,0.005103857648636472, -2121.8063778740875, 0.003378466768282334
2021_8_23_14_10,-0.774463637694883,0.18175318798760998,1.161935859022265,-3.257122379515528,0.6347959557696441,0.0027193070166128814,0.005103857648636472, -2121.8063761055027, 0.003378466939006751
2021_8_23_14_10,-0.774463637694883,0.18175318798760998,1.1619358441211038,-3.257122364614367,0.6347959557696441,0.0027193070166128814,0.005103857648636472, -2121.8063771257493, 0.0033784669579658565
2021_8_23_14_11,-0.774463637694883,0.18175318798760998,1.1619358441211038,-3.257122379515528,0.6347959706708053,0.0027193070166128814,0.005103857648636472, -2121.8063771892275, 0.0033784669579658565
2021_8_23_14_11,-0.774463637694883,0.18175318798760998,1.1619358441211038,-3.257122379515528,0.6347959557696441,0.0027193219177740753,0.005103857648636472, -2121.80629893976, 0.0033784669579658565
2021_8_23_14_11,-0.774463637694883,0.18175318798760998,1.1619358441211038,-3.257122379515528,0.6347959557696441,0.0027193070166128814,0.0051038725497976655, -2121.8064037788877, 0.0033784669579658565
2021_8_23_14_12,-0.5057683917953562,0.25816877242636355,9.999999999998899e-05,-7.0,1.5979354431769028,0.003221986902416455,0.004990018166494626, 14876482287.949726, 0.0041204125374462225
2021_8_23_14_12,-0.7475941131049303,0.18939474643148532,1.0457522597089934,-3.6314101415639755,0.73110990451037,0.002769575005193239,0.005092473700422287, -2121.985664059255, 0.0033263830390959015
2021_8_23_14_12,-0.7607416187526513,0.1856556615637237,1.1026019567371976,-3.448267695223674,0.6839826030657993,0.002744978415791469,0.005098043971043871, -2122.399816466197, 0.0033516524077235664
2021_8_23_14_13,-0.7607416038514901,0.1856556615637237,1.1026019567371976,-3.448267695223674,0.6839826030657993,0.002744978415791469,0.005098043971043871, -2122.399816457477, 0.003351652351262457
2021_8_23_14_13,-0.7607416187526513,0.1856556764648849,1.1026019567371976,-3.448267695223674,0.6839826030657993,0.002744978415791469,0.005098043971043871, -2122.399816203412, 0.0033516522201182354
2021_8_23_14_14,-0.7607416187526513,0.1856556615637237,1.1026019716383588,-3.448267695223674,0.6839826030657993,0.002744978415791469,0.005098043971043871, -2122.39981560272, 0.003351652389011524
2021_8_23_14_14,-0.7607416187526513,0.1856556615637237,1.1026019567371976,-3.448267680322513,0.6839826030657993,0.002744978415791469,0.005098043971043871, -2122.3998164803065, 0.0033516524077235664
2021_8_23_14_14,-0.7607416187526513,0.1856556615637237,1.1026019567371976,-3.448267695223674,0.6839826179669605,0.002744978415791469,0.005098043971043871, -2122.3998165138414, 0.0033516524077235664
2021_8_23_14_15,-0.7607416187526513,0.1856556615637237,1.1026019567371976,-3.448267695223674,0.6839826030657993,0.0027449933169526627,0.005098043971043871, -2122.399742080062, 0.0033516524077235664
2021_8_23_14_15,-0.7607416187526513,0.1856556615637237,1.1026019567371976,-3.448267695223674,0.6839826030657993,0.002744978415791469,0.005098058872205065, -2122.3998313570874, 0.0033516524077235664
2021_8_23_14_15,-0.6368599602362185,0.17926321343280976,0.8223829551821251,0.792946859842321,0.00010000703122148291,0.002828503390843535,0.004637626055466567, -2089.9749704030432, 0.0033304826412047716
2021_8_23_14_16,-0.7392482133990043,0.18454657503287403,1.0539841011131668,-2.7124191062113696,0.5653293171241534,0.0027594699568916324,0.005018161694602831, -2120.778600106916, 0.003345765839672603
2021_8_23_14_16,-0.7537737084198123,0.1852961086975694,1.0868406172477492,-3.209714199282937,0.6455165971660961,0.002749676403723542,0.005072147072424696, -2121.8770525170876, 0.0033496347758039295
2021_8_23_14_16,-0.7584784409669533,0.18553887876650121,1.0974826725183333,-3.3707855022957256,0.6714888415363987,0.0027465043226153896,0.005089632656478417, -2122.1493628951034, 0.003350983967404223
2021_8_23_14_17,-0.7601114360945616,0.18562314335236713,1.1011764902285797,-3.4266927510886966,0.6805037107313604,0.002745403305088444,0.005095701837516234, -2122.3590751533793, 0.0033514646297638016
2021_8_23_14_17,-0.7605265126805403,0.18564456182204214,1.1021153890767605,-3.4409033201027217,0.6827951205863115,0.0027451234471828935,0.0050972445089561376, -2122.3784201688004, 0.0033515882322478025
2021_8_23_14_17,-0.7606789113097394,0.1856524257814373,1.102460113164442,-3.446120842148134,0.6836364297148539,0.0027450206951544313,0.00509781091289384, -2122.383274888035, 0.0033516336840714884
2021_8_23_14_18,-0.7607307943822353,0.18565510301270605,1.102577472125781,-3.4478971118951387,0.6839228476618989,0.002744985713928092,0.005098003741246143, -2122.401321894408, 0.0033516491723855134
2021_8_23_14_18,-0.7607307794810741,0.18565510301270605,1.102577472125781,-3.4478971118951387,0.6839228476618989,0.002744985713928092,0.005098003741246143, -2122.4013218857654, 0.0033516491159238915
2021_8_23_14_19,-0.7607307943822353,0.18565511791386724,1.102577472125781,-3.4478971118951387,0.6839228476618989,0.002744985713928092,0.005098003741246143, -2122.401321631932, 0.0033516489847777256
2021_8_23_14_19,-0.7607307943822353,0.18565510301270605,1.1025774870269422,-3.4478971118951387,0.6839228476618989,0.002744985713928092,0.005098003741246143, -2122.401321031042, 0.003351649153673184
2021_8_23_14_19,-0.7607307943822353,0.18565510301270605,1.102577472125781,-3.4478970969939775,0.6839228476618989,0.002744985713928092,0.005098003741246143, -2122.401321908505, 0.0033516491723855134
2021_8_23_14_20,-0.7607307943822353,0.18565510301270605,1.102577472125781,-3.4478971118951387,0.6839228625630601,0.002744985713928092,0.005098003741246143, -2122.401321942003, 0.0033516491723855134
2021_8_23_14_20,-0.7607307943822353,0.18565510301270605,1.102577472125781,-3.4478971118951387,0.6839228476618989,0.002745000615089286,0.005098003741246143, -2122.401247516468, 0.0033516491723855134
2021_8_23_14_20,-0.7607307943822353,0.18565510301270605,1.102577472125781,-3.4478971118951387,0.6839228476618989,0.002744985713928092,0.005098018642407337, -2122.4013367901684, 0.0033516491723855134
2021_8_23_14_21,-0.5865413344725019,0.19164130584867095,0.5582539931709988,-6.999999993196905,1.3310657113912248,0.0025927333948949434,0.005547767009032287, -1953.7579708988387, 0.0033120062868534496
2021_8_23_14_21,-0.743311848391262,0.18625372329630255,1.0481451242303028,-3.8031074000253153,0.7486371340348315,0.002729760482024777,0.005142980068024757, -2120.327164931734, 0.0033470512132305007
2021_8_23_14_21,-0.7554960553316561,0.1858350002910279,1.0862194710566675,-3.554644854692327,0.7033707753483563,0.002740410229507869,0.005111520020259904, -2121.8723955962455, 0.0033501565656318772
2021_8_23_14_22,-0.759056489469378,0.1857126422508598,1.0973454478949816,-3.4820398396366468,0.6901431693542911,0.002743522268287448,0.005102326854994055, -2122.16149395881, 0.003351159228542294
2021_8_23_14_22,-0.7602653203964849,0.18567109951269525,1.1011229155790307,-3.4573891413601356,0.685652161067464,0.002744578860988673,0.005099205611330642, -2122.3563731214945, 0.0033515111946130047
2021_8_23_14_22,-0.7605795000384442,0.1856603024009488,1.10210469344215,-3.4509823334394474,0.6844849313548947,0.0027448534733510175,0.005098394388524666, -2122.377143015203, 0.0033516042599232
2021_8_23_14_23,-0.7606907880958945,0.1856564778705469,1.1024524567490046,-3.448712927301278,0.6840714776807485,0.002744950745969213,0.005098107038874403, -2122.383235241648, 0.003351637285950036
2021_8_23_14_23,-0.7607251120101585,0.18565529829336114,1.1025597153192601,-3.4480129878513384,0.6839439586208543,0.0027449807471848302,0.005098018413329261, -2122.4023411564176, 0.003351647481235274
2021_8_23_14_24,-0.7607250971089973,0.18565529829336114,1.1025597153192601,-3.4480129878513384,0.6839439586208543,0.0027449807471848302,0.005098018413329261, -2122.402341147836, 0.003351647424772996
2021_8_23_14_24,-0.7607251120101585,0.18565531319452233,1.1025597153192601,-3.4480129878513384,0.6839439586208543,0.0027449807471848302,0.005098018413329261, -2122.402340894157, 0.003351647293625085
2021_8_23_14_24,-0.7607251120101585,0.18565529829336114,1.1025597302204213,-3.4480129878513384,0.6839439586208543,0.0027449807471848302,0.005098018413329261, -2122.4023402931793, 0.0033516474625226323
2021_8_23_14_25,-0.7607251120101585,0.18565529829336114,1.1025597153192601,-3.448012972950177,0.6839439586208543,0.0027449807471848302,0.005098018413329261, -2122.4023411705202, 0.003351647481235274
2021_8_23_14_25,-0.7607251120101585,0.18565529829336114,1.1025597153192601,-3.4480129878513384,0.6839439735220155,0.0027449807471848302,0.005098018413329261, -2122.402341204031, 0.003351647481235274
2021_8_23_14_25,-0.7607251120101585,0.18565529829336114,1.1025597153192601,-3.4480129878513384,0.6839439586208543,0.002744995648346024,0.005098018413329261, -2122.402266788978, 0.003351647481235274
2021_8_23_14_26,-0.7607251120101585,0.18565529829336114,1.1025597153192601,-3.4480129878513384,0.6839439586208543,0.0027449807471848302,0.005098033314490455, -2122.4023560474293, 0.003351647481235274
2021_8_23_14_26,-0.6644081228139412,0.19405170776186803,0.8190188236437509,0.40648781727643213,9.999999999998899e-05,0.0028367510911187785,0.0047714309410329565, -2101.595010378569, 0.003247455247022247
2021_8_23_14_26,-0.7391402797527243,0.18753695065246095,1.0390176275109388,-2.5842115545929243,0.5306931431596235,0.0027655466670350234,0.005024829499662802, -2121.804538007464, 0.0033264140052502505
2021_8_23_14_27,-0.7514038948386859,0.18646787307139037,1.0751196317955094,-3.0749880480972736,0.6177639616867845,0.0027538619561267587,0.005066412434154034, -2122.253183860338, 0.0033406481521217903
2021_8_23_14_27,-0.7564539987293523,0.18602763152648336,1.0899862817205441,-3.277087695054646,0.653619349867622,0.002749050242483961,0.005083536107539697, -2122.3580448905564, 0.00334658716306326
2021_8_23_14_27,-0.758708731111348,0.18583107579442482,1.0966238317043615,-3.367319624585218,0.6696277937631574,0.002746901944785896,0.005091181356373633, -2122.2669259429003, 0.0033492535417181625
2021_8_23_14_28,-0.7599959777460142,0.18571886039066465,1.100413267624706,-3.418833830242243,0.678767155798014,0.0027456754626525057,0.005095546096469289, -2122.376473774906, 0.003350780547048705
2021_8_23_14_28,-0.760421856513882,0.18568173451548103,1.1016669825362146,-3.4358770338071825,0.6817908655811135,0.002745269687499778,0.005096990147736499, -2122.37815297524, 0.003351286822824666
2021_8_23_14_28,-0.7606208684189543,0.18566438570237925,1.1022528398547324,-3.4438412730834735,0.6832038363364593,0.0027450800699553774,0.005097664948678439, -2122.39534742053, 0.0033515234940128865
2021_8_23_14_29,-0.7606874065137581,0.18565858526058918,1.1024487167284647,-3.4465040550301818,0.6836762522054504,0.0027450166727925733,0.005097890563166336, -2122.383697537615, 0.0033516026309492156
2021_8_23_14_29,-0.7607201739308286,0.18565572876919295,1.1025451784506552,-3.44781537130506,0.6839088985993034,0.0027449854521620336,0.0050980016695039, -2122.4032076357394, 0.0033516416056314753
2021_8_23_14_30,-0.7607201590296674,0.18565572876919295,1.1025451784506552,-3.44781537130506,0.6839088985993034,0.0027449854521620336,0.0050980016695039, -2122.403207627095, 0.003351641549169495
2021_8_23_14_30,-0.7607201739308286,0.18565574367035415,1.1025451784506552,-3.44781537130506,0.6839088985993034,0.0027449854521620336,0.0050980016695039, -2122.4032073732847, 0.0033516414180218895
2021_8_23_14_30,-0.7607201739308286,0.18565572876919295,1.1025451933518164,-3.44781537130506,0.6839088985993034,0.0027449854521620336,0.0050980016695039, -2122.403206772528, 0.0033516415869189057
2021_8_23_14_31,-0.7607201739308286,0.18565572876919295,1.1025451784506552,-3.4478153564038987,0.6839088985993034,0.0027449854521620336,0.0050980016695039, -2122.4032076498393, 0.0033516416056314753
2021_8_23_14_31,-0.7607201739308286,0.18565572876919295,1.1025451784506552,-3.44781537130506,0.6839089135004646,0.0027449854521620336,0.0050980016695039, -2122.4032076833387, 0.0033516416056314753
2021_8_23_14_31,-0.7607201739308286,0.18565572876919295,1.1025451784506552,-3.44781537130506,0.6839088985993034,0.0027450003533232275,0.0050980016695039, -2122.4031332715913, 0.0033516416056314753
2021_8_23_14_32,-0.7607201739308286,0.18565572876919295,1.1025451784506552,-3.44781537130506,0.6839088985993034,0.0027449854521620336,0.005098016570665094, -2122.4032225269443, 0.0033516416056314753
2021_8_23_14_32,-0.6603151069354778,0.18126495205337073,0.8632077250735334,0.13848411252506088,9.999999999998899e-05,0.0027881487770031787,0.005062573924184071, -2103.0452910576887, 0.0033388631269887807
2021_8_23_14_32,-0.7389333682789215,0.18470297805818583,1.0506115585847258,-2.6696274550780874,0.5355298175164979,0.002754351423399797,0.005090314234745212, -2120.5835121772157, 0.0033469310743558726
2021_8_23_14_33,-0.7537596427729714,0.18535134036478015,1.0859532289472422,-3.1991969494901267,0.6365041879890225,0.0027479777281140772,0.005095545658741388, -2121.8920991265295, 0.0033500102669007407
2021_8_23_14_33,-0.7583949501971777,0.18555404527318708,1.0970024987473508,-3.364762305107037,0.6680729579651677,0.00274598504700667,0.005097181218537503, -2122.103890314595, 0.0033510816483965783
2021_8_23_14_33,-0.7600987294925782,0.18562855261313527,1.1010638296132196,-3.4256184251267405,0.6796765500776862,0.002745252606091229,0.005097782393963854, -2122.3417119932874, 0.00335148993990575
2021_8_23_14_34,-0.7605340490408752,0.18564758941071735,1.1021015090373016,-3.4411673044619913,0.6826412946843848,0.002745065465744281,0.005097935995674916, -2122.379419634173, 0.003351596105446094
2021_8_23_14_34,-0.7606702638193733,0.18565354616863483,1.1024262067759087,-3.4460326663848164,0.6835689856908762,0.0027450069081145874,0.005097984058811826, -2122.385321133623, 0.003351629398066832
2021_8_23_14_35,-0.7607128864452992,0.1856554100828683,1.1025278071338451,-3.447555074625076,0.6838592671653276,0.002744988584993021,0.0050979990981278814, -2122.3790311495236, 0.003351639822266655
2021_8_23_14_35,-0.7607194451822756,0.1856556969005605,1.1025434413189743,-3.4477893416370615,0.6839039354559058,0.0027449857654451323,0.005098001412366298, -2122.4033153594355, 0.0033516414270191876
2021_8_23_14_35,-0.7607194302811144,0.1856556969005605,1.1025434413189743,-3.4477893416370615,0.6839039354559058,0.0027449857654451323,0.005098001412366298, -2122.4033153507908, 0.0033516413705571443
2021_8_23_14_36,-0.7607194451822756,0.1856557118017217,1.1025434413189743,-3.4477893416370615,0.6839039354559058,0.0027449857654451323,0.005098001412366298, -2122.4033150970004, 0.0033516412394093953
2021_8_23_14_36,-0.7607194451822756,0.1856556969005605,1.1025434562201355,-3.4477893416370615,0.6839039354559058,0.0027449857654451323,0.005098001412366298, -2122.4033144962314, 0.003351641408306617
2021_8_23_14_36,-0.7607194451822756,0.1856556969005605,1.1025434413189743,-3.4477893267359003,0.6839039354559058,0.0027449857654451323,0.005098001412366298, -2122.403315373535, 0.0033516414270191876
2021_8_23_14_37,-0.7607194451822756,0.1856556969005605,1.1025434413189743,-3.4477893416370615,0.683903950357067,0.0027449857654451323,0.005098001412366298, -2122.403315407036, 0.0033516414270191876
2021_8_23_14_37,-0.7607194451822756,0.1856556969005605,1.1025434413189743,-3.4477893416370615,0.6839039354559058,0.002745000666606326,0.005098001412366298, -2122.403240995968, 0.0033516414270191876
2021_8_23_14_37,-0.7607194451822756,0.1856556969005605,1.1025434413189743,-3.4477893416370615,0.6839039354559058,0.0027449857654451323,0.005098016313527492, -2122.4033302504845, 0.0033516414270191876
2021_8_23_14_38,-0.5545289699485383,0.23929449968642905,0.041627149668588936,-6.9999999982854035,1.8172075522089441,0.0024841721831040204,0.005460364315251945, 84196.65420564027, 0.003227217606576102
2021_8_23_14_38,-0.7401003976589019,0.19101957717914736,0.9964518121539357,-3.8030104073018958,0.7972342971312096,0.0027189044072110213,0.005134237702654862, -2118.434659567942, 0.0033408091220904455
2021_8_23_14_38,-0.754421089989814,0.18729416362246326,1.0701363787390537,-3.556296218148483,0.7185221626612139,0.0027370188766800696,0.005109070256687831, -2121.5798013692, 0.0033480299705833396
2021_8_23_14_39,-0.7585212599803431,0.18622753719725516,1.0912330716709517,-3.48565926211103,0.6959860223555024,0.002742205246332815,0.005101864543143554, -2122.1478009058255, 0.0033503456007576574
2021_8_23_14_39,-0.7599256527666354,0.18586219564783377,1.0984591241118549,-3.461464647806309,0.688266929500982,0.002743981684905895,0.00509939643763938, -2122.2600812288542, 0.003351167618547064
2021_8_23_14_40,-0.7604709263759543,0.18572034708008864,1.1012647321540192,-3.4520707768061283,0.6852698921603358,0.0027446714100895693,0.005098438163850469, -2122.3754601548976, 0.0033514919801505665
2021_8_23_14_40,-0.7606288021286971,0.18567927696588263,1.1020770536637858,-3.4493509230850306,0.6844021451832838,0.0027448711096178377,0.005098160710122336, -2122.4053776290184, 0.003351586881719051
2021_8_23_14_40,-0.7606704340992055,0.18566844674177474,1.1022912635380093,-3.448633695341462,0.6841733195661146,0.0027449237705535865,0.005098087545337837, -2122.3928434905606, 0.0033516119281877164
2021_8_23_14_41,-0.760705088988565,0.18565943154951714,1.1024695740863757,-3.4480366674372958,0.6839828427198646,0.0027449676060694083,0.005098026642203038, -2122.3823951684585, 0.0033516327846366155
2021_8_23_14_41,-0.7607180095629046,0.18565607036545617,1.1025360545957144,-3.447814074217085,0.6839118261823016,0.00274498394950756,0.005098003935349971, -2122.3784962293926, 0.003351640562408446
2021_8_23_14_41,-0.7607193016203385,0.18565573424705006,1.1025427026466483,-3.447791814895064,0.6839047245285453,0.002744985583851375,0.005098001664664665, -2122.403358746946, 0.0033516413404559115
2021_8_23_14_42,-0.7607192867191773,0.18565573424705006,1.1025427026466483,-3.447791814895064,0.6839047245285453,0.002744985583851375,0.005098001664664665, -2122.4033587383087, 0.003351641283993829
2021_8_23_14_42,-0.7607193016203385,0.18565574914821126,1.1025427026466483,-3.447791814895064,0.6839047245285453,0.002744985583851375,0.005098001664664665, -2122.403358484522, 0.003351641152846018
2021_8_23_14_42,-0.7607193016203385,0.18565573424705006,1.1025427175478095,-3.447791814895064,0.6839047245285453,0.002744985583851375,0.005098001664664665, -2122.4033578837557, 0.003351641321743284
2021_8_23_14_43,-0.7607193016203385,0.18565573424705006,1.1025427026466483,-3.4477917999939027,0.6839047245285453,0.002744985583851375,0.005098001664664665, -2122.4033587610456, 0.0033516413404559115
2021_8_23_14_43,-0.7607193016203385,0.18565573424705006,1.1025427026466483,-3.447791814895064,0.6839047394297065,0.002744985583851375,0.005098001664664665, -2122.403358794546, 0.0033516413404559115
2021_8_23_14_43,-0.7607193016203385,0.18565573424705006,1.1025427026466483,-3.447791814895064,0.6839047245285453,0.0027450004850125688,0.005098001664664665, -2122.40328438383, 0.0033516413404559115
2021_8_23_14_44,-0.7607193016203385,0.18565573424705006,1.1025427026466483,-3.447791814895064,0.6839047245285453,0.002744985583851375,0.005098016565825859, -2122.4033736378797, 0.0033516413404559115
2021_8_23_14_44,-0.7847687712500276,0.20791192299427963,1.0034285695980625,0.2598053434269363,9.999999999998899e-05,0.002644571193086512,0.004986759885931187, -2121.9230007970987, 0.0032889781387977243
2021_8_23_14_44,-0.7719797434839768,0.1960765261960315,1.05613548659392,-1.7118207977406668,0.36373369933765104,0.002697969561174329,0.005045916042755995, -2123.8539042092398, 0.0033218223888535525
2021_8_23_14_45,-0.7719797285828156,0.1960765261960315,1.05613548659392,-1.7118207977406668,0.36373369933765104,0.002697969561174329,0.005045916042755995, -2123.8539040404794, 0.0033218223335405544
2021_8_23_14_45,-0.7719797434839768,0.1960765410971927,1.05613548659392,-1.7118207977406668,0.36373369933765104,0.002697969561174329,0.005045916042755995, -2123.8539030618413, 0.003321822206275584
2021_8_23_14_46,-0.7719797434839768,0.1960765261960315,1.0561355014950813,-1.7118207977406668,0.36373369933765104,0.002697969561174329,0.005045916042755995, -2123.8539034921273, 0.0033218223707221595
2021_8_23_14_46,-0.7719797434839768,0.1960765261960315,1.05613548659392,-1.7118207828395056,0.36373369933765104,0.002697969561174329,0.005045916042755995, -2123.8539041878894, 0.0033218223888535525
2021_8_23_14_46,-0.7719797434839768,0.1960765261960315,1.05613548659392,-1.7118207977406668,0.36373371423881223,0.002697969561174329,0.005045916042755995, -2123.8539041499857, 0.0033218223888535525
2021_8_23_14_47,-0.7719797434839768,0.1960765261960315,1.05613548659392,-1.7118207977406668,0.36373369933765104,0.002697984462335523,0.005045916042755995, -2123.853858343625, 0.0033218223888535525
2021_8_23_14_47,-0.7719797434839768,0.1960765261960315,1.05613548659392,-1.7118207977406668,0.36373369933765104,0.002697969561174329,0.005045930943917189, -2123.853918210899, 0.0033218223888535525
2021_8_23_14_47,0.13179060296059286,-0.0035970638909201824,0.2492659272186314,-7.0,1.7459126810967602,0.0024782877068542618,0.0057710298192647485, -1149.2469152787487, 0.004494809469340268
2021_8_23_14_48,-0.6816027088395198,0.17610916718733632,0.9754485306563913,-2.2406387179666,0.501951597513562,0.002676001375742322,0.005118427420406871, -2114.9277674391888, 0.0033375010810080758
2021_8_23_14_48,-0.756304705351688,0.1926133774537244,1.0421411005635013,-1.8035392425556465,0.38770628079040054,0.002694159388095531,0.005058492452395609, -2122.6107433880584, 0.0033233362089089935
2021_8_23_14_48,-0.7688595964275551,0.19538717965262486,1.0533498766317155,-1.7300775339089542,0.36850548865155086,0.0026972111387567285,0.005048419401738999, -2123.7063166816106, 0.003322085365131205
2021_8_23_14_49,-0.7711594030657196,0.19589528511299395,1.055403101741484,-1.7166208082252623,0.364988284961602,0.0026977701588538554,0.005046574218963087, -2123.8454119623443, 0.0033218897504883734
2021_8_23_14_49,-0.7716371781829098,0.19600084187669933,1.055829650587443,-1.713825230291087,0.3642576007478682,0.002697886292918339,0.005046190890033442, -2123.871832458343, 0.0033218503665047167
2021_8_23_14_49,-0.7716371632817486,0.19600084187669933,1.055829650587443,-1.713825230291087,0.3642576007478682,0.002697886292918339,0.005046190890033442, -2123.871832288584, 0.0033218503111856726
2021_8_23_14_50,-0.7716371781829098,0.19600085677786053,1.055829650587443,-1.713825230291087,0.3642576007478682,0.002697886292918339,0.005046190890033442, -2123.871831313671, 0.0033218501838774275
2021_8_23_14_50,-0.7716371781829098,0.19600084187669933,1.0558296654886041,-1.713825230291087,0.3642576007478682,0.002697886292918339,0.005046190890033442, -2123.8718317429184, 0.0033218503483677495
2021_8_23_14_51,-0.7716371781829098,0.19600084187669933,1.055829650587443,-1.7138252153899258,0.3642576007478682,0.002697886292918339,0.005046190890033442, -2123.8718324369142, 0.0033218503665047167
2021_8_23_14_51,-0.7716371781829098,0.19600084187669933,1.055829650587443,-1.713825230291087,0.3642576156490294,0.002697886292918339,0.005046190890033442, -2123.871832398585, 0.0033218503665047167
2021_8_23_14_51,-0.7716371781829098,0.19600084187669933,1.055829650587443,-1.713825230291087,0.3642576007478682,0.0026979011940795328,0.005046190890033442, -2123.8717869638735, 0.0033218503665047167
2021_8_23_14_52,-0.7716371781829098,0.19600084187669933,1.055829650587443,-1.713825230291087,0.3642576007478682,0.002697886292918339,0.005046205791194636, -2123.8718463663477, 0.0033218503665047167
2021_8_23_14_52,-0.6935414692653327,0.18319714572460116,0.955235770421271,-2.0861137762331756,0.41441670807259173,0.0027245498258083277,0.0050203091720230466, -2116.1683482951025, 0.0033170358466208722
2021_8_23_14_52,-0.7559879650271235,0.19343517248150152,1.035672140082615,-1.7884262921375749,0.37430873637501266,0.002703229266501204,0.005041004580470517, -2122.7421556227405, 0.003319950440922247
2021_8_23_14_53,-0.7679008697005464,0.19538827866161695,1.0510169691616889,-1.7316365143087304,0.3666573471713617,0.0026991619479509576,0.005044952639124644, -2123.650925967288, 0.003321356635243134
2021_8_23_14_53,-0.7706519675349534,0.19583931779353161,1.054560615921741,-1.7185218089464067,0.3648903792617359,0.0026982226647482314,0.00504586438113142, -2123.8852956663245, 0.00332171791749255
2021_8_23_14_53,-0.7706519526337922,0.19583931779353161,1.054560615921741,-1.7185218089464067,0.3648903792617359,0.0026982226647482314,0.00504586438113142, -2123.8852954870335, 0.0033217178621684457
2021_8_23_14_54,-0.7706519675349534,0.1958393326946928,1.054560615921741,-1.7185218089464067,0.3648903792617359,0.0026982226647482314,0.00504586438113142, -2123.8852944952537, 0.0033217177347660783
2021_8_23_14_54,-0.7706519675349534,0.19583931779353161,1.0545606308229023,-1.7185218089464067,0.3648903792617359,0.0026982226647482314,0.00504586438113142, -2123.885294952566, 0.003321717899344895
2021_8_23_14_54,-0.7706519675349534,0.19583931779353161,1.054560615921741,-1.7185217940452455,0.3648903792617359,0.0026982226647482314,0.00504586438113142, -2123.8852956452406, 0.00332171791749255
2021_8_23_14_55,-0.7706519675349534,0.19583931779353161,1.054560615921741,-1.7185218089464067,0.3648903941628971,0.0026982226647482314,0.00504586438113142, -2123.8852956080163, 0.00332171791749255
2021_8_23_14_55,-0.7706519675349534,0.19583931779353161,1.054560615921741,-1.7185218089464067,0.3648903792617359,0.0026982375659094253,0.00504586438113142, -2123.8852509521716, 0.00332171791749255
2021_8_23_14_56,-0.7706519675349534,0.19583931779353161,1.054560615921741,-1.7185218089464067,0.3648903792617359,0.0026982226647482314,0.005045879282292614, -2123.8853094379724, 0.00332171791749255
2021_8_23_14_56,-0.5878338978034288,0.15584053856428393,0.8483443151076533,-2.9365551887008396,0.6168374320553411,0.002879944004663847,0.005177159113590438, -2093.3924803921514, 0.003434819642987526
2021_8_23_14_56,-0.7462009115263609,0.1904896694100545,1.0269801566788737,-1.8814280382510213,0.3985871112538359,0.002722527038308013,0.005063424433382836, -2121.158497076613, 0.0033310028406798023
2021_8_23_14_57,-0.7663334765324532,0.19489447482223143,1.0496894166965098,-1.7472939439926796,0.37084182094468016,0.0027025152490236276,0.005048965798412724, -2123.294419775798, 0.0033232293848318105
2021_8_23_14_57,-0.7699868512350473,0.19569379694824107,1.0538103737647202,-1.7229531753638185,0.3658069959384813,0.0026988837910001174,0.005046342048720727, -2123.822674255674, 0.003321947286607982
2021_8_23_14_57,-0.7705213371016931,0.1958107371512118,1.0544132665663946,-1.7193921399172805,0.36507040497097454,0.00269835251152651,0.00504595819618926, -2123.8932452027466, 0.003321762868927654
2021_8_23_14_58,-0.7705213222005319,0.1958107371512118,1.0544132665663946,-1.7193921399172805,0.36507040497097454,0.00269835251152651,0.00504595819618926, -2123.8932450248067, 0.0033217628135923253
2021_8_23_14_58,-0.7705213371016931,0.195810752052373,1.0544132665663946,-1.7193921399172805,0.36507040497097454,0.00269835251152651,0.00504595819618926, -2123.8932440375493, 0.003321762686154565
2021_8_23_14_58,-0.7705213371016931,0.1958107371512118,1.0544132814675558,-1.7193921399172805,0.36507040497097454,0.00269835251152651,0.00504595819618926, -2123.8932444904044, 0.003321762850774266
2021_8_23_14_59,-0.7705213371016931,0.1958107371512118,1.0544132665663946,-1.7193921250161193,0.36507040497097454,0.00269835251152651,0.00504595819618926, -2123.893245181671, 0.003321762868927654
2021_8_23_14_59,-0.7705213371016931,0.1958107371512118,1.0544132665663946,-1.7193921399172805,0.36507041987213573,0.00269835251152651,0.00504595819618926, -2123.8932451444425, 0.003321762868927654
2021_8_23_14_59,-0.7705213371016931,0.1958107371512118,1.0544132665663946,-1.7193921399172805,0.36507040497097454,0.002698367412687704,0.00504595819618926, -2123.893200540551, 0.003321762868927654
2021_8_23_15_0,-0.7705213371016931,0.1958107371512118,1.0544132665663946,-1.7193921399172805,0.36507040497097454,0.00269835251152651,0.005045973097350454, -2123.8932589521874, 0.003321762868927654
2021_8_23_15_0,-0.6916545041727334,0.18247151525026534,0.952832559639166,-2.5662503807618458,0.5204082246119153,0.0027598062668609535,0.005026472055562774, -2115.636550110303, 0.003322401653066837
2021_8_23_15_1,-0.7550251762921231,0.19318977825157146,1.034454167015484,-1.8857872010053516,0.3955919784077101,0.0027104272613249747,0.005042129459095456, -2122.646893381766, 0.0033209065068287094
2021_8_23_15_1,-0.7669781236188435,0.1952114521395678,1.049849597441933,-1.7574385458091664,0.372049194869182,0.002701113415779745,0.0050450827514220194, -2123.5632741464415, 0.0033215263392755816
2021_8_23_15_1,-0.7697751132350666,0.19568452381951026,1.0534521280867226,-1.7274049611185165,0.36654018363585633,0.0026989339759675344,0.005045773821812048, -2123.8406115883636, 0.003321711260535106
