	start time: 2021-08-20 17:06:56.236596
2021_8_20_17_7,-0.98,0.18,1.56,-1.5,0.26,0.006,0.0026, -426.5272700391722, 0.008178397428261049
2021_8_20_17_7,-0.9799999850988388,0.18,1.56,-1.5,0.26,0.006,0.0026, -426.5273306381998, 0.00817839723609075
2021_8_20_17_8,-0.98,0.1800000149011612,1.56,-1.5,0.26,0.006,0.0026, -426.5274271567265, 0.008178396932386436
2021_8_20_17_8,-0.98,0.18,1.5600000149011612,-1.5,0.26,0.006,0.0026, -426.52728756179965, 0.008178397364503442
2021_8_20_17_9,-0.98,0.18,1.56,-1.4999999850988388,0.26,0.006,0.0026, -426.52727005614366, 0.008178397428261049
2021_8_20_17_9,-0.98,0.18,1.56,-1.5,0.2600000149011612,0.006,0.0026, -426.5272702038705, 0.008178397428261049
2021_8_20_17_9,-0.98,0.18,1.56,-1.5,0.26,0.006000014901161194,0.0026, -426.52846943108796, 0.008178397428261049
2021_8_20_17_10,-0.98,0.18,1.56,-1.5,0.26,0.006,0.0026000149011611937, -426.53520477209474, 0.008178397428261049
2021_8_20_17_10,6.502244462257767,-0.7933947208860628,4.856171002243228,-0.3610649108886719,9.999838968740093,9.999999999999593e-06,1.0000000000000026e-05, 4582747009.744111, 0.041902772981969275
2021_8_20_17_11,-0.2317755537742232,0.08266052791139372,1.8896171002243227,-1.3861064910888672,1.2339838968740093,0.0054009999999999996,0.0023409999999999998, -1255.9132411103194, 0.0034236022718154816
2021_8_20_17_11,-0.23177553887306201,0.08266052791139372,1.8896171002243227,-1.3861064910888672,1.2339838968740093,0.0054009999999999996,0.0023409999999999998, -1255.9132296652726, 0.003423602311646885
2021_8_20_17_11,-0.2317755537742232,0.08266054281255492,1.8896171002243227,-1.3861064910888672,1.2339838968740093,0.0054009999999999996,0.0023409999999999998, -1255.913188686983, 0.0034236024702600978
2021_8_20_17_12,-0.2317755537742232,0.08266052791139372,1.889617115125484,-1.3861064910888672,1.2339838968740093,0.0054009999999999996,0.0023409999999999998, -1255.9132393834298, 0.0034236022822219333
2021_8_20_17_13,-0.2317755537742232,0.08266052791139372,1.8896171002243227,-1.386106476187706,1.2339838968740093,0.0054009999999999996,0.0023409999999999998, -1255.913240752508, 0.0034236022718154816
2021_8_20_17_13,-0.2317755537742232,0.08266052791139372,1.8896171002243227,-1.3861064910888672,1.2339839117751705,0.0054009999999999996,0.0023409999999999998, -1255.9132390418765, 0.0034236022718154816
2021_8_20_17_14,-0.2317755537742232,0.08266052791139372,1.8896171002243227,-1.3861064910888672,1.2339838968740093,0.005401014901161193,0.0023409999999999998, -1255.9131905204752, 0.0034236022718154816
2021_8_20_17_14,-0.2317755537742232,0.08266052791139372,1.8896171002243227,-1.3861064910888672,1.2339838968740093,0.0054009999999999996,0.0023410149011611936, -1255.913965844663, 0.0034236022718154816
2021_8_20_17_14,-7.0,0.5,9.999999999998899e-05,-7.0,9.999999999998899e-05,0.05,0.05, 35523550932.43765, 0.03481037083783721
2021_8_20_17_15,-0.9085979983968009,0.12439447512025435,1.7006653902018904,-1.9474958419799804,1.1105955071866085,0.009860899999999999,0.007106899999999999, -998.9361450309883, 0.008512144161557126
2021_8_20_17_15,-0.4734694716872277,0.09756375887104199,1.8221422706666976,-1.5865791449872977,1.1899217893516227,0.0069936343948320216,0.004042907276470309, -1230.9226808183685, 0.004128031288245873
2021_8_20_17_16,-0.3407472610267177,0.08937989650483784,1.8591949554018283,-1.4764929085104823,1.2141177656808126,0.006119065603522374,0.0031083330926315127, -1283.0020253925313, 0.0034528717093385477
2021_8_20_17_16,-0.3407472461255565,0.08937989650483784,1.8591949554018283,-1.4764929085104823,1.2141177656808126,0.006119065603522374,0.0031083330926315127, -1283.002026850652, 0.003452871668412195
2021_8_20_17_16,-0.3407472610267177,0.08937991140599903,1.8591949554018283,-1.4764929085104823,1.2141177656808126,0.006119065603522374,0.0031083330926315127, -1283.0020189493064, 0.0034528716776923395
2021_8_20_17_17,-0.3407472610267177,0.08937989650483784,1.8591949703029895,-1.4764929085104823,1.2141177656808126,0.006119065603522374,0.0031083330926315127, -1283.0020245968292, 0.0034528717099575066
2021_8_20_17_17,-0.3407472610267177,0.08937989650483784,1.8591949554018283,-1.4764928936093211,1.2141177656808126,0.006119065603522374,0.0031083330926315127, -1283.0020250529626, 0.0034528717093385477
2021_8_20_17_18,-0.3407472610267177,0.08937989650483784,1.8591949554018283,-1.4764929085104823,1.2141177805819738,0.006119065603522374,0.0031083330926315127, -1283.0020235077825, 0.0034528717093385477
2021_8_20_17_19,-0.3407472610267177,0.08937989650483784,1.8591949554018283,-1.4764929085104823,1.2141177656808126,0.006119080504683568,0.0031083330926315127, -1283.0019178354557, 0.0034528717093385477
2021_8_20_17_19,-0.3407472610267177,0.08937989650483784,1.8591949554018283,-1.4764929085104823,1.2141177656808126,0.006119065603522374,0.0031083479937927066, -1283.0018671048288, 0.0034528717093385477
2021_8_20_17_19,7.0,-2.0,0.009651059914881355,-7.0,0.05461373900008337,0.00033258283432047956,1.0000000000000026e-05, 20428194282.78017, 0.08928416718216493
2021_8_20_17_20,0.3933274650759542,-0.11955809314564599,1.6742405658531336,-2.028843617659434,1.0981673630127398,0.005540417326602185,0.0027984997833683614, -1364.7638870202916, 0.0031938430080953833
2021_8_20_17_20,0.39332747997711537,-0.11955809314564599,1.6742405658531336,-2.028843617659434,1.0981673630127398,0.005540417326602185,0.0027984997833683614, -1364.763876827916, 0.0031938430977736126
2021_8_20_17_20,0.3933274650759542,-0.11955807824448479,1.6742405658531336,-2.028843617659434,1.0981673630127398,0.005540417326602185,0.0027984997833683614, -1364.7638625778866, 0.0031938432154009354
2021_8_20_17_21,0.3933274650759542,-0.11955809314564599,1.6742405807542948,-2.028843617659434,1.0981673630127398,0.005540417326602185,0.0027984997833683614, -1364.7638856173505, 0.0031938430150031645
2021_8_20_17_21,0.3933274650759542,-0.11955809314564599,1.6742405658531336,-2.028843602758273,1.0981673630127398,0.005540417326602185,0.0027984997833683614, -1364.7638867336177, 0.0031938430080953833
2021_8_20_17_22,0.3933274650759542,-0.11955809314564599,1.6742405658531336,-2.028843617659434,1.098167377913901,0.005540417326602185,0.0027984997833683614, -1364.7638855945247, 0.0031938430080953833
2021_8_20_17_22,0.3933274650759542,-0.11955809314564599,1.6742405658531336,-2.028843617659434,1.0981673630127398,0.005540432227763379,0.0027984997833683614, -1364.763768820124, 0.0031938430080953833
2021_8_20_17_22,0.3933274650759542,-0.11955809314564599,1.6742405658531336,-2.028843617659434,1.0981673630127398,0.005540417326602185,0.002798514684529555, -1364.7638665654397, 0.0031938430080953833
2021_8_20_17_23,0.13179851712630203,-0.08081218281879365,0.023614405893066293,-7.0,0.12740873738576142,0.0006523513757020474,1.0000000000000026e-05, 58753044.88586453, 0.00881066816339837
2021_8_20_17_23,0.367174570280989,-0.11568350211296076,1.509177949857127,-2.5259592558934907,1.001091500450042,0.005051610731512172,0.002519649805031525, -1412.0978024379492, 0.003037421777996521
2021_8_20_17_23,0.3671745851821502,-0.11568350211296076,1.509177949857127,-2.5259592558934907,1.001091500450042,0.005051610731512172,0.002519649805031525, -1412.0977929110384, 0.003037421847045747
2021_8_20_17_24,0.367174570280989,-0.11568348721179957,1.509177949857127,-2.5259592558934907,1.001091500450042,0.005051610731512172,0.002519649805031525, -1412.0977820202297, 0.0030374219203708253
2021_8_20_17_24,0.367174570280989,-0.11568350211296076,1.5091779647582881,-2.5259592558934907,1.001091500450042,0.005051610731512172,0.002519649805031525, -1412.0978010360648, 0.003037421781349803
2021_8_20_17_24,0.367174570280989,-0.11568350211296076,1.509177949857127,-2.5259592409923295,1.001091500450042,0.005051610731512172,0.002519649805031525, -1412.0978022035417, 0.003037421777996521
2021_8_20_17_25,0.367174570280989,-0.11568350211296076,1.509177949857127,-2.5259592558934907,1.0010915153512032,0.005051610731512172,0.002519649805031525, -1412.0978013395109, 0.003037421777996521
2021_8_20_17_25,0.367174570280989,-0.11568350211296076,1.509177949857127,-2.5259592558934907,1.001091500450042,0.005051625632673366,0.002519649805031525, -1412.0977006637418, 0.003037421777996521
2021_8_20_17_26,0.367174570280989,-0.11568350211296076,1.509177949857127,-2.5259592558934907,1.001091500450042,0.005051610731512172,0.002519664706192719, -1412.0979435148045, 0.003037421777996521
2021_8_20_17_26,-0.8500202282372511,0.20734781630055,0.03375156479905028,-7.0,0.13702242539092147,0.0009074803403579974,0.0018780282131950748, 357693.99293979304, 0.011933642776211836
2021_8_20_17_26,0.24545509042916497,-0.08338037027160969,1.3616353113513193,-2.973363330304142,0.91468459294413,0.0046371976923967545,0.00245548764584788, -1461.1134718220087, 0.0028656147061788956
2021_8_20_17_27,0.24545510533032616,-0.08338037027160969,1.3616353113513193,-2.973363330304142,0.91468459294413,0.0046371976923967545,0.00245548764584788, -1461.1134710364515, 0.0028656147080011836
2021_8_20_17_27,0.24545509042916497,-0.0833803553704485,1.3616353113513193,-2.973363330304142,0.91468459294413,0.0046371976923967545,0.00245548764584788, -1461.1134739314214, 0.002865614676428808
2021_8_20_17_27,0.24545509042916497,-0.08338037027160969,1.3616353262524805,-2.973363330304142,0.91468459294413,0.0046371976923967545,0.00245548764584788, -1461.1134710052784, 0.002865614700613063
2021_8_20_17_28,0.24545509042916497,-0.08338037027160969,1.3616353113513193,-2.9733633154029806,0.91468459294413,0.0046371976923967545,0.00245548764584788, -1461.113471657417, 0.0028656147061788956
2021_8_20_17_28,0.24545509042916497,-0.08338037027160969,1.3616353113513193,-2.973363330304142,0.9146846078452912,0.0046371976923967545,0.00245548764584788, -1461.1134710952238, 0.0028656147061788956
2021_8_20_17_29,0.24545509042916497,-0.08338037027160969,1.3616353113513193,-2.973363330304142,0.91468459294413,0.004637212593557948,0.00245548764584788, -1461.113395229586, 0.0028656147061788956
2021_8_20_17_29,0.24545509042916497,-0.08338037027160969,1.3616353113513193,-2.973363330304142,0.91468459294413,0.0046371976923967545,0.002455502547009074, -1461.1134801919836, 0.0028656147061788956
2021_8_20_17_29,0.2154082798513121,0.002180208809745565,0.0004781591208748992,-7.0,0.0031440421788876405,2.852444051899914e-05,0.004643502142567665, 1716391061.1087332, 0.004800921760876484
2021_8_20_17_30,0.24245040937137968,-0.07482431236347416,1.225519596128275,-3.3760269972737276,0.8235305378676057,0.004176330367208979,0.0026742890955198588, -1473.8675426342902, 0.0029195607893787007
2021_8_20_17_30,0.24245042427254088,-0.07482431236347416,1.225519596128275,-3.3760269972737276,0.8235305378676057,0.004176330367208979,0.0026742890955198588, -1473.8675410231142, 0.0029195607918963045
2021_8_20_17_30,0.24245040937137968,-0.07482429746231296,1.225519596128275,-3.3760269972737276,0.8235305378676057,0.004176330367208979,0.0026742890955198588, -1473.8675433099384, 0.0029195607506722733
2021_8_20_17_31,0.24245040937137968,-0.07482431236347416,1.2255196110294362,-3.3760269972737276,0.8235305378676057,0.004176330367208979,0.0026742890955198588, -1473.8675422402887, 0.002919560778564255
2021_8_20_17_31,0.24245040937137968,-0.07482431236347416,1.225519596128275,-3.3760269823725664,0.8235305378676057,0.004176330367208979,0.0026742890955198588, -1473.8675425665022, 0.0029195607893787007
2021_8_20_17_31,0.24245040937137968,-0.07482431236347416,1.225519596128275,-3.3760269972737276,0.8235305527687669,0.004176330367208979,0.0026742890955198588, -1473.8675423696252, 0.0029195607893787007
2021_8_20_17_32,0.24245040937137968,-0.07482431236347416,1.225519596128275,-3.3760269972737276,0.8235305378676057,0.004176345268370173,0.0026742890955198588, -1473.867605343245, 0.0029195607893787007
2021_8_20_17_32,0.24245040937137968,-0.07482431236347416,1.225519596128275,-3.3760269972737276,0.8235305378676057,0.004176330367208979,0.0026743039966810526, -1473.867436364522, 0.0029195607893787007
2021_8_20_17_33,-1.3816881855454728,0.4997570572652706,0.004148057866611765,-6.986124757912241,0.0011550897756421596,0.010336686940000176,0.002684340611799549, 33494059.63348587, 0.00817010702748379
2021_8_20_17_33,0.08003654987969441,-0.017366175400599683,1.1033824423021086,-3.7370367733375787,0.7412929930584093,0.004792366024488099,0.0026752942471478277, -1485.2960113222236, 0.0029219801288357713
2021_8_20_17_33,0.0800365647808556,-0.017366175400599683,1.1033824423021086,-3.7370367733375787,0.7412929930584093,0.004792366024488099,0.0026752942471478277, -1485.2960152219923, 0.0029219800757684473
2021_8_20_17_34,0.08003654987969441,-0.01736616049943849,1.1033824423021086,-3.7370367733375787,0.7412929930584093,0.004792366024488099,0.0026752942471478277, -1485.2960225103966, 0.002921979965944785
2021_8_20_17_34,0.08003654987969441,-0.017366175400599683,1.1033824572032698,-3.7370367733375787,0.7412929930584093,0.004792366024488099,0.0026752942471478277, -1485.2960114141888, 0.0029219801104779205
2021_8_20_17_34,0.08003654987969441,-0.017366175400599683,1.1033824423021086,-3.7370367584364175,0.7412929930584093,0.004792366024488099,0.0026752942471478277, -1485.2960113783904, 0.0029219801288357713
2021_8_20_17_35,0.08003654987969441,-0.017366175400599683,1.1033824423021086,-3.7370367733375787,0.7412930079595705,0.004792366024488099,0.0026752942471478277, -1485.2960116085676, 0.0029219801288357713
2021_8_20_17_35,0.08003654987969441,-0.017366175400599683,1.1033824423021086,-3.7370367733375787,0.7412929930584093,0.004792380925649293,0.0026752942471478277, -1485.2959432433604, 0.0029219801288357713
2021_8_20_17_35,0.08003654987969441,-0.017366175400599683,1.1033824423021086,-3.7370367733375787,0.7412929930584093,0.004792366024488099,0.0026753091483090216, -1485.2957919309376, 0.0029219801288357713
2021_8_20_17_36,-0.3892168983002807,0.11437946418611691,9.999999999998899e-05,-6.9999506357037,3.1454660942473227,1.0433600844721863e-05,0.00031023462097205974, 26009052396.026825, 0.007994826349539106
2021_8_20_17_36,0.0331112050616969,-0.004191611441928023,0.9930541980718977,-4.063328159574191,0.9817103031773007,0.004314172782123761,0.002438788284530251, -1472.5120344860175, 0.0031536503711635144
2021_8_20_17_37,0.07255317901253512,-0.01526517542929979,1.085787959578552,-3.789071754933102,0.7796332951165518,0.004716106651378299,0.002637577703190051, -1485.8577969966889, 0.0029491047267449166
2021_8_20_17_37,0.07255319391369631,-0.01526517542929979,1.085787959578552,-3.789071754933102,0.7796332951165518,0.004716106651378299,0.002637577703190051, -1485.8578021210906, 0.0029491046649455454
2021_8_20_17_37,0.07255317901253512,-0.015265160528138597,1.085787959578552,-3.789071754933102,0.7796332951165518,0.004716106651378299,0.002637577703190051, -1485.85781159534, 0.002949104540110828
2021_8_20_17_38,0.07255317901253512,-0.01526517542929979,1.0857879744797132,-3.789071754933102,0.7796332951165518,0.004716106651378299,0.002637577703190051, -1485.8577973605122, 0.0029491047062651377
2021_8_20_17_38,0.07255317901253512,-0.01526517542929979,1.085787959578552,-3.789071740031941,0.7796332951165518,0.004716106651378299,0.002637577703190051, -1485.8577970360132, 0.0029491047267449166
2021_8_20_17_38,0.07255317901253512,-0.01526517542929979,1.085787959578552,-3.789071754933102,0.779633310017713,0.004716106651378299,0.002637577703190051, -1485.8577972007786, 0.0029491047267449166
2021_8_20_17_39,0.07255317901253512,-0.01526517542929979,1.085787959578552,-3.789071754933102,0.7796332951165518,0.004716121552539493,0.002637577703190051, -1485.8577544992088, 0.0029491047267449166
2021_8_20_17_39,0.07255317901253512,-0.01526517542929979,1.085787959578552,-3.789071754933102,0.7796332951165518,0.004716106651378299,0.0026375926043512446, -1485.857600918061, 0.0029491047267449166
2021_8_20_17_40,-0.5294317315242418,0.18253223125082768,2.201623752926468,4.923011291933859,9.999999999998899e-05,9.999999999999593e-06,0.000737082334316203, 32165654.803985145, 0.00429239951607153
2021_8_20_17_40,0.012354687958857427,0.0045145652387129555,1.1973715389133437,-2.917863450246406,0.7016799656048966,0.004245495986240469,0.002447528166302666, -1482.6958467244942, 0.0028538296788082184
2021_8_20_17_40,0.05232952861715379,-0.008620182287785525,1.1232744024915469,-3.4963897978417506,0.7534449163780558,0.004558005253859899,0.0025737306644264472, -1486.9533960274885, 0.0029047406618153354
2021_8_20_17_41,0.05232954351831498,-0.008620182287785525,1.1232744024915469,-3.4963897978417506,0.7534449163780558,0.004558005253859899,0.0025737306644264472, -1486.9534005051926, 0.002904740606331879
2021_8_20_17_41,0.05232952861715379,-0.008620167386624331,1.1232744024915469,-3.4963897978417506,0.7534449163780558,0.004558005253859899,0.0025737306644264472, -1486.9534077056305, 0.002904740501264104
2021_8_20_17_41,0.05232952861715379,-0.008620182287785525,1.123274417392708,-3.4963897978417506,0.7534449163780558,0.004558005253859899,0.0025737306644264472, -1486.9533960039414, 0.0029047406451902583
2021_8_20_17_42,0.05232952861715379,-0.008620182287785525,1.1232744024915469,-3.4963897829405894,0.7534449163780558,0.004558005253859899,0.0025737306644264472, -1486.9533960264935, 0.0029047406618153354
2021_8_20_17_42,0.05232952861715379,-0.008620182287785525,1.1232744024915469,-3.4963897978417506,0.753444931279217,0.004558005253859899,0.0025737306644264472, -1486.9533960561928, 0.0029047406618153354
2021_8_20_17_42,0.05232952861715379,-0.008620182287785525,1.1232744024915469,-3.4963897978417506,0.7534449163780558,0.004558020155021093,0.0025737306644264472, -1486.9533719737021, 0.0029047406618153354
2021_8_20_17_43,0.05232952861715379,-0.008620182287785525,1.1232744024915469,-3.4963897978417506,0.7534449163780558,0.004558005253859899,0.002573745565587641, -1486.9532122286778, 0.0029047406618153354
2021_8_20_17_43,0.29961496390933573,-0.030818807942596598,0.4194399194822225,4.583123732350725,0.00010952823568022296,0.00845368123491447,1.0000000000000026e-05, 24552473.182463903, 0.004621630287818325
2021_8_20_17_44,0.07705807214637199,-0.010840044853266633,1.0528909541906144,-2.688438444822503,0.6781113775638182,0.004947572851965356,0.0023173575979838026, -1489.284893249115, 0.0029275057413185915
2021_8_20_17_44,0.07705808704753318,-0.010840044853266633,1.0528909541906144,-2.688438444822503,0.6781113775638182,0.004947572851965356,0.0023173575979838026, -1489.2848945194146, 0.0029275056980205333
2021_8_20_17_44,0.07705807214637199,-0.010840029952105439,1.0528909541906144,-2.688438444822503,0.6781113775638182,0.004947572851965356,0.0023173575979838026, -1489.284897848057, 0.002927505601204647
2021_8_20_17_45,0.07705807214637199,-0.010840044853266633,1.0528909690917756,-2.688438444822503,0.6781113775638182,0.004947572851965356,0.0023173575979838026, -1489.2848931944372, 0.0029275057228960446
2021_8_20_17_45,0.07705807214637199,-0.010840044853266633,1.0528909541906144,-2.6884384299213417,0.6781113775638182,0.004947572851965356,0.0023173575979838026, -1489.284893165246, 0.0029275057413185915
2021_8_20_17_45,0.07705807214637199,-0.010840044853266633,1.0528909541906144,-2.688438444822503,0.6781113924649794,0.004947572851965356,0.0023173575979838026, -1489.284892912456, 0.0029275057413185915
2021_8_20_17_46,0.07705807214637199,-0.010840044853266633,1.0528909541906144,-2.688438444822503,0.6781113775638182,0.00494758775312655,0.0023173575979838026, -1489.2848003727431, 0.0029275057413185915
2021_8_20_17_46,0.07705807214637199,-0.010840044853266633,1.0528909541906144,-2.688438444822503,0.6781113775638182,0.004947572851965356,0.0023173724991449964, -1489.284934998905, 0.0029275057413185915
2021_8_20_17_46,0.3266682588762951,0.004140001908298141,9.999999999998899e-05,-6.999999999401546,1.7352741615355747,0.0032640678411815687,0.006183031684538919, 5611439708.896615, 0.006508771564349749
2021_8_20_17_47,0.1020190908193643,-0.009342040177110156,0.947611858771553,-3.1195946002804074,0.7838276559609939,0.004779222350886977,0.0027039250066393144, -1487.0505888770117, 0.002998910577525888
2021_8_20_17_47,0.08576084382199863,-0.01031775877045878,1.01618492301249,-2.8387629819196625,0.7149698345579256,0.004888876690900915,0.0024521360675182863, -1490.098373548279, 0.0029459530542518247
2021_8_20_17_48,0.08576085872315982,-0.01031775877045878,1.01618492301249,-2.8387629819196625,0.7149698345579256,0.004888876690900915,0.0024521360675182863, -1490.0983734321844, 0.0029459530185055234
2021_8_20_17_48,0.08576084382199863,-0.010317743869297586,1.01618492301249,-2.8387629819196625,0.7149698345579256,0.004888876690900915,0.0024521360675182863, -1490.0983746130255, 0.0029459529286185835
2021_8_20_17_48,0.08576084382199863,-0.01031775877045878,1.0161849379136512,-2.8387629819196625,0.7149698345579256,0.004888876690900915,0.0024521360675182863, -1490.0983735103773, 0.0029459530351774745
2021_8_20_17_49,0.08576084382199863,-0.01031775877045878,1.01618492301249,-2.8387629670185013,0.7149698345579256,0.004888876690900915,0.0024521360675182863, -1490.0983734595857, 0.0029459530542518247
2021_8_20_17_49,0.08576084382199863,-0.01031775877045878,1.01618492301249,-2.8387629819196625,0.7149698494590868,0.004888876690900915,0.0024521360675182863, -1490.0983731847016, 0.0029459530542518247
2021_8_20_17_49,0.08576084382199863,-0.01031775877045878,1.01618492301249,-2.8387629819196625,0.7149698345579256,0.004888891592062109,0.0024521360675182863, -1490.0982941717025, 0.0029459530542518247
2021_8_20_17_50,0.08576084382199863,-0.01031775877045878,1.01618492301249,-2.8387629819196625,0.7149698345579256,0.004888876690900915,0.00245215096867948, -1490.0983206181008, 0.0029459530542518247
2021_8_20_17_50,-0.03355195032393335,0.031852217275438646,1.5977034781943604,-7.0,0.6826223932414709,9.999999999999593e-06,0.0021525867410088586, 18572126.848892953, 0.00313801684753252
2021_8_20_17_51,0.07382956440740543,-0.006100761165869037,1.074336778530677,-3.254886683727696,0.7117350904262801,0.004400989021810823,0.0024221811348673437, -1492.1339887916738, 0.002878566499014241
2021_8_20_17_51,0.07382957930856662,-0.006100761165869037,1.074336778530677,-3.254886683727696,0.7117350904262801,0.004400989021810823,0.0024221811348673437, -1492.1339870564234, 0.0028785664798410223
2021_8_20_17_51,0.07382956440740543,-0.006100746264707843,1.074336778530677,-3.254886683727696,0.7117350904262801,0.004400989021810823,0.0024221811348673437, -1492.1339841787865, 0.0028785664288125262
2021_8_20_17_52,0.07382956440740543,-0.006100761165869037,1.0743367934318382,-3.254886683727696,0.7117350904262801,0.004400989021810823,0.0024221811348673437, -1492.1339882327009, 0.0028785664864469894
2021_8_20_17_52,0.07382956440740543,-0.006100761165869037,1.074336778530677,-3.254886668826535,0.7117350904262801,0.004400989021810823,0.0024221811348673437, -1492.1339887816828, 0.002878566499014241
2021_8_20_17_52,0.07382956440740543,-0.006100761165869037,1.074336778530677,-3.254886683727696,0.7117351053274413,0.004400989021810823,0.0024221811348673437, -1492.133988779945, 0.002878566499014241
2021_8_20_17_53,0.07382956440740543,-0.006100761165869037,1.074336778530677,-3.254886683727696,0.7117350904262801,0.004401003922972017,0.0024221811348673437, -1492.1339845642483, 0.002878566499014241
2021_8_20_17_53,0.07382956440740543,-0.006100761165869037,1.074336778530677,-3.254886683727696,0.7117350904262801,0.004400989021810823,0.0024221960360285375, -1492.1339453045898, 0.002878566499014241
2021_8_20_17_53,0.07319639622838475,-0.0034069197052125754,0.9970237196623389,-7.0,1.5238786685077055,0.004544059713855187,0.0022639284803601632, -1490.7847521111403, 0.0029431753897105487
2021_8_20_17_54,0.07358685212217835,-0.0050681312286433855,1.0447003725684345,-4.690500540432833,1.0230539947867725,0.00445583229373396,0.0023615181630198025, -1493.053458240545, 0.0029005941076575073
2021_8_20_17_54,0.07358686702333954,-0.0050681312286433855,1.0447003725684345,-4.690500540432833,1.0230539947867725,0.00445583229373396,0.0023615181630198025, -1493.0534566333508, 0.0029005940840286016
2021_8_20_17_55,0.07358685212217835,-0.005068116327482192,1.0447003725684345,-4.690500540432833,1.0230539947867725,0.00445583229373396,0.0023615181630198025, -1493.0534544193779, 0.002900594022033479
2021_8_20_17_55,0.07358685212217835,-0.0050681312286433855,1.0447003874695957,-4.690500540432833,1.0230539947867725,0.00445583229373396,0.0023615181630198025, -1493.0534579438527, 0.0029005940929574398
2021_8_20_17_55,0.07358685212217835,-0.0050681312286433855,1.0447003725684345,-4.690500525531672,1.0230539947867725,0.00445583229373396,0.0023615181630198025, -1493.053458242977, 0.0029005941076575073
2021_8_20_17_56,0.07358685212217835,-0.0050681312286433855,1.0447003725684345,-4.690500540432833,1.0230540096879337,0.00445583229373396,0.0023615181630198025, -1493.0534582442901, 0.0029005941076575073
2021_8_20_17_56,0.07358685212217835,-0.0050681312286433855,1.0447003725684345,-4.690500540432833,1.0230539947867725,0.004455847194895154,0.0023615181630198025, -1493.0534501470888, 0.0029005941076575073
2021_8_20_17_56,0.07358685212217835,-0.0050681312286433855,1.0447003725684345,-4.690500540432833,1.0230539947867725,0.00445583229373396,0.0023615330641809963, -1493.0534750109182, 0.0029005941076575073
2021_8_20_17_57,-0.12826572439260103,0.07367865568978889,0.6802477389456223,-0.010766306356751798,9.999999999998899e-05,0.004955744489340905,0.0022514893607826748, -1442.8672367525196, 0.0034420981221652516
2021_8_20_17_57,0.053401594470700406,0.0028065474631998426,1.0082551092061534,-4.2225271170252245,0.9207585953080952,0.004505823513294654,0.0023505152827960896, -1493.560601299236, 0.002926414616965618
2021_8_20_17_57,0.0534016093718616,0.0028065474631998426,1.0082551092061534,-4.2225271170252245,0.9207585953080952,0.004505823513294654,0.0023505152827960896, -1493.5606007916513, 0.0029264145824074226
2021_8_20_17_58,0.053401594470700406,0.0028065623643610364,1.0082551092061534,-4.2225271170252245,0.9207585953080952,0.004505823513294654,0.0023505152827960896, -1493.560600084363, 0.0029264145030140675
2021_8_20_17_58,0.053401594470700406,0.0028065474631998426,1.0082551241073145,-4.2225271170252245,0.9207585953080952,0.004505823513294654,0.0023505152827960896, -1493.5606012605388, 0.0029264145996875375
2021_8_20_17_59,0.053401594470700406,0.0028065474631998426,1.0082551092061534,-4.222527102124063,0.9207585953080952,0.004505823513294654,0.0023505152827960896, -1493.5606013055353, 0.002926414616965618
2021_8_20_17_59,0.053401594470700406,0.0028065474631998426,1.0082551092061534,-4.2225271170252245,0.9207586102092564,0.004505823513294654,0.0023505152827960896, -1493.5606013258541, 0.002926414616965618
2021_8_20_17_59,0.053401594470700406,0.0028065474631998426,1.0082551092061534,-4.2225271170252245,0.9207585953080952,0.004505838414455848,0.0023505152827960896, -1493.5605951115895, 0.002926414616965618
2021_8_20_18_0,0.053401594470700406,0.0028065474631998426,1.0082551092061534,-4.2225271170252245,0.9207585953080952,0.004505823513294654,0.0023505301839572834, -1493.5606177808618, 0.002926414616965618
2021_8_20_18_0,0.047776155603227684,0.0023409582496933612,1.0147092296500102,-6.999999999999991,1.5565104206626876,0.004419338368320856,0.0023847610778226854, -1491.494373646211, 0.002937756615404176
2021_8_20_18_0,0.052839050583953134,0.0027599885418491945,1.008900521250539,-4.500274405322701,0.9843337778435545,0.0044971749987972745,0.002353939862298749, -1493.5619974867698, 0.002927349159541027
2021_8_20_18_1,0.05310355015686324,0.0027818798379818533,1.008597058331267,-4.3696818580346966,0.9544416947110873,0.004501241398672475,0.002352329677143085, -1493.5671616572886, 0.0029269042490841024
2021_8_20_18_1,0.05310356505802443,0.0027818798379818533,1.008597058331267,-4.3696818580346966,0.9544416947110873,0.004501241398672475,0.002352329677143085, -1493.567161273203, 0.0029269042139283097
2021_8_20_18_1,0.05310355015686324,0.002781894739143047,1.008597058331267,-4.3696818580346966,0.9544416947110873,0.004501241398672475,0.002352329677143085, -1493.5671607655295, 0.0029269041335987156
2021_8_20_18_2,0.05310355015686324,0.0027818798379818533,1.008597073232428,-4.3696818580346966,0.9544416947110873,0.004501241398672475,0.002352329677143085, -1493.5671616383502, 0.002926904231721324
2021_8_20_18_2,0.05310355015686324,0.0027818798379818533,1.008597058331267,-4.369681843133535,0.9544416947110873,0.004501241398672475,0.002352329677143085, -1493.5671616630946, 0.0029269042490841024
2021_8_20_18_3,0.05310355015686324,0.0027818798379818533,1.008597058331267,-4.3696818580346966,0.9544417096122485,0.004501241398672475,0.002352329677143085, -1493.5671616774187, 0.0029269042490841024
2021_8_20_18_3,0.05310355015686324,0.0027818798379818533,1.008597058331267,-4.3696818580346966,0.9544416947110873,0.004501256299833669,0.002352329677143085, -1493.5671570337422, 0.0029269042490841024
2021_8_20_18_3,0.05310355015686324,0.0027818798379818533,1.008597058331267,-4.3696818580346966,0.9544416947110873,0.004501241398672475,0.0023523445783042787, -1493.5671752432968, 0.0029269042490841024
2021_8_20_18_4,0.02157448106080937,0.00991321101201215,1.0101083483820568,-1.4894870030809586,0.3882590799367349,0.00428281441561469,0.0024733742354242755, -1488.8788965538965, 0.0029560174473817393
2021_8_20_18_4,0.04995064324725785,0.0034950129553848828,1.008748187336346,-4.081662372539323,0.8978234332336521,0.004479398700366696,0.002364434132971204, -1493.602773604123, 0.002928756293619771
2021_8_20_18_4,0.04995065814841904,0.0034950129553848828,1.008748187336346,-4.081662372539323,0.8978234332336521,0.004479398700366696,0.002364434132971204, -1493.6027736856797, 0.0029287562560367086
2021_8_20_18_5,0.04995064324725785,0.0034950278565460766,1.008748187336346,-4.081662372539323,0.8978234332336521,0.004479398700366696,0.002364434132971204, -1493.60277386516, 0.0029287561723417887
2021_8_20_18_5,0.04995064324725785,0.0034950129553848828,1.0087482022375072,-4.081662372539323,0.8978234332336521,0.004479398700366696,0.002364434132971204, -1493.6027736181304, 0.0029287562759808235
2021_8_20_18_6,0.04995064324725785,0.0034950129553848828,1.008748187336346,-4.081662357638161,0.8978234332336521,0.004479398700366696,0.002364434132971204, -1493.6027736023482, 0.002928756293619771
2021_8_20_18_6,0.04995064324725785,0.0034950129553848828,1.008748187336346,-4.081662372539323,0.8978234481348133,0.004479398700366696,0.002364434132971204, -1493.6027735977236, 0.002928756293619771
2021_8_20_18_6,0.04995064324725785,0.0034950129553848828,1.008748187336346,-4.081662372539323,0.8978234332336521,0.00447941360152789,0.002364434132971204, -1493.6027762488852, 0.002928756293619771
2021_8_20_18_7,0.04995064324725785,0.0034950129553848828,1.008748187336346,-4.081662372539323,0.8978234332336521,0.004479398700366696,0.0023644490341323977, -1493.6027707592032, 0.002928756293619771
2021_8_20_18_7,0.0491158966521769,0.003865113944702777,1.008637385089625,-4.138632111615715,0.9086820755751187,0.004489776135916966,0.002361000960158613, -1493.6056538942917, 0.002927984744945922
2021_8_20_18_7,0.049115911553338096,0.003865113944702777,1.008637385089625,-4.138632111615715,0.9086820755751187,0.004489776135916966,0.002361000960158613, -1493.6056538925259, 0.0029279847076046305
2021_8_20_18_8,0.0491158966521769,0.0038651288458639707,1.008637385089625,-4.138632111615715,0.9086820755751187,0.004489776135916966,0.002361000960158613, -1493.6056538746645, 0.002927984624583849
2021_8_20_18_8,0.0491158966521769,0.003865113944702777,1.0086373999907863,-4.138632111615715,0.9086820755751187,0.004489776135916966,0.002361000960158613, -1493.6056538899968, 0.0029279847274062314
2021_8_20_18_8,0.0491158966521769,0.003865113944702777,1.008637385089625,-4.138632096714554,0.9086820755751187,0.004489776135916966,0.002361000960158613, -1493.605653894195, 0.002927984744945922
2021_8_20_18_9,0.0491158966521769,0.003865113944702777,1.008637385089625,-4.138632111615715,0.9086820904762799,0.004489776135916966,0.002361000960158613, -1493.6056538938094, 0.002927984744945922
2021_8_20_18_9,0.0491158966521769,0.003865113944702777,1.008637385089625,-4.138632111615715,0.9086820755751187,0.00448979103707816,0.002361000960158613, -1493.6056534875343, 0.002927984744945922
2021_8_20_18_10,0.0491158966521769,0.003865113944702777,1.008637385089625,-4.138632111615715,0.9086820755751187,0.004489776135916966,0.002361015861319807, -1493.6056540844438, 0.002927984744945922
2021_8_20_18_10,0.04933910765744151,0.0038042233341580934,1.0082979939581669,-4.136795287020651,0.908180710922821,0.004488632599916563,0.002361531795234176, -1493.6057317320538, 0.0029283173300353317
2021_8_20_18_10,0.049339122558602705,0.0038042233341580934,1.0082979939581669,-4.136795287020651,0.908180710922821,0.004488632599916563,0.002361531795234176, -1493.605731731745, 0.002928317292693379
2021_8_20_18_11,0.04933910765744151,0.003804238235319287,1.0082979939581669,-4.136795287020651,0.908180710922821,0.004488632599916563,0.002361531795234176, -1493.6057317337472, 0.002928317209553269
2021_8_20_18_11,0.04933910765744151,0.0038042233341580934,1.008298008859328,-4.136795287020651,0.908180710922821,0.004488632599916563,0.002361531795234176, -1493.6057317329764, 0.002928317312460022
2021_8_20_18_11,0.04933910765744151,0.0038042233341580934,1.0082979939581669,-4.13679527211949,0.908180710922821,0.004488632599916563,0.002361531795234176, -1493.605731732126, 0.0029283173300353317
2021_8_20_18_12,0.04933910765744151,0.0038042233341580934,1.0082979939581669,-4.136795287020651,0.9081807258239822,0.004488632599916563,0.002361531795234176, -1493.6057317323614, 0.0029283173300353317
2021_8_20_18_12,0.04933910765744151,0.0038042233341580934,1.0082979939581669,-4.136795287020651,0.908180710922821,0.004488647501077757,0.002361531795234176, -1493.6057317446891, 0.0029283173300353317
2021_8_20_18_12,0.04933910765744151,0.0038042233341580934,1.0082979939581669,-4.136795287020651,0.908180710922821,0.004488632599916563,0.0023615466963953697, -1493.6057317181865, 0.0029283173300353317
2021_8_20_18_13,0.049317907400969405,0.0038065822738174875,1.0083931453018604,-4.136447313292504,0.9081639367995725,0.004488517174334571,0.0023614561315807893, -1493.6057360948014, 0.0029282391899098075
2021_8_20_18_13,0.0493179223021306,0.0038065822738174875,1.0083931453018604,-4.136447313292504,0.9081639367995725,0.004488517174334571,0.0023614561315807893, -1493.6057360949624, 0.0029282391525764207
2021_8_20_18_14,0.049317907400969405,0.0038065971749786814,1.0083931453018604,-4.136447313292504,0.9081639367995725,0.004488517174334571,0.0023614561315807893, -1493.605736095635, 0.0029282390694741253
2021_8_20_18_14,0.049317907400969405,0.0038065822738174875,1.0083931602030216,-4.136447313292504,0.9081639367995725,0.004488517174334571,0.0023614561315807893, -1493.6057360949876, 0.002928239172344944
2021_8_20_18_14,0.049317907400969405,0.0038065822738174875,1.0083931453018604,-4.136447298391343,0.9081639367995725,0.004488517174334571,0.0023614561315807893, -1493.605736094797, 0.0029282391899098075
2021_8_20_18_15,0.049317907400969405,0.0038065822738174875,1.0083931453018604,-4.136447313292504,0.9081639517007337,0.004488517174334571,0.0023614561315807893, -1493.6057360947868, 0.0029282391899098075
2021_8_20_18_15,0.049317907400969405,0.0038065822738174875,1.0083931453018604,-4.136447313292504,0.9081639367995725,0.004488532075495765,0.0023614561315807893, -1493.6057361052212, 0.0029282391899098075
2021_8_20_18_15,0.049317907400969405,0.0038065822738174875,1.0083931453018604,-4.136447313292504,0.9081639367995725,0.004488517174334571,0.002361471032741983, -1493.6057361001835, 0.0029282391899098075
2021_8_20_18_16,0.04931706219288813,0.0038057723525832853,1.0084182150538747,-4.136782742298781,0.9082289219219498,0.004488528107056385,0.0023614571525356087, -1493.6057362195331, 0.002928218303319597
2021_8_20_18_16,0.049317077094049325,0.0038057723525832853,1.0084182150538747,-4.136782742298781,0.9082289219219498,0.004488528107056385,0.0023614571525356087, -1493.6057362195716, 0.002928218265988452
2021_8_20_18_16,0.04931706219288813,0.003805787253744479,1.0084182150538747,-4.136782742298781,0.9082289219219498,0.004488528107056385,0.0023614571525356087, -1493.6057362196507, 0.0029282181828929514
2021_8_20_18_17,0.04931706219288813,0.0038057723525832853,1.008418229955036,-4.136782742298781,0.9082289219219498,0.004488528107056385,0.0023614571525356087, -1493.60573621952, 0.0029282182857562553
2021_8_20_18_17,0.04931706219288813,0.0038057723525832853,1.0084182150538747,-4.13678272739762,0.9082289219219498,0.004488528107056385,0.0023614571525356087, -1493.605736219533, 0.002928218303319597
2021_8_20_18_18,0.04931706219288813,0.0038057723525832853,1.0084182150538747,-4.136782742298781,0.908228936823111,0.004488528107056385,0.0023614571525356087, -1493.6057362195352, 0.002928218303319597
2021_8_20_18_18,0.04931706219288813,0.0038057723525832853,1.0084182150538747,-4.136782742298781,0.9082289219219498,0.004488543008217579,0.0023614571525356087, -1493.6057362178285, 0.002928218303319597
2021_8_20_18_18,0.04931706219288813,0.0038057723525832853,1.0084182150538747,-4.136782742298781,0.9082289219219498,0.004488528107056385,0.0023614720536968025, -1493.6057362155977, 0.002928218303319597
2021_8_20_18_19,0.049316050406114434,0.0038063026390288677,1.0084160114208642,-4.13687297508901,0.9082493503914849,0.004488521987896438,0.002361452430606977, -1493.6057362141614, 0.0029282191498130835
2021_8_20_18_19,0.04931673715984211,0.003805942705293116,1.0084175071442951,-4.136811729274516,0.9082354844980293,0.004488526141297147,0.0023614556356321603, -1493.6057362189244, 0.0029282185752519756
2021_8_20_18_19,0.049316926340173636,0.0038058435541990466,1.008417919171843,-4.136794857864834,0.908231664854662,0.004488527285436148,0.002361456518521764, -1493.6057362193983, 0.0029282184169779632
2021_8_20_18_20,0.04931700066653902,0.003805804599089989,1.0084180810518326,-4.136788229318672,0.9082301641690133,0.004488527734952716,0.0023614568653970167, -1493.6057362194895, 0.0029282183547943317
2021_8_20_18_20,0.04931703355908821,0.0038057873598124534,1.0084181526905505,-4.136785295907632,0.9082295000523667,0.004488527933882742,0.0023614570189039352, -1493.6057362195147, 0.00292821832727547
2021_8_20_18_21,0.049317048780170125,0.003805779382308067,1.0084181858414865,-4.136783938466789,0.9082291927312827,0.004488528025937943,0.0023614570899395176, -1493.605736219523, 0.002928218314541068
2021_8_20_18_21,0.04931705598301983,0.0038057756072304855,1.0084182015290184,-4.136783296104937,0.9082290473022263,0.0044885280694998775,0.0023614571235546456, -1493.6057362195247, 0.0029282183085149586
2021_8_20_18_21,0.04931705947400358,0.003805773777574856,1.0084182091322478,-4.136782984773327,0.9082289768175579,0.004488528090612911,0.00236145713984679, -1493.6057362195265, 0.0029282183055943005
2021_8_20_18_22,0.04931706110895839,0.0038057729206804987,1.0084182126931172,-4.136782838965398,0.908228943807021,0.0044885281005009135,0.0023614571474769946, -1493.6057362195274, 0.0029282183042264515
2021_8_20_18_22,0.04931706184315031,0.0038057725358839885,1.0084182142921592,-4.136782773488969,0.9082289289833274,0.004488528104941214,0.00236145715090341, -1493.605736219511, 0.002928218303612206
2021_8_20_18_22,0.04931706215791435,0.003805772370913356,1.0084182149777032,-4.1367827454178,0.9082289226280876,0.0044885281068448675,0.002361457152372389, -1493.6057362195313, 0.0029282183033488593
2021_8_20_18_23,0.049317077059075544,0.003805772370913356,1.0084182149777032,-4.1367827454178,0.9082289226280876,0.0044885281068448675,0.002361457152372389, -1493.6057362195725, 0.002928218266017713
2021_8_20_18_23,0.04931706215791435,0.0038057872720745497,1.0084182149777032,-4.1367827454178,0.9082289226280876,0.0044885281068448675,0.002361457152372389, -1493.6057362196489, 0.002928218182922206
2021_8_20_18_23,0.04931706215791435,0.003805772370913356,1.0084182298788644,-4.1367827454178,0.9082289226280876,0.0044885281068448675,0.002361457152372389, -1493.605736219518, 0.0029282182857855144
2021_8_20_18_24,0.04931706215791435,0.003805772370913356,1.0084182149777032,-4.1367827305166385,0.9082289226280876,0.0044885281068448675,0.002361457152372389, -1493.6057362195313, 0.0029282183033488593
2021_8_20_18_24,0.04931706215791435,0.003805772370913356,1.0084182149777032,-4.1367827454178,0.9082289375292488,0.0044885281068448675,0.002361457152372389, -1493.6057362195288, 0.0029282183033488593
2021_8_20_18_25,0.04931706215791435,0.003805772370913356,1.0084182149777032,-4.1367827454178,0.9082289226280876,0.004488543008006061,0.002361457152372389, -1493.6057362178308, 0.0029282183033488593
2021_8_20_18_25,0.04931706215791435,0.003805772370913356,1.0084182149777032,-4.1367827454178,0.9082289226280876,0.0044885281068448675,0.002361472053533583, -1493.6057362155952, 0.0029282183033488593
2021_8_20_18_25,0.049313683504144445,0.003807604253832729,1.0084089282344653,-4.136772789307211,0.9082278468154911,0.004488513808420385,0.002361444542142873, -1493.6057362018048, 0.0029282229089352746
2021_8_20_18_26,0.049316196643179384,0.0038062416470710896,1.0084158359789481,-4.13678019494622,0.9082286470355831,0.0044885244439963135,0.002361453921991237, -1493.6057362205343, 0.0029282194831573754
2021_8_20_18_26,0.04931621154434058,0.0038062416470710896,1.0084158359789481,-4.13678019494622,0.9082286470355831,0.0044885244439963135,0.002361453921991237, -1493.6057362205395, 0.0029282194458261582
2021_8_20_18_26,0.049316196643179384,0.0038062565482322834,1.0084158359789481,-4.13678019494622,0.9082286470355831,0.0044885244439963135,0.002361453921991237, -1493.605736220538, 0.0029282193627305675
2021_8_20_18_27,0.049316196643179384,0.0038062416470710896,1.0084158508801093,-4.13678019494622,0.9082286470355831,0.0044885244439963135,0.002361453921991237, -1493.6057362205345, 0.0029282194655939602
2021_8_20_18_27,0.049316196643179384,0.0038062416470710896,1.0084158359789481,-4.136780180045059,0.9082286470355831,0.0044885244439963135,0.002361453921991237, -1493.6057362205338, 0.0029282194831573754
2021_8_20_18_27,0.049316196643179384,0.0038062416470710896,1.0084158359789481,-4.13678019494622,0.9082286619367443,0.0044885244439963135,0.002361453921991237, -1493.6057362205368, 0.0029282194831573754
2021_8_20_18_28,0.049316196643179384,0.0038062416470710896,1.0084158359789481,-4.13678019494622,0.9082286470355831,0.004488539345157507,0.002361453921991237, -1493.605736220298, 0.0029282194831573754
2021_8_20_18_28,0.049316196643179384,0.0038062416470710896,1.0084158359789481,-4.13678019494622,0.9082286470355831,0.0044885244439963135,0.002361468823152431, -1493.6057362200606, 0.0029282194831573754
2021_8_20_18_29,0.04931656608185766,0.0038061073461103105,1.0084160808456448,-4.13678198377605,0.9082287661507783,0.004488522663275275,0.0023614535305723906, -1493.6057362199285, 0.0029282193543865047
2021_8_20_18_29,0.049316245175602076,0.003806224004221599,1.008415868146598,-4.136780429941229,0.9082286626835089,0.00448852421006654,0.0023614538705713237, -1493.6057362204733, 0.0029282194662409427
2021_8_20_18_29,0.049316204349451734,0.0038062388456324707,1.0084158410867226,-4.136780232260152,0.9082286495202557,0.004488524406851525,0.0023614539138264714, -1493.6057362205322, 0.0029282194804712714
2021_8_20_18_30,0.049316199292339366,0.003806240684029719,1.0084158377348311,-4.1367802077735085,0.9082286478897309,0.004488524431227172,0.0023614539191844624, -1493.6057362205272, 0.0029282194822339764
2021_8_20_18_30,0.04931619690809538,0.0038062415507669526,1.0084158361545363,-4.1367801962289485,0.9082286471209979,0.004488524442719399,0.0023614539217105598, -1493.605736220538, 0.002928219483065033
2021_8_20_18_30,0.04931621180925658,0.0038062415507669526,1.0084158361545363,-4.1367801962289485,0.9082286471209979,0.004488524442719399,0.0023614539217105598, -1493.6057362205415, 0.002928219445733821
2021_8_20_18_31,0.04931619690809538,0.0038062564519281464,1.0084158361545363,-4.1367801962289485,0.9082286471209979,0.004488524442719399,0.0023614539217105598, -1493.6057362205408, 0.002928219362638228
2021_8_20_18_31,0.04931619690809538,0.0038062415507669526,1.0084158510556975,-4.1367801962289485,0.9082286471209979,0.004488524442719399,0.0023614539217105598, -1493.6057362205363, 0.0029282194655016213
2021_8_20_18_31,0.04931619690809538,0.0038062415507669526,1.0084158361545363,-4.136780181327787,0.9082286471209979,0.004488524442719399,0.0023614539217105598, -1493.6057362205383, 0.002928219483065033
2021_8_20_18_32,0.04931619690809538,0.0038062415507669526,1.0084158361545363,-4.1367801962289485,0.9082286620221591,0.004488524442719399,0.0023614539217105598, -1493.6057362205347, 0.002928219483065033
2021_8_20_18_32,0.04931619690809538,0.0038062415507669526,1.0084158361545363,-4.1367801962289485,0.9082286471209979,0.004488539343880593,0.0023614539217105598, -1493.605736220308, 0.002928219483065033
2021_8_20_18_33,0.04931619690809538,0.0038062415507669526,1.0084158361545363,-4.1367801962289485,0.9082286471209979,0.004488524442719399,0.0023614688228717536, -1493.6057362200706, 0.002928219483065033
2021_8_20_18_33,0.04931628409851128,0.0038062188100400646,1.0084157606967101,-4.1367797035905625,0.9082287262063957,0.004488523087634154,0.002361453318419022, -1493.6057362200859, 0.0029282195373539614
2021_8_20_18_33,0.04931620562713697,0.0038062392766942637,1.0084158286087537,-4.13678014696511,0.9082286550295378,0.004488524307210875,0.002361453861381406, -1493.605736220489, 0.002928219488493917
2021_8_20_18_34,0.04931619777999954,0.003806241323359684,1.0084158353999582,-4.136780191302565,0.9082286479118519,0.004488524429168547,0.0023614539156776443, -1493.6057362205256, 0.002928219483607915
2021_8_20_18_34,0.0493161969952858,0.0038062415280262257,1.0084158360790785,-4.13678019573631,0.9082286472000833,0.004488524441364314,0.002361453921107268, -1493.6057362205324, 0.002928219483119321
2021_8_20_18_34,0.04931619691681442,0.0038062415484928797,1.0084158361469906,-4.136780196179685,0.9082286471289065,0.00448852444258389,0.0023614539216502304, -1493.6057362205368, 0.0029282194830704588
2021_8_20_18_35,0.04931619690896729,0.0038062415505395455,1.0084158361537818,-4.136780196224022,0.9082286471217887,0.004488524442705848,0.002361453921704527, -1493.6057362205217, 0.0029282194830655742
2021_8_20_18_35,0.04931619690818257,0.0038062415507442117,1.0084158361544608,-4.136780196228456,0.908228647121077,0.004488524442718044,0.0023614539217099565, -1493.6057362205265, 0.002928219483065082
2021_8_20_18_36,0.049316196908104105,0.0038062415507646784,1.0084158361545288,-4.1367801962289,0.9082286471210058,0.004488524442719264,0.0023614539217104995, -1493.605736220531, 0.0029282194830650343
2021_8_20_18_36,0.04931619690809626,0.0038062415507667253,1.0084158361545357,-4.136780196228943,0.9082286471209987,0.004488524442719385,0.0023614539217105537, -1493.605736220538, 0.002928219483065028
2021_8_20_18_36,0.04931619690809582,0.003806241550766839,1.008415836154536,-4.136780196228946,0.9082286471209984,0.004488524442719392,0.0023614539217105567, -1493.6057362205374, 0.002928219483065031
2021_8_20_18_37,0.049316196908095425,0.0038062415507669413,1.0084158361545363,-4.1367801962289485,0.9082286471209979,0.004488524442719398,0.0023614539217105593, -1493.605736220538, 0.0029282194830650326

	end time: 2021-08-20 18:37:06.516051
