	start time: 2021-08-20 17:06:56.144701
2021_8_20_17_7,-0.98,0.18,1.56,-1.5,0.26,0.006,0.0026, -1830.0518624853564, 0.0016943335104195262
2021_8_20_17_7,-0.9799999850988388,0.18,1.56,-1.5,0.26,0.006,0.0026, -1830.0518655808567, 0.001694333423043275
2021_8_20_17_7,-0.98,0.1800000149011612,1.56,-1.5,0.26,0.006,0.0026, -1830.0518707047163, 0.0016943332334012286
2021_8_20_17_8,-0.98,0.18,1.5600000149011612,-1.5,0.26,0.006,0.0026, -1830.0518620712535, 0.001694333476661907
2021_8_20_17_8,-0.98,0.18,1.56,-1.4999999850988388,0.26,0.006,0.0026, -1830.051862480188, 0.0016943335104195262
2021_8_20_17_8,-0.98,0.18,1.56,-1.5,0.2600000149011612,0.006,0.0026, -1830.0518624864046, 0.0016943335104195262
2021_8_20_17_9,-0.98,0.18,1.56,-1.5,0.26,0.006000014901161194,0.0026, -1830.0515664204531, 0.0016943335104195262
2021_8_20_17_9,-0.98,0.18,1.56,-1.5,0.26,0.006,0.0026000149011611937, -1830.0515926050978, 0.0016943335104195262
2021_8_20_17_9,6.999990090412769,0.49997270544957245,0.00010129870563480026,-1.8468475341796875,0.330343017578125,0.0009937318342563232,0.0009067292014311532, 1407453530.5642242, 1.5708797984523537
2021_8_20_17_9,-0.18200099095872302,0.21199727054495723,1.4040101298705636,-1.5346847534179688,0.2670343017578125,0.005499373183425632,0.0024306729201431154, 155484.6645318937, 0.10521467186653576
2021_8_20_17_10,-0.9002000990958723,0.18319972705449572,1.5444010129870565,-1.5034684753417968,0.26070343017578124,0.005949937318342563,0.0025830672920143113, 2833.5792615374685, 0.020855748242899312
2021_8_20_17_10,-0.9720200099095873,0.18031997270544955,1.5584401012987057,-1.5003468475341797,0.26007034301757814,0.005994993731834256,0.002598306729201431, -1833.2429885030567, 0.0016464240682685133
2021_8_20_17_10,-0.9720199950084261,0.18031997270544955,1.5584401012987057,-1.5003468475341797,0.26007034301757814,0.005994993731834256,0.002598306729201431, -1833.2429913034132, 0.0016464239856628256
2021_8_20_17_11,-0.9720200099095873,0.18031998760661075,1.5584401012987057,-1.5003468475341797,0.26007034301757814,0.005994993731834256,0.002598306729201431, -1833.2429956709502, 0.0016464238072994002
2021_8_20_17_11,-0.9720200099095873,0.18031997270544955,1.5584401161998669,-1.5003468475341797,0.26007034301757814,0.005994993731834256,0.002598306729201431, -1833.2429879705774, 0.0016464240369021784
2021_8_20_17_11,-0.9720200099095873,0.18031997270544955,1.5584401012987057,-1.5003468326330185,0.26007034301757814,0.005994993731834256,0.002598306729201431, -1833.2429884975538, 0.0016464240682685133
2021_8_20_17_12,-0.9720200099095873,0.18031997270544955,1.5584401012987057,-1.5003468475341797,0.26007035791873934,0.005994993731834256,0.002598306729201431, -1833.2429885017928, 0.0016464240682685133
2021_8_20_17_12,-0.9720200099095873,0.18031997270544955,1.5584401012987057,-1.5003468475341797,0.26007034301757814,0.00599500863299545,0.002598306729201431, -1833.2426901879346, 0.0016464240682685133
2021_8_20_17_12,-0.9720200099095873,0.18031997270544955,1.5584401012987057,-1.5003468475341797,0.26007034301757814,0.005994993731834256,0.0025983216303626247, -1833.2426894478585, 0.0016464240682685133
2021_8_20_17_12,7.0,-1.7738840627227592,9.999999999998899e-05,-2.374128833515657,0.0015689445896686083,9.999999999999593e-06,1.0000000000000026e-05, 797226124821.8398, 0.6261887890177664
2021_8_20_17_13,-0.17481800891862842,-0.015100430837371337,1.4026060911688352,-1.5877250461323276,0.2342202031747872,0.00539649435865083,0.002339476056281288, -1863.5332029917206, 0.0015194021386360154
2021_8_20_17_13,-0.17481799401746723,-0.015100430837371337,1.4026060911688352,-1.5877250461323276,0.2342202031747872,0.00539649435865083,0.002339476056281288, -1863.5332025947073, 0.0015194021511312269
2021_8_20_17_13,-0.17481800891862842,-0.015100415936210143,1.4026060911688352,-1.5877250461323276,0.2342202031747872,0.00539649435865083,0.002339476056281288, -1863.5332016311484, 0.00151940214396754
2021_8_20_17_14,-0.17481800891862842,-0.015100430837371337,1.4026061060699964,-1.5877250461323276,0.2342202031747872,0.00539649435865083,0.002339476056281288, -1863.5332006249632, 0.001519402142564433
2021_8_20_17_14,-0.17481800891862842,-0.015100430837371337,1.4026060911688352,-1.5877250312311664,0.2342202031747872,0.00539649435865083,0.002339476056281288, -1863.533203015229, 0.0015194021386360154
2021_8_20_17_14,-0.17481800891862842,-0.015100430837371337,1.4026060911688352,-1.5877250461323276,0.2342202180759484,0.00539649435865083,0.002339476056281288, -1863.533203171256, 0.0015194021386360154
2021_8_20_17_15,-0.17481800891862842,-0.015100430837371337,1.4026060911688352,-1.5877250461323276,0.2342202031747872,0.005396509259812024,0.002339476056281288, -1863.5328916019785, 0.0015194021386360154
2021_8_20_17_15,-0.17481800891862842,-0.015100430837371337,1.4026060911688352,-1.5877250461323276,0.2342202031747872,0.00539649435865083,0.0023394909574424817, -1863.5326778273084, 0.0015194021386360154
2021_8_20_17_15,3.964425690933222,-1.059962400962112,9.999999999998899e-05,0.05663752701764779,9.98688128313039,0.0017657643432822832,0.002809365097332672, 836336298441.498, 0.05059701252357314
2021_8_20_17_15,0.2391063610665567,-0.1195866278498454,1.2623554820519516,-1.42328878881733,1.2094863111703476,0.005033421357113975,0.0023864649603864262, -1766.407338198819, 0.0019148865933418325
2021_8_20_17_16,-0.11581797284733815,-0.029993705647232263,1.3826150213093515,-1.5642865974288602,0.37323288211636385,0.005344742585282298,0.002346173770255589, -1862.828878521907, 0.0015607058938891924
2021_8_20_17_16,-0.14865592175877917,-0.021704480251855833,1.3937415523158336,-1.5773318535395155,0.2958618912984896,0.005373546331908807,0.002342445989664984, -1863.8058533422843, 0.0015371199969915056
2021_8_20_17_16,-0.14865590685761798,-0.021704480251855833,1.3937415523158336,-1.5773318535395155,0.2958618912984896,0.005373546331908807,0.002342445989664984, -1863.8058527613307, 0.001537120011702165
2021_8_20_17_17,-0.14865592175877917,-0.02170446535069464,1.3937415523158336,-1.5773318535395155,0.2958618912984896,0.005373546331908807,0.002342445989664984, -1863.8058514260172, 0.0015371200083842055
2021_8_20_17_17,-0.14865592175877917,-0.021704480251855833,1.3937415672169948,-1.5773318535395155,0.2958618912984896,0.005373546331908807,0.002342445989664984, -1863.8058508997726, 0.0015371200013326633
2021_8_20_17_17,-0.14865592175877917,-0.021704480251855833,1.3937415523158336,-1.5773318386383544,0.2958618912984896,0.005373546331908807,0.002342445989664984, -1863.8058533369906, 0.0015371199969915056
2021_8_20_17_18,-0.14865592175877917,-0.021704480251855833,1.3937415523158336,-1.5773318535395155,0.2958619061996508,0.005373546331908807,0.002342445989664984, -1863.8058533582898, 0.0015371199969915056
2021_8_20_17_18,-0.14865592175877917,-0.021704480251855833,1.3937415523158336,-1.5773318535395155,0.2958618912984896,0.005373561233070001,0.002342445989664984, -1863.8055432231938, 0.0015371199969915056
2021_8_20_17_18,-0.14865592175877917,-0.021704480251855833,1.3937415523158336,-1.5773318535395155,0.2958618912984896,0.005373546331908807,0.0023424608908261778, -1863.8053284009736, 0.0015371199969915056
2021_8_20_17_18,1.4777243536786426,-0.35562220407967543,9.999999999998899e-05,-2.135978749786301,0.3612926310616735,0.0024702588373516554,0.003793820945070473, 1753465485.1155906, 0.010449992307837401
2021_8_20_17_19,0.013982105784963006,-0.05509625263463779,1.2543773970842502,-1.6331965431641942,0.302404965274808,0.005083217582453092,0.0024875834852055327, -1862.3925282942648, 0.0016639665565914858
2021_8_20_17_19,-0.07229793509517198,-0.03738180091779242,1.3283105675254159,-1.6035601304668194,0.29893384170866255,0.005237237996682355,0.0024105875375935205, -1863.6900099709403, 0.0015883097489024043
2021_8_20_17_19,-0.11090512190793134,-0.02945522670965111,1.3613929779388172,-1.5902989114201442,0.2973806398951107,0.005306156541973597,0.0023761346455577824, -1863.6828156787194, 0.0015606839982213307
2021_8_20_17_20,-0.13022952510696714,-0.02548766707553198,1.3779520150094298,-1.5836611539214809,0.2966032017916789,0.005340652962641544,0.0023588896289679843, -1863.8775459047995, 0.0015482201401155048
2021_8_20_17_20,-0.13916668984997116,-0.02365274706726054,1.3856102511143853,-1.5805913187664877,0.2962436516241371,0.005356606893605311,0.002350914140531345, -1863.7609098298294, 0.0015427415506781559
2021_8_20_17_20,-0.14407356958398476,-0.022645298725304963,1.389814945178139,-1.578905850014153,0.2960462434436677,0.005365366273428228,0.002346535261579915, -1863.7457879738793, 0.0015398078977999457
2021_8_20_17_21,-0.14656924334802185,-0.022132903367780142,1.3919534823401511,-1.5780486086768226,0.29594584024580883,0.005369821356005809,0.002344308132751135, -1863.6303077065888, 0.0015383371556243095
2021_8_20_17_21,-0.14801543263010594,-0.021835981276070792,1.3931927186408277,-1.577551855754998,0.2958876587516076,0.005372402980562408,0.0023430175594845427, -1863.733095758542, 0.0015374924776057528
2021_8_20_17_21,-0.1484827515327192,-0.021740034426112612,1.393593163143691,-1.5773913359439518,0.2958688580922753,0.0053732372018982285,0.002342600526050429, -1863.7365469971153, 0.001537220578342503
2021_8_20_17_21,-0.14863423342469295,-0.02170893315826466,1.393722967631772,-1.5773393032858665,0.2958627638396566,0.005373507615582692,0.0023424653442436104, -1863.8087542000133, 0.001537132589903134
2021_8_20_17_22,-0.14863421852353176,-0.02170893315826466,1.393722967631772,-1.5773393032858665,0.2958627638396566,0.005373507615582692,0.0023424653442436104, -1863.808753618821, 0.0015371326046152353
2021_8_20_17_23,-0.14863423342469295,-0.021708918257103468,1.393722967631772,-1.5773393032858665,0.2958627638396566,0.005373507615582692,0.0023424653442436104, -1863.8087522829815, 0.001537132601299196
2021_8_20_17_23,-0.14863423342469295,-0.02170893315826466,1.3937229825329331,-1.5773393032858665,0.2958627638396566,0.005373507615582692,0.0023424653442436104, -1863.8087517574293, 0.0015371325942442093
2021_8_20_17_24,-0.14863423342469295,-0.02170893315826466,1.393722967631772,-1.5773392883847053,0.2958627638396566,0.005373507615582692,0.0023424653442436104, -1863.8087541947204, 0.001537132589903134
2021_8_20_17_25,-0.14863423342469295,-0.02170893315826466,1.393722967631772,-1.5773393032858665,0.2958627787408178,0.005373507615582692,0.0023424653442436104, -1863.8087542160183, 0.001537132589903134
2021_8_20_17_25,-0.14863423342469295,-0.02170893315826466,1.393722967631772,-1.5773393032858665,0.2958627638396566,0.005373522516743886,0.0023424653442436104, -1863.8084440812154, 0.001537132589903134
2021_8_20_17_25,-0.14863423342469295,-0.02170893315826466,1.393722967631772,-1.5773393032858665,0.2958627638396566,0.005373507615582692,0.002342480245404804, -1863.8082292563704, 0.001537132589903134
2021_8_20_17_26,-6.99999283017999,-1.9999734465845185,0.0001340692677849198,-1.9325333950827415,1.369944184738094,0.004372640055658902,0.007394720679856764, 5028569.595000522, 1.479902726301427
2021_8_20_17_26,-0.8337700931002227,-0.21953538450089005,1.2543640777953733,-1.612858712465554,0.4032709059295003,0.005273420859590313,0.002847690877804926, -321.4008552293621, 0.01214137520814793
2021_8_20_17_26,-0.21714781939224592,-0.0414915782925272,1.379787078648132,-1.5808912442038352,0.30660357804864097,0.005363498939983454,0.002392987897599742, -1806.121313873143, 0.001986607851033548
2021_8_20_17_27,-0.15548559202144824,-0.023687197671690915,1.392329378733408,-1.5776944973776634,0.296936845260555,0.005372506748022768,0.0023475175995792234, -1860.8221312044536, 0.0015346159092735003
2021_8_20_17_27,-0.14931936928436848,-0.021906759609607286,1.3935836087419355,-1.5773748226950461,0.29597017198174647,0.0053734075288267,0.002342970569777172, -1863.356518912342, 0.00153632931786321
2021_8_20_17_27,-0.1487027470106605,-0.021728715803398923,1.3937090317427883,-1.5773428552267845,0.2958735046538656,0.005373497606907093,0.0023425158667969665, -1863.7221899188098, 0.0015370464201121211
2021_8_20_17_28,-0.14864108478328972,-0.021710911422778086,1.3937215740428737,-1.5773396584799582,0.2958638379210775,0.005373506614715132,0.002342470396498946, -1863.8093481281844, 0.00153712391279031
2021_8_20_17_28,-0.14864106988212852,-0.021710911422778086,1.3937215740428737,-1.5773396584799582,0.2958638379210775,0.005373506614715132,0.002342470396498946, -1863.809347547805, 0.0015371239274887666
2021_8_20_17_28,-0.14864108478328972,-0.021710896521616892,1.3937215740428737,-1.5773396584799582,0.2958638379210775,0.005373506614715132,0.002342470396498946, -1863.809346213709, 0.0015371239241435304
2021_8_20_17_28,-0.14864108478328972,-0.021710911422778086,1.3937215889440349,-1.5773396584799582,0.2958638379210775,0.005373506614715132,0.002342470396498946, -1863.8093456858155, 0.0015371239171265668
2021_8_20_17_29,-0.14864108478328972,-0.021710911422778086,1.3937215740428737,-1.577339643578797,0.2958638379210775,0.005373506614715132,0.002342470396498946, -1863.8093481228916, 0.00153712391279031
2021_8_20_17_29,-0.14864108478328972,-0.021710911422778086,1.3937215740428737,-1.5773396584799582,0.2958638528222387,0.005373506614715132,0.002342470396498946, -1863.8093481441927, 0.00153712391279031
2021_8_20_17_29,-0.14864108478328972,-0.021710911422778086,1.3937215740428737,-1.5773396584799582,0.2958638379210775,0.005373521515876326,0.002342470396498946, -1863.8090380052583, 0.00153712391279031
2021_8_20_17_30,-0.14864108478328972,-0.021710911422778086,1.3937215740428737,-1.5773396584799582,0.2958638379210775,0.005373506614715132,0.0023424852976601396, -1863.8088232212062, 0.00153712391279031
2021_8_20_17_30,4.003143737036463,-1.2926098472628564,9.999999999998899e-05,-1.7811730526805316,1.0698063430044296,0.004254489570582978,0.0068487347993614455, 2343536598.7467885, 0.028438723499738864
2021_8_20_17_30,0.26653739739868554,-0.14880080500678594,1.2543594166385863,-1.5977229979000156,0.3732580884294127,0.005261604910301917,0.002793096836785196, -1822.3478586245596, 0.0019109234102952393
2021_8_20_17_30,-0.10712323656509219,-0.034419900781178875,1.3797853583024449,-1.579377992421964,0.30360326297191104,0.00536231644427381,0.0023875330405275707, -1859.6015163062225, 0.0015657641824505246
2021_8_20_17_31,-0.14448929996146997,-0.022981810358618165,1.3923279524688308,-1.5775434918741587,0.29663778042616085,0.005372387597671,0.0023469766609018083, -1863.2657255278148, 0.0015398625959422783
2021_8_20_17_31,-0.14822590630110774,-0.021838001316362095,1.3935822118854695,-1.5773600418193783,0.29594123217158586,0.005373394713010719,0.002342921022939232, -1863.7263999146226, 0.0015373962958191193
2021_8_20_17_31,-0.1485995669350715,-0.021723620412136487,1.3937076378271331,-1.5773416968139002,0.29587157734612834,0.005373495424544691,0.0023425154591429744, -1863.8103027148022, 0.0015371511286477336
2021_8_20_17_32,-0.14859955203391031,-0.021723620412136487,1.3937076378271331,-1.5773416968139002,0.29587157734612834,0.005373495424544691,0.0023425154591429744, -1863.8103021344614, 0.0015371511433429023
2021_8_20_17_32,-0.1485995669350715,-0.021723605510975293,1.3937076378271331,-1.5773416968139002,0.29587157734612834,0.005373495424544691,0.0023425154591429744, -1863.810300800472, 0.0015371511399890096
2021_8_20_17_32,-0.1485995669350715,-0.021723620412136487,1.3937076527282943,-1.5773416968139002,0.29587157734612834,0.005373495424544691,0.0023425154591429744, -1863.8103002723449, 0.0015371511329826692
2021_8_20_17_33,-0.1485995669350715,-0.021723620412136487,1.3937076378271331,-1.577341681912739,0.29587157734612834,0.005373495424544691,0.0023425154591429744, -1863.8103027095085, 0.0015371511286477336
2021_8_20_17_33,-0.1485995669350715,-0.021723620412136487,1.3937076378271331,-1.5773416968139002,0.29587159224728954,0.005373495424544691,0.0023425154591429744, -1863.810302730798, 0.0015371511286477336
2021_8_20_17_33,-0.1485995669350715,-0.021723620412136487,1.3937076378271331,-1.5773416968139002,0.29587157734612834,0.005373510325705885,0.0023425154591429744, -1863.8099925929603, 0.0015371511286477336
2021_8_20_17_33,-0.1485995669350715,-0.021723620412136487,1.3937076378271331,-1.5773416968139002,0.29587157734612834,0.005373495424544691,0.0023425303603041682, -1863.8097778267122, 0.0015371511286477336
2021_8_20_17_34,2.687389613013195,-0.7873939231466559,9.999999999998899e-05,-1.8337203895512848,0.4820484064177265,9.999999999999593e-06,0.0017534608451505109, 813416400.8211118, 0.01763081897064174
2021_8_20_17_34,0.13499935105975516,-0.09829065068558844,1.25434687404442,-1.6029795660876387,0.31448926025328816,0.004837145882090221,0.002283609997743728, -1861.018128730404, 0.0017711949270498547
2021_8_20_17_34,-0.017304214133687434,-0.05717120012712859,1.3291889831831283,-1.5892110407280848,0.30449084593474984,0.005125186288179421,0.002315244504123028, -1863.6693786285941, 0.00163258750827657
2021_8_20_17_35,-0.08351950787398707,-0.03929416295002794,1.361727238177152,-1.5832250551085383,0.30014394873507916,0.005250414348822959,0.0023289978796896095, -1863.8530599016658, 0.0015815804316270787
2021_8_20_17_35,-0.11588488453056833,-0.030556045076385922,1.3776316134225421,-1.580299164905629,0.2980192286408579,0.005311624578692174,0.0023357203928035387, -1863.7837662606685, 0.001558772363055726
2021_8_20_17_35,-0.13234933611258798,-0.0261109147083664,1.385722259761946,-1.578810747882362,0.2969383714184057,0.005342762571513927,0.002339140173541708, -1863.8222514584359, 0.001547713202158845
2021_8_20_17_36,-0.1404256125238563,-0.02393045328471024,1.389690949265956,-1.5780806374844991,0.29640818056168916,0.005358036632460798,0.002340817672143456, -1863.7404422054867, 0.00154241822109557
2021_8_20_17_36,-0.14477799721417578,-0.022755381205092927,1.3918297150236243,-1.5776871738193048,0.29612245550100386,0.005366267973940322,0.0023417216926178044, -1863.6692548431554, 0.0015396007577949
2021_8_20_17_36,-0.14712963507088678,-0.022120477770904676,1.3929853119848847,-1.5774745813863864,0.2959680753353873,0.0053707154517282606,0.0023422101441040546, -1863.619329873866, 0.0015380905419450643
2021_8_20_17_36,-0.14824204348505074,-0.021820145846770583,1.393531950481718,-1.5773740175982627,0.29589504802179745,0.005372819267032557,0.00234244119904377, -1863.7618050137205, 0.0015373793150023976
2021_8_20_17_37,-0.14851453426917754,-0.021746577829427672,1.3936658526985113,-1.5773493839249357,0.29587715956492366,0.005373334608587534,0.0023424977972687547, -1863.7580086341286, 0.0015372053650652545
2021_8_20_17_37,-0.14851451936801635,-0.021746577829427672,1.3936658526985113,-1.5773493839249357,0.29587715956492366,0.005373334608587534,0.0023424977972687547, -1863.7580080541825, 0.001537205379754394
2021_8_20_17_37,-0.14851453426917754,-0.021746562928266478,1.3936658526985113,-1.5773493839249357,0.29587715956492366,0.005373334608587534,0.0023424977972687547, -1863.7580067224685, 0.0015372053763793453
2021_8_20_17_38,-0.14851453426917754,-0.021746577829427672,1.3936658675996725,-1.5773493839249357,0.29587715956492366,0.005373334608587534,0.0023424977972687547, -1863.7580061923666, 0.0015372053693940189
2021_8_20_17_38,-0.14851453426917754,-0.021746577829427672,1.3936658526985113,-1.5773493690237745,0.29587715956492366,0.005373334608587534,0.0023424977972687547, -1863.7580086288342, 0.0015372053650652545
2021_8_20_17_38,-0.14851453426917754,-0.021746577829427672,1.3936658526985113,-1.5773493839249357,0.29587717446608486,0.005373334608587534,0.0023424977972687547, -1863.7580086501312, 0.0015372053650652545
2021_8_20_17_39,-0.14851453426917754,-0.021746577829427672,1.3936658526985113,-1.5773493839249357,0.29587715956492366,0.005373349509748728,0.0023424977972687547, -1863.7576985112726, 0.0015372053650652545
2021_8_20_17_39,-0.14851453426917754,-0.021746577829427672,1.3936658526985113,-1.5773493839249357,0.29587715956492366,0.005373334608587534,0.0023425126984299486, -1863.7574837720817, 0.0015372053650652545
2021_8_20_17_39,-7.0,0.5,9.999999999998899e-05,-7.0,9.999999999998899e-05,9.999999999999593e-06,1.0000000000000026e-05, 29994792576.42903, 0.021359888870811163
2021_8_20_17_40,-0.8336630808422598,0.0304280799535151,1.2543092674286602,-2.1196144455324424,0.2662994436084313,0.004837001147728781,0.002109248017541879, -1191.9761352370333, 0.005928222711847197
2021_8_20_17_40,-0.21702938892648577,-0.016529112051133395,1.379730194171526,-1.6315758900856863,0.2929193879692744,0.005319701262501659,0.002319172819296067, -1852.6761994179935, 0.0015777091027733155
2021_8_20_17_41,-0.16084864405011925,-0.02080732464105469,1.3911571420984339,-1.587111291519558,0.29534469868837127,0.00536367948223791,0.002338298812385956, -1862.7059534509135, 0.0015285272736317696
2021_8_20_17_41,-0.15169777159590841,-0.0215041715381281,1.39301839444121,-1.579868776826993,0.2957397398915651,0.005370842774224432,0.0023414141061349238, -1863.367338930911, 0.0015343032464847296
2021_8_20_17_42,-0.14919219557017951,-0.021694973331907588,1.39352801899026,-1.5778857231596533,0.2958479050717543,0.0053728041361335325,0.002342267096422962, -1863.6087743215444, 0.001536547547783505
2021_8_20_17_42,-0.1486136054321201,-0.021739033474194723,1.393645702004132,-1.577427794410582,0.2958728826840463,0.005373257055799955,0.0023424640697989247, -1863.7372954118755, 0.0015371078292654447
2021_8_20_17_42,-0.14852955601203088,-0.02174543391064306,1.3936627973336575,-1.577361272976375,0.29587651107950325,0.005373322849585238,0.002342492683314665, -1863.7296672541868, 0.0015371905463652845
2021_8_20_17_42,-0.14851603644346287,-0.02174646343754921,1.3936655471620258,-1.5773505728300796,0.29587709471638163,0.0053733334326873045,0.0023424972858733456, -1863.7581453244673, 0.0015372038824129333
2021_8_20_17_43,-0.14851602154230167,-0.02174646343754921,1.3936655471620258,-1.5773505728300796,0.29587709471638163,0.0053733334326873045,0.0023424972858733456, -1863.7581447445905, 0.0015372038971009103
2021_8_20_17_43,-0.14851603644346287,-0.021746448536388015,1.3936655471620258,-1.5773505728300796,0.29587709471638163,0.0053733334326873045,0.0023424972858733456, -1863.7581434130414, 0.0015372038937231595
2021_8_20_17_43,-0.14851603644346287,-0.02174646343754921,1.393665562063187,-1.5773505728300796,0.29587709471638163,0.0053733334326873045,0.0023424972858733456, -1863.758142882733, 0.0015372038867412334
2021_8_20_17_44,-0.14851603644346287,-0.02174646343754921,1.3936655471620258,-1.5773505579289184,0.29587709471638163,0.0053733334326873045,0.0023424972858733456, -1863.758145319174, 0.0015372038824129333
2021_8_20_17_44,-0.14851603644346287,-0.02174646343754921,1.3936655471620258,-1.5773505728300796,0.2958771096175428,0.0053733334326873045,0.0023424972858733456, -1863.7581453404816, 0.0015372038824129333
2021_8_20_17_44,-0.14851603644346287,-0.02174646343754921,1.3936655471620258,-1.5773505728300796,0.29587709471638163,0.005373348333848498,0.0023424972858733456, -1863.7578352011412, 0.0015372038824129333
2021_8_20_17_45,-0.14851603644346287,-0.02174646343754921,1.3936655471620258,-1.5773505728300796,0.29587709471638163,0.0053733334326873045,0.0023425121870345395, -1863.7576204654551, 0.0015372038824129333
2021_8_20_17_45,-7.0,-2.0,9.999999999998899e-05,-1.9325751822050796,1.3705841259663816,9.999999999999593e-06,1.0000000000000026e-05, 2288157659146.2437, 1.4799229532751363
2021_8_20_17_45,-0.8336644327991166,-0.2195718170937943,1.2543089924458233,-1.6128730337675796,0.40334779784138164,0.004837000089418574,0.002109247557286011, 337.6031899072357, 0.012141641289220684
2021_8_20_17_45,-0.21703087607902824,-0.04152899880317372,1.3797298916904055,-1.5809028189238297,0.3066241650288816,0.005319700098360431,0.002319172313014612, -1806.1373342171962, 0.001986813790551811
2021_8_20_17_46,-0.1553675204070194,-0.02372471697411166,1.3922719816148639,-1.5777057974394546,0.29695180174763164,0.005367970099254617,0.0023401647885874723, -1861.1651018961613, 0.0015347062601437649
2021_8_20_17_46,-0.14943018543706807,-0.022010408954923774,1.3934796127645672,-1.5773979681419408,0.2960204858935723,0.005372617837951049,0.002342186075913896, -1863.322635655219, 0.0015361645582153995
2021_8_20_17_46,-0.14861855396275747,-0.021776063688558025,1.3936446954919892,-1.5773558879918663,0.2958931753639316,0.005373253182096105,0.0023424623851369822, -1863.7177657163581, 0.001537075816509055
2021_8_20_17_47,-0.1485293180647849,-0.021750298287705958,1.3936628457312141,-1.5773512614340042,0.29587917803904534,0.005373323035850057,0.0023424927643206643, -1863.730263351329, 0.001537187128158475
2021_8_20_17_47,-0.14851736460559506,-0.021746846922564882,1.3936652770189446,-1.5773506416904721,0.295877303048648,0.00537333239300358,0.0023424968337180775, -1863.728621082479, 0.0015372022043834647
2021_8_20_17_47,-0.1485161692596761,-0.021746501786050778,1.3936655201477177,-1.577350579716119,0.29587711554960827,0.005373333328718932,0.002342497240657819, -1863.7581636197422, 0.001537203714546202
2021_8_20_17_47,-0.1485161543585149,-0.021746501786050778,1.3936655201477177,-1.577350579716119,0.29587711554960827,0.005373333328718932,0.002342497240657819, -1863.7581630398831, 0.001537203729233873
2021_8_20_17_48,-0.1485161692596761,-0.021746486884889584,1.3936655201477177,-1.577350579716119,0.29587711554960827,0.005373333328718932,0.002342497240657819, -1863.758161708361, 0.0015372037258556328
2021_8_20_17_48,-0.1485161692596761,-0.021746501786050778,1.393665535048879,-1.577350579716119,0.29587711554960827,0.005373333328718932,0.002342497240657819, -1863.758161178005, 0.0015372037188744175
2021_8_20_17_48,-0.1485161692596761,-0.021746501786050778,1.3936655201477177,-1.5773505648149577,0.29587711554960827,0.005373333328718932,0.002342497240657819, -1863.75816361445, 0.001537203714546202
2021_8_20_17_49,-0.1485161692596761,-0.021746501786050778,1.3936655201477177,-1.577350579716119,0.29587713045076947,0.005373333328718932,0.002342497240657819, -1863.758163635743, 0.001537203714546202
2021_8_20_17_49,-0.1485161692596761,-0.021746501786050778,1.3936655201477177,-1.577350579716119,0.29587711554960827,0.005373348229880126,0.002342497240657819, -1863.7578534963354, 0.001537203714546202
2021_8_20_17_49,-0.1485161692596761,-0.021746501786050778,1.3936655201477177,-1.577350579716119,0.29587711554960827,0.005373333328718932,0.002342512141819013, -1863.757638761459, 0.001537203714546202
2021_8_20_17_50,4.141876785155533,-2.0,9.999999999998899e-05,0.7988852752797182,0.02467828911957365,0.004839916198592038,0.007478237707495097, 556539374.5920277, 0.7168460775423514
2021_8_20_17_50,0.2805231261818449,-0.21957185160744572,1.254308968132946,-1.339726994216535,0.2687572329066048,0.0053199916157062425,0.0028560712873415468, -1726.8119644874912, 0.002886999496336891
2021_8_20_17_50,-0.105612239715524,-0.041529036768190274,1.3797298649462406,-1.5535882211661605,0.2931651272853079,0.005367999157417663,0.0023938546453261917, -1853.6298580761568, 0.0015815663859041474
2021_8_20_17_50,-0.14422577630526087,-0.023724755284264726,1.39227195462757,-1.574974343861123,0.29560591672317826,0.0053727999115888055,0.0023476329811246564, -1862.7524897566097, 0.0015397572549689965
2021_8_20_17_51,-0.14808712996423457,-0.021944327135872174,1.393526163595703,-1.5771129561306194,0.2958499956669653,0.00537327998700592,0.0023430108147045026, -1863.5578686796086, 0.0015374384264813144
2021_8_20_17_51,-0.14847326533013194,-0.021766284321032916,1.3936515844925161,-1.577326817357569,0.295874403561344,0.0053733279945476315,0.0023425485980624874, -1863.729892149326, 0.001537226979469101
2021_8_20_17_51,-0.14851187886672168,-0.021748480039548993,1.3936641265821976,-1.577348203480264,0.2958768443507818,0.0053733327953018025,0.002342502376398286, -1863.7286003551162, 0.0015372060386775748
2021_8_20_17_52,-0.14851574022038064,-0.021746699611400598,1.3936653807911656,-1.5773503420925334,0.29587708842972565,0.005373333275377219,0.0023424977542318656, -1863.7581780417067, 0.001537203946821911
2021_8_20_17_52,-0.14851572531921944,-0.021746699611400598,1.3936653807911656,-1.5773503420925334,0.29587708842972565,0.005373333275377219,0.0023424977542318656, -1863.7581774618675, 0.0015372039615092952
2021_8_20_17_52,-0.14851574022038064,-0.021746684710239404,1.3936653807911656,-1.5773503420925334,0.29587708842972565,0.005373333275377219,0.0023424977542318656, -1863.7581761303704, 0.0015372039581305387
2021_8_20_17_53,-0.14851574022038064,-0.021746699611400598,1.3936653956923268,-1.5773503420925334,0.29587708842972565,0.005373333275377219,0.0023424977542318656, -1863.7581755999756, 0.001537203951150048
2021_8_20_17_53,-0.14851574022038064,-0.021746699611400598,1.3936653807911656,-1.5773503271913722,0.29587708842972565,0.005373333275377219,0.0023424977542318656, -1863.7581780364142, 0.001537203946821911
2021_8_20_17_53,-0.14851574022038064,-0.021746699611400598,1.3936653807911656,-1.5773503420925334,0.29587710333088685,0.005373333275377219,0.0023424977542318656, -1863.758178057711, 0.001537203946821911
2021_8_20_17_53,-0.14851574022038064,-0.021746699611400598,1.3936653807911656,-1.5773503420925334,0.29587708842972565,0.005373348176538413,0.0023424977542318656, -1863.757867918261, 0.001537203946821911
2021_8_20_17_54,-0.14851574022038064,-0.021746699611400598,1.3936653807911656,-1.5773503420925334,0.29587708842972565,0.005373333275377219,0.0023425126553930594, -1863.7576531842283, 0.001537203946821911
2021_8_20_17_54,4.7213399102920794,-1.7817715644593561,0.153805552222541,-0.11210158046177532,0.5079986810794386,9.999999999999593e-06,1.0000000000000026e-05, 7599909828.889211, 0.06126208755051455
2021_8_20_17_54,0.3384698248308654,-0.19774918609619616,1.2696793979343033,-1.4308254659294577,0.31708924769469693,0.004836999947839498,0.002109247978808679, -1797.9074335581697, 0.0021625579388490908
2021_8_20_17_55,-0.05193473673244327,-0.056652245034055825,1.3690759647958601,-1.5482909189979568,0.3000839721137242,0.00526696541830908,0.0022962386882750814, -1855.6284325084523, 0.0016195735697481551
2021_8_20_17_55,-0.1237119882801244,-0.030711076235536837,1.3873503731532557,-1.569887355625895,0.2969574923970798,0.0053460160820798415,0.002330617587785642, -1861.9491876247703, 0.001554521276820204
2021_8_20_17_55,-0.1417031156680555,-0.02420886470775293,1.3919308941624584,-1.575300550393328,0.29617383331784397,0.005365830306382585,0.0023392347352413434, -1863.2015623739228, 0.001541670041315944
2021_8_20_17_55,-0.14674078431514279,-0.02238819019170118,1.3932134789931825,-1.5768162909565773,0.2959544021122087,0.005371378457667605,0.002341647609800502, -1863.523818380412, 0.0015383438558914128
2021_8_20_17_56,-0.14815865004060022,-0.021875756331046985,1.3935744660288278,-1.5772429003157615,0.2958926425945902,0.005372940000138491,0.0023423267199955, -1863.6942783042407, 0.0015374319470912463
2021_8_20_17_56,-0.14845648176605467,-0.021768116335129404,1.3936502936546478,-1.5773325123285633,0.29587966961459267,0.005373268012079343,0.0023424693714169417, -1863.7337332701504, 0.0015372417416258982
2021_8_20_17_56,-0.14850981437494803,-0.02174884128377348,1.3936638720775139,-1.5773485591161365,0.29587734654821235,0.005373326749047432,0.0023424949159503734, -1863.7289973574732, 0.001537207725285846
2021_8_20_17_57,-0.14851514763583737,-0.021746913778637886,1.3936652299198005,-1.5773501637948937,0.2958771142415743,0.0053733326227442405,0.0023424974704037162, -1863.7582307194807, 0.0015372043245533381
2021_8_20_17_57,-0.14851513273467618,-0.021746913778637886,1.3936652299198005,-1.5773501637948937,0.2958771142415743,0.0053733326227442405,0.0023424974704037162, -1863.758230139651, 0.0015372043392405585
2021_8_20_17_57,-0.14851514763583737,-0.021746898877476693,1.3936652299198005,-1.5773501637948937,0.2958771142415743,0.0053733326227442405,0.0023424974704037162, -1863.7582288081865, 0.0015372043358613825
2021_8_20_17_58,-0.14851514763583737,-0.021746913778637886,1.3936652448209617,-1.5773501637948937,0.2958771142415743,0.0053733326227442405,0.0023424974704037162, -1863.758228277767, 0.0015372043288811956
2021_8_20_17_58,-0.14851514763583737,-0.021746913778637886,1.3936652299198005,-1.5773501488937325,0.2958771142415743,0.0053733326227442405,0.0023424974704037162, -1863.7582307141877, 0.0015372043245533381
2021_8_20_17_58,-0.14851514763583737,-0.021746913778637886,1.3936652299198005,-1.5773501637948937,0.2958771291427355,0.0053733326227442405,0.0023424974704037162, -1863.7582307354805, 0.0015372043245533381
2021_8_20_17_58,-0.14851514763583737,-0.021746913778637886,1.3936652299198005,-1.5773501637948937,0.2958771142415743,0.005373347523905434,0.0023424974704037162, -1863.757920596, 0.0015372043245533381
2021_8_20_17_59,-0.14851514763583737,-0.021746913778637886,1.3936652299198005,-1.5773501637948937,0.2958771142415743,0.0053733326227442405,0.00234251237156491, -1863.7577058625914, 0.0015372043245533381
2021_8_20_17_59,-7.0,-2.0,9.999999999998899e-05,-1.9325595143808312,1.3696075829915744,9.999999999999593e-06,1.0000000000000026e-05, 2288157627614.223, 1.4799229532751363
2021_8_20_17_59,-0.8336636328722536,-0.2195722224007741,1.2543087069278205,-1.6128710988534873,0.4032501611165743,0.004836999360469816,0.0021092477233633448, 337.60515182738885, 0.012141645207245352
2021_8_20_18_0,-0.217029996159479,-0.04152944464085151,1.3797295776206024,-1.580902257300753,0.3066144189290743,0.005319699296516798,0.002319172495699679, -1806.137068303581, 0.0019868184196176184
2021_8_20_18_0,-0.15536663248820154,-0.02372516686485925,1.3922716646898807,-1.5777053731454795,0.2969508447103243,0.0053679692901214965,0.0023401649729333125, -1861.1651487831864, 0.0015347072903422042
2021_8_20_18_0,-0.14942925588718256,-0.022010847438031448,1.3934793038756061,-1.5773975549524781,0.2960203687188671,0.005372617060101864,0.0023421862743301814, -1863.322710572242, 0.0015361651257947053
2021_8_20_18_0,-0.1486176514514236,-0.021776510062348993,1.3936443810444963,-1.5773554780172194,0.2958931781273348,0.005373252382902814,0.0023424625743343657, -1863.7178485054474, 0.0015370762852939695
2021_8_20_18_1,-0.14852842507668418,-0.021750747420381,1.3936625293402465,-1.5773508521524164,0.2958791950157556,0.005373322229182381,0.0023424929502744514, -1863.7303479613984, 0.0015371875771106912
2021_8_20_18_1,-0.14851647537992205,-0.0217472971428122,1.3936649598618451,-1.5773502326306459,0.29587732231899244,0.005373331583388054,0.0023424970183907896, -1863.7287062707608, 0.0015372026475716173
2021_8_20_18_1,-0.14851528041024584,-0.021746952115055316,1.3936652029140049,-1.577350170678469,0.2958771350493161,0.005373332518808622,0.0023424974252024234, -1863.7582490083341, 0.0015372041567506397
2021_8_20_18_2,-0.14851526550908464,-0.021746952115055316,1.3936652029140049,-1.577350170678469,0.2958771350493161,0.005373332518808622,0.0023424974252024234, -1863.7582484285117, 0.0015372041714376838
2021_8_20_18_2,-0.14851528041024584,-0.021746937213894122,1.3936652029140049,-1.577350170678469,0.2958771350493161,0.005373332518808622,0.0023424974252024234, -1863.7582470970788, 0.001537204168057994
2021_8_20_18_2,-0.14851528041024584,-0.021746952115055316,1.393665217815166,-1.577350170678469,0.2958771350493161,0.005373332518808622,0.0023424974252024234, -1863.758246566599, 0.001537204161078692
2021_8_20_18_3,-0.14851528041024584,-0.021746952115055316,1.3936652029140049,-1.5773501557773077,0.2958771350493161,0.005373332518808622,0.0023424974252024234, -1863.7582490030422, 0.0015372041567506397
2021_8_20_18_3,-0.14851528041024584,-0.021746952115055316,1.3936652029140049,-1.577350170678469,0.2958771499504773,0.005373332518808622,0.0023424974252024234, -1863.7582490243485, 0.0015372041567506397
2021_8_20_18_3,-0.14851528041024584,-0.021746952115055316,1.3936652029140049,-1.577350170678469,0.2958771350493161,0.0053733474199698155,0.0023424974252024234, -1863.7579388847732, 0.0015372041567506397
2021_8_20_18_3,-0.14851528041024584,-0.021746952115055316,1.3936652029140049,-1.577350170678469,0.2958771350493161,0.005373332518808622,0.0023425123263636173, -1863.7577241521733, 0.0015372041567506397
2021_8_20_18_4,-6.360590275135583,-1.8152500388210453,0.12997198632278928,-1.9439134467560013,6.956468678044578,9.999999999999593e-06,1.0000000000000026e-05, 200918162254.9807, 0.3158847506902619
2021_8_20_18_4,-0.7697227798827796,-0.20109726078565432,1.2672958812548833,-1.6140064982862221,0.9619362893488423,0.004836999266927759,0.002109247682682181, 96.22056990063307, 0.011178434807711858
2021_8_20_18_4,-0.21063603035749923,-0.03968198298211521,1.3810282707480928,-1.5810158034392443,0.36248305047926876,0.005319699193620535,0.002319172450950399, -1814.2278512812657, 0.0019094825614892944
2021_8_20_18_5,-0.15472735540497118,-0.023540455201761307,1.3924015096974136,-1.5777167339545464,0.3025377265923114,0.005367969186289813,0.002340164927777221, -1861.3526586200983, 0.0015344226699272304
2021_8_20_18_5,-0.14934711772680903,-0.021987113863933122,1.3934959861587113,-1.5773992558894785,0.29676903165400187,0.005372614333639564,0.002342185088599804, -1863.315838306341, 0.0015362490452976603
2021_8_20_18_5,-0.14860275292958205,-0.02177220651613139,1.393647408790557,-1.5773553322731506,0.29597092315120316,0.005373256997471893,0.002342464581196789, -1863.7161660118227, 0.0015370947081309381
2021_8_20_18_5,-0.14852522822841333,-0.02174982417352282,1.3936631792761143,-1.5773507576811727,0.2958878011075356,0.005373323930139503,0.002342493690015665, -1863.7299477695278, 0.0015371916052465875
2021_8_20_18_6,-0.1485162751920626,-0.021747239320902067,1.3936650005502158,-1.5773502293787394,0.29587820165513806,0.00537333165994171,0.002342497051683748, -1863.7286826276659, 0.0015372029003666537
2021_8_20_18_6,-0.1485153798884275,-0.02174698083563999,1.393665182677626,-1.577350176548496,0.2958772417098983,0.005373332432921931,0.0023424973878505557, -1863.7285560431321, 0.0015372040310351112
2021_8_20_18_6,-0.14851529035806402,-0.021746954987113782,1.393665200890367,-1.5773501712654716,0.2958771457153743,0.005373332510219953,0.002342497421467237, -1863.7582504173672, 0.0015372041441787116
2021_8_20_18_7,-0.14851527545690282,-0.021746954987113782,1.393665200890367,-1.5773501712654716,0.2958771457153743,0.005373332510219953,0.002342497421467237, -1863.7582498375452, 0.0015372041588657278
2021_8_20_18_7,-0.14851529035806402,-0.021746940085952588,1.393665200890367,-1.5773501712654716,0.2958771457153743,0.005373332510219953,0.002342497421467237, -1863.758248506119, 0.0015372041554859602
2021_8_20_18_7,-0.14851529035806402,-0.021746954987113782,1.3936652157915281,-1.5773501712654716,0.2958771457153743,0.005373332510219953,0.002342497421467237, -1863.7582479756315, 0.0015372041485067712
2021_8_20_18_8,-0.14851529035806402,-0.021746954987113782,1.393665200890367,-1.5773501563643104,0.2958771457153743,0.005373332510219953,0.002342497421467237, -1863.7582504120744, 0.0015372041441787116
2021_8_20_18_8,-0.14851529035806402,-0.021746954987113782,1.393665200890367,-1.5773501712654716,0.2958771606165355,0.005373332510219953,0.002342497421467237, -1863.7582504333664, 0.0015372041441787116
2021_8_20_18_8,-0.14851529035806402,-0.021746954987113782,1.393665200890367,-1.5773501712654716,0.2958771457153743,0.005373347411381147,0.002342497421467237, -1863.7579402938, 0.0015372041441787116
2021_8_20_18_8,-0.14851529035806402,-0.021746954987113782,1.393665200890367,-1.5773501712654716,0.2958771457153743,0.005373332510219953,0.0023425123226284306, -1863.7577255612462, 0.0015372041441787116
2021_8_20_18_9,-6.809699877321823,0.3990645373328674,0.038750369944336116,-1.2929176859936518,0.3017833642495454,9.999999999999593e-06,1.0000000000000026e-05, 344352635.55372834, 0.015477724491957518
2021_8_20_18_9,-0.81463374905444,0.02033419424488434,1.258173717795764,-1.5489069227382897,0.29646776756879145,0.004836999259197957,0.002109247679320513, -1172.068892904267, 0.0060218664941831925
2021_8_20_18_9,-0.21512713622770163,-0.01753884006391397,1.3801160525809066,-1.5745058464127535,0.295936207900716,0.005319699185117753,0.0023191724472525644, -1851.9008361464053, 0.001583058847985515
2021_8_20_18_10,-0.1599620331961459,-0.021023822205998056,1.3913368820403391,-1.5768613955122708,0.29588729510604556,0.005364116028196656,0.002338489200736306, -1862.656814928897, 0.0015291119083415535
2021_8_20_18_10,-0.15133154500112656,-0.02156904183914014,1.3930923620606077,-1.5772299172330504,0.2958796427810467,0.005371064969081136,0.0023415112745428603, -1863.4034512082044, 0.0015346045609574768
2021_8_20_18_10,-0.1491141048367549,-0.02170912567746008,1.3935433993387703,-1.5773246018959146,0.29587767666135345,0.005372850367574118,0.0023422877390587627, -1863.6032614711871, 0.0015366168071879293
2021_8_20_18_10,-0.14859456878719948,-0.021741946677610008,1.3936490753021915,-1.577346786077697,0.29587721600853634,0.005373268678243705,0.002342469661129849, -1863.7359167906109, 0.0015371253037175993
2021_8_20_18_11,-0.14852514556076754,-0.0217463323977676,1.393663196297921,-1.577349750448459,0.295877154453607,0.005373324575185521,0.0023424939705442675, -1863.7294609944686, 0.0015371943261112157
2021_8_20_18_11,-0.14851627587833438,-0.021746892728179163,1.3936650004311224,-1.5773501291837704,0.2958771465891976,0.005373331716716509,0.00234249707637494, -1863.728635157967, 0.0015372031620928415
2021_8_20_18_11,-0.14851538891009106,-0.02174694876122032,1.3936651808444425,-1.5773501670573016,0.29587714580275665,0.005373332430869609,0.002342497386958007, -1863.7582596038321, 0.0015372040459454965
2021_8_20_18_12,-0.14851537400892986,-0.02174694876122032,1.3936651808444425,-1.5773501670573016,0.29587714580275665,0.005373332430869609,0.002342497386958007, -1863.758259024035, 0.0015372040606322355
2021_8_20_18_12,-0.14851538891009106,-0.021746933860059128,1.3936651808444425,-1.5773501670573016,0.29587714580275665,0.005373332430869609,0.002342497386958007, -1863.7582576926093, 0.001537204057252393
2021_8_20_18_12,-0.14851538891009106,-0.02174694876122032,1.3936651957456037,-1.5773501670573016,0.29587714580275665,0.005373332430869609,0.002342497386958007, -1863.758257162109, 0.0015372040502734754
2021_8_20_18_13,-0.14851538891009106,-0.02174694876122032,1.3936651808444425,-1.5773501521561404,0.29587714580275665,0.005373332430869609,0.002342497386958007, -1863.7582595985389, 0.0015372040459454965
2021_8_20_18_13,-0.14851538891009106,-0.02174694876122032,1.3936651808444425,-1.5773501670573016,0.29587716070391784,0.005373332430869609,0.002342497386958007, -1863.758259619847, 0.0015372040459454965
2021_8_20_18_13,-0.14851538891009106,-0.02174694876122032,1.3936651808444425,-1.5773501670573016,0.29587714580275665,0.005373347332030803,0.002342497386958007, -1863.7579494802337, 0.0015372040459454965
2021_8_20_18_13,-0.14851538891009106,-0.02174694876122032,1.3936651808444425,-1.5773501670573016,0.29587714580275665,0.005373332430869609,0.002342512288119201, -1863.757734747926, 0.0015372040459454965
2021_8_20_18_14,1.8929240611862848,-1.2100820878167653,0.018048196510169756,-3.190760740226309,9.999999999998899e-05,0.005330498301068822,0.008582377319015214, 198841.2204489537, 0.01890643441639213
2021_8_20_18_14,0.05562855609954653,-0.14058046266677482,1.256103482411015,-1.7386912243742023,0.266299431222481,0.00536904901788953,0.002966485380163728, -1748.319148155562, 0.0027179956752732518
2021_8_20_18_14,-0.1281009944091273,-0.033630300151775774,1.3799090110010996,-1.5934842727889917,0.2929193743447291,0.005372904089571601,0.002404896186278579, -1855.511543255672, 0.0015609670973890063
2021_8_20_18_15,-0.14647394945999467,-0.02293528390027587,1.3922895638601083,-1.5789635776304707,0.2955813686569539,0.0053732895967398085,0.0023487372668900643, -1862.8452690742834, 0.0015380931191542842
2021_8_20_18_15,-0.1483112449650814,-0.021865782275125877,1.393527619146009,-1.5775115081146185,0.29584756808817636,0.005373328147456629,0.002343121374951213, -1863.6131455758077, 0.0015372770002689967
2021_8_20_18_15,-0.1484949745155901,-0.021758832112610878,1.393651424674599,-1.5773663011630332,0.2958741880312986,0.005373332002528311,0.002342559785757328, -1863.7293449065387, 0.0015372111842083356
2021_8_20_18_15,-0.14851334747064096,-0.021748137096359376,1.3936638052274581,-1.5773517804678747,0.29587685002561087,0.005373332388035479,0.0023425036268379393, -1863.7286318519396, 0.0015372047582461032
2021_8_20_18_16,-0.14851518476614606,-0.021747067594734226,1.393665043282744,-1.577350328398359,0.2958771162250421,0.005373332426586196,0.0023424980109460003, -1863.728560491103, 0.00153720411712807
2021_8_20_18_16,-0.14851536849569655,-0.02174696064457171,1.3936651670882727,-1.5773501831914074,0.2958771428449852,0.0053733324304412675,0.0023424974493568063, -1863.758260401421, 0.0015372040530538715
2021_8_20_18_16,-0.14851535359453535,-0.02174696064457171,1.3936651670882727,-1.5773501831914074,0.2958771428449852,0.0053733324304412675,0.0023424974493568063, -1863.7582598215952, 0.0015372040677408788
2021_8_20_18_17,-0.14851536849569655,-0.021746945743410517,1.3936651670882727,-1.5773501831914074,0.2958771428449852,0.0053733324304412675,0.0023424974493568063, -1863.7582584901932, 0.0015372040643607558
2021_8_20_18_17,-0.14851536849569655,-0.02174696064457171,1.393665181989434,-1.5773501831914074,0.2958771428449852,0.0053733324304412675,0.0023424974493568063, -1863.7582579596879, 0.0015372040573818724
2021_8_20_18_17,-0.14851536849569655,-0.02174696064457171,1.3936651670882727,-1.5773501682902462,0.2958771428449852,0.0053733324304412675,0.0023424974493568063, -1863.7582603961284, 0.0015372040530538715
2021_8_20_18_18,-0.14851536849569655,-0.02174696064457171,1.3936651670882727,-1.5773501831914074,0.29587715774614637,0.0053733324304412675,0.0023424974493568063, -1863.7582604174204, 0.0015372040530538715
2021_8_20_18_18,-0.14851536849569655,-0.02174696064457171,1.3936651670882727,-1.5773501831914074,0.2958771428449852,0.005373347331602461,0.0023424974493568063, -1863.757950277822, 0.0015372040530538715
2021_8_20_18_18,-0.14851536849569655,-0.02174696064457171,1.3936651670882727,-1.5773501831914074,0.2958771428449852,0.0053733324304412675,0.002342512350518, -1863.7577355455849, 0.0015372040530538715
2021_8_20_18_18,-6.999995386462397,-1.9999821157296593,0.00012300904055018158,-1.93252901619922,1.3695770940168601,0.0029574351021220066,0.0049982654451045435, 10871578.28992893, 1.4799093695295953
2021_8_20_18_19,-0.8336633702923667,-0.21957047615308048,1.2543109512835005,-1.6128680664921886,0.4032471379621727,0.005131742697609342,0.00260807424893158, -160.2919442726984, 0.012141594217909208
2021_8_20_18_19,-0.21703016867536357,-0.041529312195422594,1.3797297455077955,-1.5809019715214856,0.3066141423567039,0.005349173457158075,0.002369055129314284, -1806.1414343081765, 0.001986816323582048
2021_8_20_18_19,-0.15536684851366325,-0.0237251957996568,1.392271624930225,-1.5777053620244152,0.2969508427961571,0.005370916533112948,0.002345153217352554, -1860.9410119452646, 0.0015347073344901757
2021_8_20_18_20,-0.149202369423427,-0.02194531915736728,1.3935254360005516,-1.5773857971298773,0.2959848032133472,0.005373090187349045,0.0023427637443868042, -1863.3245041087266, 0.0015364011163180038
2021_8_20_18_20,-0.1485840685884696,-0.021766796495851268,1.3936511939795007,-1.5773537445852543,0.29588790888182137,0.005373308206132045,0.002342524078859806, -1863.7355862793838, 0.0015371179024731855
2021_8_20_18_20,-0.1485235474259809,-0.021749322155862276,1.3936635035522003,-1.5773506071848957,0.29587842457054286,0.00537332954647229,0.0023425006196705535, -1863.7293944376383, 0.0015371937316553852
2021_8_20_18_20,-0.148516186388725,-0.02174719679570077,1.3936650007346654,-1.5773502255907563,0.29587727101754097,0.00537333214204437,0.002342497766388181, -1863.7286375089475, 0.0015372030201037793
2021_8_20_18_21,-0.14851545028499938,-0.021746984259684618,1.393665150452912,-1.5773501874313423,0.29587715566224077,0.005373332401601577,0.002342497481059944, -1863.7285617703683, 0.0015372039497303452
2021_8_20_18_21,-0.14851537667462683,-0.021746963006083003,1.3936651654247367,-1.577350183615401,0.29587714412671073,0.005373332427557298,0.00234249745252712, -1863.758261245024, 0.0015372040427175362
2021_8_20_18_21,-0.14851536177346564,-0.021746963006083003,1.3936651654247367,-1.577350183615401,0.29587714412671073,0.005373332427557298,0.00234249745252712, -1863.7582606652181, 0.0015372040574043553
2021_8_20_18_22,-0.14851537667462683,-0.02174694810492181,1.3936651654247367,-1.577350183615401,0.29587714412671073,0.005373332427557298,0.00234249745252712, -1863.7582593338027, 0.0015372040540243927
2021_8_20_18_22,-0.14851537667462683,-0.021746963006083003,1.393665180325898,-1.577350183615401,0.29587714412671073,0.005373332427557298,0.00234249745252712, -1863.758258803307, 0.001537204047045431
2021_8_20_18_22,-0.14851537667462683,-0.021746963006083003,1.3936651654247367,-1.5773501687142397,0.29587714412671073,0.005373332427557298,0.00234249745252712, -1863.7582612397302, 0.0015372040427175362
2021_8_20_18_23,-0.14851537667462683,-0.021746963006083003,1.3936651654247367,-1.577350183615401,0.2958771590278719,0.005373332427557298,0.00234249745252712, -1863.758261261038, 0.0015372040427175362
2021_8_20_18_23,-0.14851537667462683,-0.021746963006083003,1.3936651654247367,-1.577350183615401,0.29587714412671073,0.005373347328718492,0.00234249745252712, -1863.7579511214071, 0.0015372040427175362
2021_8_20_18_23,-0.14851537667462683,-0.021746963006083003,1.3936651654247367,-1.577350183615401,0.29587714412671073,0.005373332427557298,0.002342512353688314, -1863.7577363892308, 0.0015372040427175362
2021_8_20_18_23,-5.618429809287994,-2.0,9.999999999998899e-05,-4.587570007750931,10.0,0.007410388292421353,0.012434942711843146, 49718595635.26932, 1.4118307464239115
2021_8_20_18_24,-0.6955068199359635,-0.21957226670547472,1.254308648882263,-1.8783721660289538,1.2662894297140397,0.005577038014043704,0.003351741978458723, -728.2526560115707, 0.0110642820732239
2021_8_20_18_24,-0.20321452100076048,-0.04152949337602217,1.3797295137704895,-1.6074523818567563,0.3929183726854436,0.005393702986205939,0.0024434219051202802, -1813.34762534051, 0.0019065954273642083
2021_8_20_18_24,-0.15398529110724019,-0.02372521604307692,1.392271600259312,-1.5803604034395364,0.30558126698258403,0.005375369483422162,0.0023525898977864363, -1860.8117369761608, 0.001534887319361728
2021_8_20_18_25,-0.14906236811788817,-0.021944788309782394,1.3935258089081943,-1.5776512055978145,0.29684755641229804,0.005373536133143785,0.002343506697053052, -1863.3665975734611, 0.001536526746116746
2021_8_20_18_25,-0.14857007581895296,-0.02176674553645294,1.3936512297730825,-1.5773802858136423,0.2959741853552695,0.005373352798115947,0.0023425983769797135, -1863.7315961551474, 0.0015371316167098951
2021_8_20_18_25,-0.14852084658905945,-0.021748941259119997,1.3936637718595712,-1.577353193835225,0.2958868482495666,0.0053733344646131635,0.0023425075449723795, -1863.7288609042841, 0.0015371967553690228
2021_8_20_18_26,-0.14851592366607008,-0.021747160831386704,1.3936650260682202,-1.5773504846373834,0.2958781145389963,0.005373332631262885,0.0023424984617716462, -1863.7285848920167, 0.0015372033135202935
2021_8_20_18_26,-0.14851543137377116,-0.021746982788613374,1.393665151489085,-1.5773502137175992,0.2958772411679393,0.005373332447927857,0.0023424975534515726, -1863.7285572659216, 0.0015372039697782738
2021_8_20_18_26,-0.14851538214454127,-0.02174696498433604,1.3936651640311715,-1.5773501866256208,0.2958771538308336,0.005373332429594355,0.0023424974626195653, -1863.7582615535575, 0.0015372040354204386
2021_8_20_18_26,-0.14851536724338008,-0.02174696498433604,1.3936651640311715,-1.5773501866256208,0.2958771538308336,0.005373332429594355,0.0023424974626195653, -1863.758260973755, 0.0015372040501071954
2021_8_20_18_27,-0.14851538214454127,-0.021746950083174846,1.3936651640311715,-1.5773501866256208,0.2958771538308336,0.005373332429594355,0.0023424974626195653, -1863.7582596423383, 0.0015372040467272073
2021_8_20_18_27,-0.14851538214454127,-0.02174696498433604,1.3936651789323327,-1.5773501866256208,0.2958771538308336,0.005373332429594355,0.0023424974626195653, -1863.7582591118314, 0.0015372040397483842
2021_8_20_18_27,-0.14851538214454127,-0.02174696498433604,1.3936651640311715,-1.5773501717244596,0.2958771538308336,0.005373332429594355,0.0023424974626195653, -1863.7582615482638, 0.0015372040354204386
2021_8_20_18_28,-0.14851538214454127,-0.02174696498433604,1.3936651640311715,-1.5773501866256208,0.29587716873199477,0.005373332429594355,0.0023424974626195653, -1863.7582615695555, 0.0015372040354204386
2021_8_20_18_28,-0.14851538214454127,-0.02174696498433604,1.3936651640311715,-1.5773501866256208,0.2958771538308336,0.0053733473307555485,0.0023424974626195653, -1863.7579514299503, 0.0015372040354204386
2021_8_20_18_28,-0.14851538214454127,-0.02174696498433604,1.3936651640311715,-1.5773501866256208,0.2958771538308336,0.005373332429594355,0.002342512363780759, -1863.7577366977953, 0.0015372040354204386
2021_8_20_18_28,0.9011440268951361,-2.0,9.999999999998899e-05,-4.379106316212583,1.064437187808862,0.005729938093702983,0.009625015680057103, 4604775360.213916, 1.248332736785092
2021_8_20_18_29,-0.04354944124057353,-0.21957226848590244,1.2543086476280543,-1.857525799584317,0.3727331572286364,0.005408992996005217,0.003070749284363319, -1466.063597585694, 0.005511838735942325
2021_8_20_18_29,-0.1380187880541445,-0.04152949533449268,1.3797295123908597,-1.6053677479214903,0.30356275417061385,0.0053768984862354405,0.0024153226447939406, -1843.5171024844462, 0.0016332311046261397
2021_8_20_18_29,-0.1474657227355016,-0.023725218019351704,1.3922715988671404,-1.5801519427552078,0.2966457138648116,0.005373689035258463,0.002349779980837003, -1862.30854243676, 0.0015374500141727904
2021_8_20_18_30,-0.1484104162036373,-0.021944790287837607,1.3935258075147683,-1.5776303622385794,0.29595400983423137,0.005373368090160766,0.002343225714441309, -1863.4709780120504, 0.001537128476599572
2021_8_20_18_30,-0.14850488555045088,-0.021766747514686196,1.3936512283795313,-1.5773782041869167,0.29588483943117333,0.005373335995650996,0.0023425702878017395, -1863.730331133951, 0.0015371954587164722
2021_8_20_18_30,-0.14851433248513224,-0.021748943237371057,1.3936637704660075,-1.5773529883817503,0.2958779223908676,0.005373332786200019,0.0023425047451377827, -1863.7287326706298, 0.0015372031679378813
2021_8_20_18_31,-0.14851527717860036,-0.021747162809639543,1.3936650246746551,-1.5773504668012337,0.29587723068683697,0.005373332465254921,0.002342498190871387, -1863.7285723248513, 0.0015372039485634194
2021_8_20_18_31,-0.14851537164794718,-0.02174698476686639,1.3936651500955197,-1.5773502146431821,0.2958771615164339,0.005373332433160411,0.0023424975354447474, -1863.7285562852983, 0.0015372040267229087
2021_8_20_18_31,-0.14851538109488185,-0.021746966962589074,1.3936651626376062,-1.577350189427377,0.2958771545993936,0.00537333242995096,0.0023424974699020836, -1863.7582617326718, 0.0015372040345492822
2021_8_20_18_31,-0.14851536619372066,-0.021746966962589074,1.3936651626376062,-1.577350189427377,0.2958771545993936,0.00537333242995096,0.0023424974699020836, -1863.7582611528696, 0.0015372040492360704
2021_8_20_18_32,-0.14851538109488185,-0.02174695206142788,1.3936651626376062,-1.577350189427377,0.2958771545993936,0.00537333242995096,0.0023424974699020836, -1863.7582598214613, 0.0015372040458559572
2021_8_20_18_32,-0.14851538109488185,-0.021746966962589074,1.3936651775387674,-1.577350189427377,0.2958771545993936,0.00537333242995096,0.0023424974699020836, -1863.7582592909546, 0.0015372040388771289
2021_8_20_18_32,-0.14851538109488185,-0.021746966962589074,1.3936651626376062,-1.5773501745262157,0.2958771545993936,0.00537333242995096,0.0023424974699020836, -1863.7582617273804, 0.0015372040345492822
2021_8_20_18_33,-0.14851538109488185,-0.021746966962589074,1.3936651626376062,-1.577350189427377,0.2958771695005548,0.00537333242995096,0.0023424974699020836, -1863.7582617486878, 0.0015372040345492822
2021_8_20_18_33,-0.14851538109488185,-0.021746966962589074,1.3936651626376062,-1.577350189427377,0.2958771545993936,0.005373347331112154,0.0023424974699020836, -1863.7579516090582, 0.0015372040345492822
2021_8_20_18_33,-0.14851538109488185,-0.021746966962589074,1.3936651626376062,-1.577350189427377,0.2958771545993936,0.00537333242995096,0.0023425123710632775, -1863.7577368769244, 0.0015372040345492822
2021_8_20_18_33,1.3562711204405404,-2.0,9.999999999998899e-05,4.450338678685349,1.1468047883596935,0.0029280722433396794,0.004942735275149773, 20816297663.249397, 1.2653452506883767
2021_8_20_18_34,0.001963269058660372,-0.21957227026633017,1.2543086463738455,-0.9745813026161043,0.3809699179754236,0.005128806411289832,0.0026025212504268524, -1438.614777999121, 0.0051173354924697245
2021_8_20_18_34,-0.13346751607952764,-0.04152949729296318,1.3797295110112302,-1.5170733007462496,0.30438643093699663,0.005348879828084847,0.0023684998479545603, -1846.5822881634147, 0.0016221332438786007
2021_8_20_18_34,-0.14701059459334642,-0.023725219995626486,1.3922715974749686,-1.5713225005592641,0.29672808223315394,0.005370887169764349,0.0023450977077073315, -1862.5791738129476, 0.0015377324725484203
2021_8_20_18_35,-0.14833141268750438,-0.02198881925160564,1.3934947916492397,-1.5766132713861118,0.29598118517211386,0.005373033483474702,0.0023428153632426645, -1863.4126745863523, 0.0015371670671400375
2021_8_20_18_35,-0.1484969842541441,-0.02177115219149073,1.3936481255387696,-1.5772764976232505,0.29588755765666563,0.005373302535303335,0.0023425292592361415, -1863.733201824216, 0.0015371990364229885
2021_8_20_18_35,-0.14851354141080808,-0.02174938548547924,1.3936634589277226,-1.5773428202469644,0.29587819490512085,0.0053733294404861975,0.0023425006488354896, -1863.729020086608, 0.00153720352229983
2021_8_20_18_36,-0.14851519712647449,-0.02174720881487809,1.3936649922666178,-1.5773494525093357,0.29587725862996633,0.005373332131004484,0.002342497787795424, -1863.7286012287257, 0.0015372039831916815
2021_8_20_18_36,-0.1485153626980411,-0.021746991147817977,1.3936651456005074,-1.5773501157355727,0.29587716500245087,0.0053733324000563125,0.002342497501691418, -1863.7285593361016, 0.0015372040294038848
2021_8_20_18_36,-0.14851537925519778,-0.021746969381111963,1.3936651609338964,-1.5773501820581965,0.29587715563969935,0.0053733324269614954,0.002342497473081017, -1863.7582621992274, 0.001537204034032456
2021_8_20_18_36,-0.1485153643540366,-0.021746969381111963,1.3936651609338964,-1.5773501820581965,0.29587715563969935,0.0053733324269614954,0.002342497473081017, -1863.7582616194054, 0.0015372040487194314
2021_8_20_18_37,-0.14851537925519778,-0.02174695447995077,1.3936651609338964,-1.5773501820581965,0.29587715563969935,0.0053733324269614954,0.002342497473081017, -1863.7582602880095, 0.0015372040453392165
2021_8_20_18_37,-0.14851537925519778,-0.021746969381111963,1.3936651758350576,-1.5773501820581965,0.29587715563969935,0.0053733324269614954,0.002342497473081017, -1863.7582597575035, 0.001537204038360395
2021_8_20_18_37,-0.14851537925519778,-0.021746969381111963,1.3936651609338964,-1.5773501671570354,0.29587715563969935,0.0053733324269614954,0.002342497473081017, -1863.7582621939357, 0.001537204034032456
2021_8_20_18_38,-0.14851537925519778,-0.021746969381111963,1.3936651609338964,-1.5773501820581965,0.29587717054086055,0.0053733324269614954,0.002342497473081017, -1863.7582622152277, 0.001537204034032456
2021_8_20_18_38,-0.14851537925519778,-0.021746969381111963,1.3936651609338964,-1.5773501820581965,0.29587715563969935,0.005373347328122689,0.002342497473081017, -1863.7579520756165, 0.001537204034032456
2021_8_20_18_38,-0.14851537925519778,-0.021746969381111963,1.3936651609338964,-1.5773501820581965,0.29587715563969935,0.0053733324269614954,0.0023425123742422107, -1863.7577373434965, 0.001537204034032456
2021_8_20_18_38,0.20968618633550953,-0.8845728333097255,1.8303259054717538,2.2639145844391755,0.0031409504494187,0.0004290314726313471,0.0006991011805130816, 178873.36223339473, 0.014129768043952894
2021_8_20_18_39,-0.11269522269612706,-0.10802955577397332,1.4373312353876821,-1.1932237054084593,0.2666035351206713,0.004878902331528481,0.002178157843824223, -1721.5131077727026, 0.0025901887867277457
2021_8_20_18_39,-0.1449333635992907,-0.030375228020398097,1.398031768379275,-1.5389375343932228,0.29294979358779655,0.005323889417418194,0.0023260635101553374, -1858.7477609796063, 0.0015518754977868335
2021_8_20_18_39,-0.14803378538159495,-0.022907019168635485,1.3942522413925356,-1.572185688778049,0.29548357845706225,0.005366684926566215,0.0023402879640714814, -1863.1286370330508, 0.0015372800073236933
2021_8_20_18_40,-0.14844738108855063,-0.021910761453841035,1.3937480531737065,-1.5766209865805123,0.29582158490194627,0.005372393839773324,0.0023421855036601545, -1863.5825324609655, 0.0015371772341252186
2021_8_20_18_40,-0.14850857943853307,-0.02176334858838487,1.3936734501578774,-1.577277262510428,0.29587159856592404,0.005373238568242678,0.002342466276138931, -1863.7320436017815, 0.0015372007924303716
2021_8_20_18_40,-0.1485146992735313,-0.021748607301839255,1.3936659898562944,-1.5773428901034197,0.2958765999323218,0.005373323041089614,0.002342494353386808, -1863.7289043631486, 0.0015372037044700231
2021_8_20_18_41,-0.14851531125703113,-0.02174713317318469,1.393665243826136,-1.5773494528627188,0.2958771000689616,0.005373331488374307,0.002342497161111596, -1863.7285900721347, 0.001537204001016553
2021_8_20_18_41,-0.14851537245538113,-0.021746985760319235,1.3936651692231203,-1.5773501091386488,0.29587715008262555,0.005373332333102777,0.0023424974418840747, -1863.7285586393223, 0.0015372040307248763
2021_8_20_18_41,-0.14851537857521613,-0.02174697101903269,1.3936651617628188,-1.5773501747662417,0.295877155083992,0.005373332417575623,0.0023424974699613227, -1863.7582625490386, 0.0015372040337006659
2021_8_20_18_41,-0.14851536367405493,-0.02174697101903269,1.3936651617628188,-1.5773501747662417,0.295877155083992,0.005373332417575623,0.0023424974699613227, -1863.7582619692364, 0.0015372040483874402
2021_8_20_18_42,-0.14851537857521613,-0.021746956117871495,1.3936651617628188,-1.5773501747662417,0.295877155083992,0.005373332417575623,0.0023424974699613227, -1863.7582606378144, 0.0015372040450074636
2021_8_20_18_42,-0.14851537857521613,-0.02174697101903269,1.39366517666398,-1.5773501747662417,0.295877155083992,0.005373332417575623,0.0023424974699613227, -1863.7582601073211, 0.001537204038028545
2021_8_20_18_42,-0.14851537857521613,-0.02174697101903269,1.3936651617628188,-1.5773501598650805,0.295877155083992,0.005373332417575623,0.0023424974699613227, -1863.7582625437472, 0.0015372040337006659
2021_8_20_18_43,-0.14851537857521613,-0.02174697101903269,1.3936651617628188,-1.5773501747662417,0.2958771699851532,0.005373332417575623,0.0023424974699613227, -1863.7582625650393, 0.0015372040337006659
2021_8_20_18_43,-0.14851537857521613,-0.02174697101903269,1.3936651617628188,-1.5773501747662417,0.295877155083992,0.005373347318736817,0.0023424974699613227, -1863.7579524254265, 0.0015372040337006659
2021_8_20_18_43,-0.14851537857521613,-0.02174697101903269,1.3936651617628188,-1.5773501747662417,0.295877155083992,0.005373332417575623,0.0023425123711225166, -1863.7577376933218, 0.0015372040337006659

	end time: 2021-08-20 18:43:41.577989
