	start time: 2021-08-20 17:06:56.207505
2021_8_20_17_7,-0.98,0.18,1.56,-1.5,0.26,0.006,0.0026, -280.62219217778585, 0.007020254568408465
2021_8_20_17_7,-0.9799999850988388,0.18,1.56,-1.5,0.26,0.006,0.0026, -280.6222143614205, 0.00702025440139876
2021_8_20_17_7,-0.98,0.1800000149011612,1.56,-1.5,0.26,0.006,0.0026, -280.6222637476835, 0.007020254049983636
2021_8_20_17_7,-0.98,0.18,1.5600000149011612,-1.5,0.26,0.006,0.0026, -280.6221996310608, 0.007020254501959964
2021_8_20_17_7,-0.98,0.18,1.56,-1.4999999850988388,0.26,0.006,0.0026, -280.6221921809429, 0.007020254568408465
2021_8_20_17_8,-0.98,0.18,1.56,-1.5,0.2600000149011612,0.006,0.0026, -280.6221922383159, 0.007020254568408465
2021_8_20_17_8,-0.98,0.18,1.56,-1.5,0.26,0.006000014901161194,0.0026, -280.62250576751273, 0.007020254568408465
2021_8_20_17_8,-0.98,0.18,1.56,-1.5,0.26,0.006,0.0026000149011611937, -280.62626801075476, 0.007020254568408465
2021_8_20_17_8,7.0,0.5,5.0,-1.2881355285644531,4.322103271484375,0.05,0.05, 47629.331879663485, 1.1434172597027625
2021_8_20_17_8,0.5259439610258438,0.2403887302667005,2.2091788503670307,-1.4600180424418179,1.0265789336785986,0.014303450411671319,0.011545080670755012, 25599.309212406577, 0.2095146818408861
2021_8_20_17_9,-0.8294056038974156,0.18603887302667005,1.624917885036703,-1.4960018042441818,0.3366578933678599,0.006830345041167132,0.003494508067075501, -584.1014630266122, 0.005076814077710581
2021_8_20_17_9,-0.8294055889962544,0.18603887302667005,1.624917885036703,-1.4960018042441818,0.3366578933678599,0.006830345041167132,0.003494508067075501, -584.1014713724844, 0.005076813950823077
2021_8_20_17_9,-0.8294056038974156,0.18603888792783124,1.624917885036703,-1.4960018042441818,0.3366578933678599,0.006830345041167132,0.003494508067075501, -584.101488792695, 0.005076813684075454
2021_8_20_17_9,-0.8294056038974156,0.18603887302667005,1.6249178999378642,-1.4960018042441818,0.3366578933678599,0.006830345041167132,0.003494508067075501, -584.1014648473746, 0.005076814037119325
2021_8_20_17_9,-0.8294056038974156,0.18603887302667005,1.624917885036703,-1.4960017893430206,0.3366578933678599,0.006830345041167132,0.003494508067075501, -584.1014630077821, 0.005076814077710581
2021_8_20_17_10,-0.8294056038974156,0.18603887302667005,1.624917885036703,-1.4960018042441818,0.3366579082690211,0.006830345041167132,0.003494508067075501, -584.1014629761734, 0.005076814077710581
2021_8_20_17_10,-0.8294056038974156,0.18603887302667005,1.624917885036703,-1.4960018042441818,0.3366578933678599,0.006830359942328326,0.003494508067075501, -584.1014554359854, 0.005076814077710581
2021_8_20_17_10,-0.8294056038974156,0.18603887302667005,1.624917885036703,-1.4960018042441818,0.3366578933678599,0.006830345041167132,0.0034945229682366947, -584.102093303107, 0.005076814077710581
2021_8_20_17_10,6.626912888066544,-1.6080286074612262,9.999999999998899e-05,-3.475197327575021,9.999999999998899e-05,9.999999999999593e-06,0.002083600727306292, 136819925747.62227, 65.59282048355038
2021_8_20_17_10,-0.08377375470101955,0.006632124977880405,1.4624360965330327,-1.6939213565772657,0.3030021040310739,0.006148310537050419,0.00335341733309858, -666.3250415253315, 0.004013945170231523
2021_8_20_17_10,-0.08377373979985836,0.006632124977880405,1.4624360965330327,-1.6939213565772657,0.3030021040310739,0.006148310537050419,0.00335341733309858, -666.3250471846219, 0.004013945091711927
2021_8_20_17_11,-0.08377375470101955,0.006632139879041599,1.4624360965330327,-1.6939213565772657,0.3030021040310739,0.006148310537050419,0.00335341733309858, -666.3250586540913, 0.004013944927885859
2021_8_20_17_11,-0.08377375470101955,0.006632124977880405,1.462436111434194,-1.6939213565772657,0.3030021040310739,0.006148310537050419,0.00335341733309858, -666.3250416953568, 0.0040139451551207475
2021_8_20_17_11,-0.08377375470101955,0.006632124977880405,1.4624360965330327,-1.6939213416761045,0.3030021040310739,0.006148310537050419,0.00335341733309858, -666.3250415259992, 0.004013945170231523
2021_8_20_17_11,-0.08377375470101955,0.006632124977880405,1.4624360965330327,-1.6939213565772657,0.3030021189322351,0.006148310537050419,0.00335341733309858, -666.3250415755806, 0.004013945170231523
2021_8_20_17_11,-0.08377375470101955,0.006632124977880405,1.4624360965330327,-1.6939213565772657,0.3030021040310739,0.0061483254382116125,0.00335341733309858, -666.3249951863306, 0.004013945170231523
2021_8_20_17_12,-0.08377375470101955,0.006632124977880405,1.4624360965330327,-1.6939213565772657,0.3030021040310739,0.006148310537050419,0.003353432234259774, -666.3253020802985, 0.004013945170231523
2021_8_20_17_12,7.0,-1.9999999999999998,9.999999999998899e-05,-7.0,5.207377952689923,9.999999999999593e-06,0.016793082866222702, 46994580761.05076, 0.10680913804246785
2021_8_20_17_12,0.6246036207690825,-0.19403108751990764,1.3162024868797295,-2.224529220919539,0.7934396888969588,0.005534479483345377,0.004697383886410993, -695.3523822004648, 0.003779552996860858
2021_8_20_17_12,0.6246036356702437,-0.19403108751990764,1.3162024868797295,-2.224529220919539,0.7934396888969588,0.005534479483345377,0.004697383886410993, -695.3523832736886, 0.0037795529690090005
2021_8_20_17_12,0.6246036207690825,-0.19403107261874644,1.3162024868797295,-2.224529220919539,0.7934396888969588,0.005534479483345377,0.004697383886410993, -695.3523852197923, 0.0037795529052893698
2021_8_20_17_13,0.6246036207690825,-0.19403108751990764,1.3162025017808907,-2.224529220919539,0.7934396888969588,0.005534479483345377,0.004697383886410993, -695.3523815007674, 0.003779552992231141
2021_8_20_17_13,0.6246036207690825,-0.19403108751990764,1.3162024868797295,-2.224529206018378,0.7934396888969588,0.005534479483345377,0.004697383886410993, -695.3523821003294, 0.003779552996860858
2021_8_20_17_13,0.6246036207690825,-0.19403108751990764,1.3162024868797295,-2.224529220919539,0.79343970379812,0.005534479483345377,0.004697383886410993, -695.352381780375, 0.003779552996860858
2021_8_20_17_13,0.6246036207690825,-0.19403108751990764,1.3162024868797295,-2.224529220919539,0.7934396888969588,0.005534494384506571,0.004697383886410993, -695.3523608391216, 0.003779552996860858
2021_8_20_17_13,0.6246036207690825,-0.19403108751990764,1.3162024868797295,-2.224529220919539,0.7934396888969588,0.005534479483345377,0.0046973987875721865, -695.3522912227797, 0.003779552996860858
2021_8_20_17_14,5.877565985268755,-1.7127551298726684,0.3907145592957385,-7.0,0.9426304800662958,0.0023366956106255325,0.0012746420626028741, 320696.9354899066, 0.06270840697290857
2021_8_20_17_14,1.1498998572190497,-0.34590349175518376,1.2236536941213303,-2.7020762988275853,0.8083587680138925,0.005214701096073393,0.004355109704030181, -696.6732835595047, 0.004036516052253338
2021_8_20_17_14,0.9097479026587405,-0.2764713272162535,1.2659646263742088,-2.4837540337962714,0.8015381480254743,0.005360895565785389,0.0045115886737821615, -701.0947918897007, 0.0038337529524434884
2021_8_20_17_14,0.9097479175599017,-0.2764713272162535,1.2659646263742088,-2.4837540337962714,0.8015381480254743,0.005360895565785389,0.0045115886737821615, -701.0947913626908, 0.0038337529621198965
2021_8_20_17_14,0.9097479026587405,-0.2764713123150923,1.2659646263742088,-2.4837540337962714,0.8015381480254743,0.005360895565785389,0.0045115886737821615, -701.0947907327082, 0.0038337529630446707
2021_8_20_17_14,0.9097479026587405,-0.2764713272162535,1.26596464127537,-2.4837540337962714,0.8015381480254743,0.005360895565785389,0.0045115886737821615, -701.0947910937914, 0.0038337529492224686
2021_8_20_17_15,0.9097479026587405,-0.2764713272162535,1.2659646263742088,-2.48375401889511,0.8015381480254743,0.005360895565785389,0.0045115886737821615, -701.0947918019567, 0.0038337529524434884
2021_8_20_17_15,0.9097479026587405,-0.2764713272162535,1.2659646263742088,-2.4837540337962714,0.8015381629266355,0.005360895565785389,0.0045115886737821615, -701.0947915347743, 0.0038337529524434884
2021_8_20_17_15,0.9097479026587405,-0.2764713272162535,1.2659646263742088,-2.4837540337962714,0.8015381480254743,0.005360910466946583,0.0045115886737821615, -701.0947892950866, 0.0038337529524434884
2021_8_20_17_15,0.9097479026587405,-0.2764713272162535,1.2659646263742088,-2.4837540337962714,0.8015381480254743,0.005360895565785389,0.004511603574943355, -701.09472402259, 0.0038337529524434884
2021_8_20_17_15,-0.900883937142434,0.5,9.999999999998899e-05,-6.959446480270671,9.999999999998899e-05,0.02364665223056499,0.0036097783542130314, 83045878320.26653, 0.044734037789036125
2021_8_20_17_16,0.7286847186786231,-0.19882419449462813,1.139378163736788,-2.9313232784437115,0.7213943332229269,0.007189471232263349,0.004421407641825249, -704.2219390012207, 0.0038222581247406066
2021_8_20_17_16,0.7286847335797842,-0.19882419449462813,1.139378163736788,-2.9313232784437115,0.7213943332229269,0.007189471232263349,0.004421407641825249, -704.2219375304973, 0.003822258155560763
2021_8_20_17_16,0.7286847186786231,-0.19882417959346693,1.139378163736788,-2.9313232784437115,0.7213943332229269,0.007189471232263349,0.004421407641825249, -704.2219349826092, 0.0038222581958716286
2021_8_20_17_16,0.7286847186786231,-0.19882419449462813,1.139378178637949,-2.9313232784437115,0.7213943332229269,0.007189471232263349,0.004421407641825249, -704.2219381357224, 0.0038222581220319234
2021_8_20_17_16,0.7286847186786231,-0.19882419449462813,1.139378163736788,-2.9313232635425504,0.7213943332229269,0.007189471232263349,0.004421407641825249, -704.2219389616752, 0.0038222581247406066
2021_8_20_17_17,0.7286847186786231,-0.19882419449462813,1.139378163736788,-2.9313232784437115,0.7213943481240881,0.007189471232263349,0.004421407641825249, -704.2219388611004, 0.0038222581247406066
2021_8_20_17_17,0.7286847186786231,-0.19882419449462813,1.139378163736788,-2.9313232784437115,0.7213943332229269,0.007189486133424543,0.004421407641825249, -704.2218557167146, 0.0038222581247406066
2021_8_20_17_17,0.7286847186786231,-0.19882419449462813,1.139378163736788,-2.9313232784437115,0.7213943332229269,0.007189471232263349,0.004421422542986443, -704.2218765302811, 0.0038222581247406066
2021_8_20_17_17,-1.1845927175513435,0.49999999999999994,9.999999999998899e-05,-6.912427849448892,9.999999999998899e-05,9.999999999999593e-06,0.004550317689945394, 29594491642.466076, 0.004393974732925808
2021_8_20_17_17,0.5373569750556264,-0.1289417750451653,1.0254503473631091,-3.32943373554423,0.6492648999006342,0.006471524109037015,0.004434298646637263, -713.8304556821092, 0.003792741591585564
2021_8_20_17_17,0.5373569899567876,-0.1289417750451653,1.0254503473631091,-3.32943373554423,0.6492648999006342,0.006471524109037015,0.004434298646637263, -713.8304541628588, 0.0037927416193755553
2021_8_20_17_18,0.5373569750556264,-0.1289417601440041,1.0254503473631091,-3.32943373554423,0.6492648999006342,0.006471524109037015,0.004434298646637263, -713.8304512222386, 0.0037927416560331593
2021_8_20_17_18,0.5373569750556264,-0.1289417750451653,1.0254503622642703,-3.32943373554423,0.6492648999006342,0.006471524109037015,0.004434298646637263, -713.830454887281, 0.003792741586795279
2021_8_20_17_18,0.5373569750556264,-0.1289417750451653,1.0254503473631091,-3.3294337206430686,0.6492648999006342,0.006471524109037015,0.004434298646637263, -713.8304557111288, 0.003792741591585564
2021_8_20_17_18,0.5373569750556264,-0.1289417750451653,1.0254503473631091,-3.32943373554423,0.6492649148017954,0.006471524109037015,0.004434298646637263, -713.8304558458435, 0.003792741591585564
2021_8_20_17_18,0.5373569750556264,-0.1289417750451653,1.0254503473631091,-3.32943373554423,0.6492648999006342,0.006471539010198209,0.004434298646637263, -713.8303885785182, 0.003792741591585564
2021_8_20_17_19,0.5373569750556264,-0.1289417750451653,1.0254503473631091,-3.32943373554423,0.6492648999006342,0.006471524109037015,0.004434313547798457, -713.8303845693223, 0.003792741591585564
2021_8_20_17_19,-0.7551523929431303,0.314359729326292,0.008769356775154558,3.568171772436453,9.999999999998899e-05,0.0010845219723539749,9.999999999999593e-06, 9195942.092818847, 0.004799420840167657
2021_8_20_17_19,0.40810603825575076,-0.08461162460801956,0.9237822483043137,-2.6396731847461616,0.5843484099105708,0.005932823895368711,0.003991868781973537, -722.1389334854674, 0.0037927327565676944
2021_8_20_17_19,0.40810605315691195,-0.08461162460801956,0.9237822483043137,-2.6396731847461616,0.5843484099105708,0.005932823895368711,0.003991868781973537, -722.1389321980367, 0.0037927327657313195
2021_8_20_17_19,0.40810603825575076,-0.08461160970685837,0.9237822483043137,-2.6396731847461616,0.5843484099105708,0.005932823895368711,0.003991868781973537, -722.1389295356047, 0.0037927327659975853
2021_8_20_17_20,0.40810603825575076,-0.08461162460801956,0.9237822632054749,-2.6396731847461616,0.5843484099105708,0.005932823895368711,0.003991868781973537, -722.1389328711832, 0.0037927327464546963
2021_8_20_17_20,0.40810603825575076,-0.08461162460801956,0.9237822483043137,-2.6396731698450004,0.5843484099105708,0.005932823895368711,0.003991868781973537, -722.1389334739567, 0.0037927327565676944
2021_8_20_17_20,0.40810603825575076,-0.08461162460801956,0.9237822483043137,-2.6396731847461616,0.584348424811732,0.005932823895368711,0.003991868781973537, -722.1389334663875, 0.0037927327565676944
2021_8_20_17_20,0.40810603825575076,-0.08461162460801956,0.9237822483043137,-2.6396731847461616,0.5843484099105708,0.005932838796529905,0.003991868781973537, -722.1388923036573, 0.0037927327565676944
2021_8_20_17_20,0.40810603825575076,-0.08461162460801956,0.9237822483043137,-2.6396731847461616,0.5843484099105708,0.005932823895368711,0.003991883683134731, -722.1389023265484, 0.0037927327565676944
2021_8_20_17_21,3.7110789017641963,-1.4033554147613174,0.00045575539703324175,-1.5576943628088256,9.999999999998899e-05,9.999999999999593e-06,0.0089358120825473, 324767175.4197009, 0.0195115400667719
2021_8_20_17_21,0.7384033246065953,-0.21648600362334935,0.8314495990135856,-2.531475302552428,0.5259235689195138,0.00534054150583184,0.004486263112030913, -714.6152240968407, 0.004276670335027313
2021_8_20_17_21,0.5055172792638675,-0.12350400261990802,0.8965515130707724,-2.607763476690776,0.5671177619403193,0.005758148035238406,0.004137675505880769, -723.5281748746047, 0.003877411784629391
2021_8_20_17_21,0.5055172941650287,-0.12350400261990802,0.8965515130707724,-2.607763476690776,0.5671177619403193,0.005758148035238406,0.004137675505880769, -723.5281750574388, 0.003877411765840508
2021_8_20_17_21,0.5055172792638675,-0.12350398771874682,0.8965515130707724,-2.607763476690776,0.5671177619403193,0.005758148035238406,0.004137675505880769, -723.5281755837004, 0.0038774117070890166
2021_8_20_17_22,0.5055172792638675,-0.12350400261990802,0.8965515279719336,-2.607763476690776,0.5671177619403193,0.005758148035238406,0.004137675505880769, -723.5281745538041, 0.0038774117660603873
2021_8_20_17_22,0.5055172792638675,-0.12350400261990802,0.8965515130707724,-2.607763461789615,0.5671177619403193,0.005758148035238406,0.004137675505880769, -723.5281748780228, 0.003877411784629391
2021_8_20_17_22,0.5055172792638675,-0.12350400261990802,0.8965515130707724,-2.607763476690776,0.5671177768414805,0.005758148035238406,0.004137675505880769, -723.5281749232776, 0.003877411784629391
2021_8_20_17_22,0.5055172792638675,-0.12350400261990802,0.8965515130707724,-2.607763476690776,0.5671177619403193,0.0057581629363996,0.004137675505880769, -723.5281547421336, 0.003877411784629391
2021_8_20_17_22,0.5055172792638675,-0.12350400261990802,0.8965515130707724,-2.607763476690776,0.5671177619403193,0.005758148035238406,0.004137690407041963, -723.5281322731057, 0.003877411784629391
2021_8_20_17_23,0.4841529010344527,-0.0642321525218795,9.999999999998899e-05,-7.0,1.531895781900707,0.007499472067059453,0.004735281375032667, 1963442567.960313, 0.00510388475234385
2021_8_20_17_23,0.503380841440926,-0.11757681761010516,0.8069063617636951,-3.0469871290216983,0.663595563936358,0.005932280438420511,0.004197436092795959, -724.7750700805448, 0.003974680966787813
2021_8_20_17_23,0.5033808563420872,-0.11757681761010516,0.8069063617636951,-3.0469871290216983,0.663595563936358,0.005932280438420511,0.004197436092795959, -724.7750700232928, 0.0039746809469152974
2021_8_20_17_23,0.503380841440926,-0.11757680270894397,0.8069063617636951,-3.0469871290216983,0.663595563936358,0.005932280438420511,0.004197436092795959, -724.7750701321364, 0.003974680880607622
2021_8_20_17_23,0.503380841440926,-0.11757681761010516,0.8069063766648563,-3.0469871290216983,0.663595563936358,0.005932280438420511,0.004197436092795959, -724.7750699713284, 0.003974680943103172
2021_8_20_17_23,0.503380841440926,-0.11757681761010516,0.8069063617636951,-3.046987114120537,0.663595563936358,0.005932280438420511,0.004197436092795959, -724.775070097238, 0.003974680966787813
2021_8_20_17_24,0.503380841440926,-0.11757681761010516,0.8069063617636951,-3.0469871290216983,0.6635955788375192,0.005932280438420511,0.004197436092795959, -724.7750701764853, 0.003974680966787813
2021_8_20_17_24,0.503380841440926,-0.11757681761010516,0.8069063617636951,-3.0469871290216983,0.663595563936358,0.0059322953395817045,0.004197436092795959, -724.7750481610121, 0.003974680966787813
2021_8_20_17_24,0.503380841440926,-0.11757681761010516,0.8069063617636951,-3.0469871290216983,0.663595563936358,0.005932280438420511,0.004197450993957153, -724.7750348283741, 0.003974680966787813
2021_8_20_17_24,-0.7376757751544547,0.3145003162428438,0.7519298505452927,-6.715843993228242,1.7342171216402442,1.0000001032539965e-05,1.000001176677378e-05, 21429696.592145767, 0.0040066875523452105
2021_8_20_17_24,0.3792751797813879,-0.07436910422481026,0.8014087106418549,-3.4138728154423528,0.7706577197067466,0.005340052394681714,0.00377869248469304, -725.7825086293979, 0.0039041957793107345
2021_8_20_17_25,0.3792751946825491,-0.07436910422481026,0.8014087106418549,-3.4138728154423528,0.7706577197067466,0.005340052394681714,0.00377869248469304, -725.782508523341, 0.0039041957593552333
2021_8_20_17_25,0.3792751797813879,-0.07436908932364907,0.8014087106418549,-3.4138728154423528,0.7706577197067466,0.005340052394681714,0.00377869248469304, -725.782508302635, 0.003904195696978255
2021_8_20_17_25,0.3792751797813879,-0.07436910422481026,0.8014087255430161,-3.4138728154423528,0.7706577197067466,0.005340052394681714,0.00377869248469304, -725.7825086428593, 0.0039041957584239426
2021_8_20_17_25,0.3792751797813879,-0.07436910422481026,0.8014087106418549,-3.4138728005411916,0.7706577197067466,0.005340052394681714,0.00377869248469304, -725.7825086236734, 0.0039041957793107345
2021_8_20_17_25,0.3792751797813879,-0.07436910422481026,0.8014087106418549,-3.4138728154423528,0.7706577346079078,0.005340052394681714,0.00377869248469304, -725.7825086196142, 0.0039041957793107345
2021_8_20_17_26,0.3792751797813879,-0.07436910422481026,0.8014087106418549,-3.4138728154423528,0.7706577197067466,0.005340067295842908,0.00377869248469304, -725.7825310911967, 0.0039041957793107345
2021_8_20_17_26,0.3792751797813879,-0.07436910422481026,0.8014087106418549,-3.4138728154423528,0.7706577197067466,0.005340052394681714,0.003778707385854234, -725.7825173379653, 0.0039041957793107345
2021_8_20_17_26,-0.024177502576504306,0.06345594856094668,0.5055580929592981,-7.0,1.9331778585645139,0.008983481720273728,0.0030416478128008307, -633.8379318556089, 0.0042781939425553025
2021_8_20_17_26,0.3389299115455987,-0.06058659894623457,0.7718236488735992,-3.7724855338981174,0.8869097335925233,0.005704395327240915,0.0037049880175038193, -725.6070568720062, 0.003925416704678846
2021_8_20_17_26,0.36414997262413096,-0.0692021229008511,0.7903174425062731,-3.5483146445106484,0.8142399257338443,0.005476642447796096,0.0037510611072502868, -725.879129083948, 0.003911726230941564
2021_8_20_17_26,0.36414998752529215,-0.0692021229008511,0.7903174425062731,-3.5483146445106484,0.8142399257338443,0.005476642447796096,0.0037510611072502868, -725.8791290143948, 0.003911726207836641
2021_8_20_17_27,0.36414997262413096,-0.06920210799968991,0.7903174425062731,-3.5483146445106484,0.8142399257338443,0.005476642447796096,0.0037510611072502868, -725.8791287890048, 0.003911726139249891
2021_8_20_17_27,0.36414997262413096,-0.0692021229008511,0.7903174574074343,-3.5483146445106484,0.8142399257338443,0.005476642447796096,0.0037510611072502868, -725.8791291221272, 0.003911726209281831
2021_8_20_17_27,0.36414997262413096,-0.0692021229008511,0.7903174425062731,-3.548314629609487,0.8142399257338443,0.005476642447796096,0.0037510611072502868, -725.8791290696419, 0.003911726230941564
2021_8_20_17_27,0.36414997262413096,-0.0692021229008511,0.7903174425062731,-3.5483146445106484,0.8142399406350055,0.005476642447796096,0.0037510611072502868, -725.8791290334655, 0.003911726230941564
2021_8_20_17_27,0.36414997262413096,-0.0692021229008511,0.7903174425062731,-3.5483146445106484,0.8142399257338443,0.0054766573489572895,0.0037510611072502868, -725.8791400043606, 0.003911726230941564
2021_8_20_17_28,0.36414997262413096,-0.0692021229008511,0.7903174425062731,-3.5483146445106484,0.8142399257338443,0.005476642447796096,0.0037510760084114806, -725.8791413456255, 0.003911726230941564
2021_8_20_17_28,0.43462862184218504,-0.09392884022544273,0.8190877260340217,-7.0,1.6190776760169534,0.005496936318893972,0.004124296028059166, -725.2351259210158, 0.003913911718742424
2021_8_20_17_28,0.38669229704383573,-0.07711086817263894,0.7995195068495162,-4.652322907175437,1.071664179368087,0.00548313336428067,0.003870438858710956, -726.0449944300019, 0.003912165259783124
2021_8_20_17_28,0.3866923119449969,-0.07711086817263894,0.7995195068495162,-4.652322907175437,1.071664179368087,0.00548313336428067,0.003870438858710956, -726.044994378277, 0.003912165238374764
2021_8_20_17_28,0.38669229704383573,-0.07711085327147775,0.7995195068495162,-4.652322907175437,1.071664179368087,0.00548313336428067,0.003870438858710956, -726.0449941751078, 0.0039121651727262825
2021_8_20_17_29,0.38669229704383573,-0.07711086817263894,0.7995195217506774,-4.652322907175437,1.071664179368087,0.00548313336428067,0.003870438858710956, -726.0449944410005, 0.003912165238305986
2021_8_20_17_29,0.38669229704383573,-0.07711086817263894,0.7995195068495162,-4.652322892274276,1.071664179368087,0.00548313336428067,0.003870438858710956, -726.0449944175233, 0.003912165259783124
2021_8_20_17_29,0.38669229704383573,-0.07711086817263894,0.7995195068495162,-4.652322907175437,1.0716641942692482,0.00548313336428067,0.003870438858710956, -726.0449943741875, 0.003912165259783124
2021_8_20_17_29,0.38669229704383573,-0.07711086817263894,0.7995195068495162,-4.652322907175437,1.071664179368087,0.005483148265441864,0.003870438858710956, -726.0450038029645, 0.003912165259783124
2021_8_20_17_29,0.38669229704383573,-0.07711086817263894,0.7995195068495162,-4.652322907175437,1.071664179368087,0.00548313336428067,0.00387045375987215, -726.0449876788609, 0.003912165259783124
2021_8_20_17_30,0.9042093621195091,-0.26341647840774784,0.883223874133602,-0.897214873255352,0.0001000002514268683,0.007672335853999001,0.004667484845142484, -706.0041846418313, 0.004169645252525349
2021_8_20_17_30,0.43844400355140306,-0.09574142919614984,0.8078899435779248,-4.276812103783429,0.964507761456421,0.005702053613252503,0.003950143457354109, -726.0059138775165, 0.003935248069289592
2021_8_20_17_30,0.4098556293657952,-0.08544964394361813,0.803265996012955,-4.48424957942569,1.0237024813677371,0.005581118973280814,0.003906113510438427, -726.1172123647974, 0.00392233862944306
2021_8_20_17_30,0.4098556442669564,-0.08544964394361813,0.803265996012955,-4.48424957942569,1.0237024813677371,0.005581118973280814,0.003906113510438427, -726.1172123483137, 0.003922338607546622
2021_8_20_17_30,0.4098556293657952,-0.08544962904245694,0.803265996012955,-4.48424957942569,1.0237024813677371,0.005581118973280814,0.003906113510438427, -726.117212302275, 0.0039223385403703934
2021_8_20_17_30,0.4098556293657952,-0.08544964394361813,0.8032660109141162,-4.48424957942569,1.0237024813677371,0.005581118973280814,0.003906113510438427, -726.1172123527996, 0.003922338607531918
2021_8_20_17_31,0.4098556293657952,-0.08544964394361813,0.803265996012955,-4.484249564524529,1.0237024813677371,0.005581118973280814,0.003906113510438427, -726.1172123603673, 0.00392233862944306
2021_8_20_17_31,0.4098556293657952,-0.08544964394361813,0.803265996012955,-4.48424957942569,1.0237024962688983,0.005581118973280814,0.003906113510438427, -726.1172123478786, 0.00392233862944306
2021_8_20_17_31,0.4098556293657952,-0.08544964394361813,0.803265996012955,-4.48424957942569,1.0237024813677371,0.005581133874442008,0.003906113510438427, -726.1172137027113, 0.00392233862944306
2021_8_20_17_31,0.4098556293657952,-0.08544964394361813,0.803265996012955,-4.48424957942569,1.0237024813677371,0.005581118973280814,0.0039061284115996207, -726.1172028427783, 0.00392233862944306
2021_8_20_17_31,0.4660637225513,-0.1052101958721854,0.8279225085070845,-6.999999999999217,1.6006357665135653,0.005648604278043413,0.0036872300728957893, -725.3329502208479, 0.003922394267038319
2021_8_20_17_32,0.41643449925723014,-0.08776251550273576,0.8061519147211393,-4.778705302050063,1.0912295722883618,0.00558901778312216,0.0038804943233183347, -726.130950514464, 0.003922263538705373
2021_8_20_17_32,0.41643451415839133,-0.08776251550273576,0.8061519147211393,-4.778705302050063,1.0912295722883618,0.00558901778312216,0.0038804943233183347, -726.130950456062, 0.003922263517371346
2021_8_20_17_32,0.41643449925723014,-0.08776250060157456,0.8061519147211393,-4.778705302050063,1.0912295722883618,0.00558901778312216,0.0038804943233183347, -726.1309503589795, 0.003922263451205511
2021_8_20_17_32,0.41643449925723014,-0.08776251550273576,0.8061519296223005,-4.778705302050063,1.0912295722883618,0.00558901778312216,0.0038804943233183347, -726.1309505002539, 0.003922263516880451
2021_8_20_17_32,0.41643449925723014,-0.08776251550273576,0.8061519147211393,-4.7787052871489015,1.0912295722883618,0.00558901778312216,0.0038804943233183347, -726.1309505113317, 0.003922263538705373
2021_8_20_17_33,0.41643449925723014,-0.08776251550273576,0.8061519147211393,-4.778705302050063,1.091229587189523,0.00558901778312216,0.0038804943233183347, -726.1309504999691, 0.003922263538705373
2021_8_20_17_33,0.41643449925723014,-0.08776251550273576,0.8061519147211393,-4.778705302050063,1.0912295722883618,0.005589032684283354,0.0038804943233183347, -726.1309508825253, 0.003922263538705373
2021_8_20_17_33,0.41643449925723014,-0.08776251550273576,0.8061519147211393,-4.778705302050063,1.0912295722883618,0.00558901778312216,0.0038805092244795286, -726.1309461682989, 0.003922263538705373
2021_8_20_17_33,0.26569357243799774,-0.037389722079017335,0.7738197228166407,-0.47036540157808915,9.999999999998899e-05,0.005770339379718858,0.002981699848615884, -717.6872945148316, 0.0038985579139291073
2021_8_20_17_33,0.4013604065753069,-0.08272523616036391,0.8029186955306895,-4.347871312002866,0.9821166150595256,0.00560714994278183,0.0037906148758480897, -726.1180221866497, 0.003919091457731938
2021_8_20_17_34,0.4104019378345879,-0.0857466265416505,0.8048579998056072,-4.606288124926128,1.0475632216576245,0.0055962741645960035,0.0038445251078611676, -726.1415107266321, 0.003920972960509093
2021_8_20_17_34,0.4104019527357491,-0.0857466265416505,0.8048579998056072,-4.606288124926128,1.0475632216576245,0.0055962741645960035,0.0038445251078611676, -726.1415106733843, 0.00392097293856751
2021_8_20_17_34,0.4104019378345879,-0.0857466116404893,0.8048579998056072,-4.606288124926128,1.0475632216576245,0.0055962741645960035,0.0038445251078611676, -726.1415105913559, 0.003920972871389137
2021_8_20_17_34,0.4104019378345879,-0.0857466265416505,0.8048580147067684,-4.606288124926128,1.0475632216576245,0.0055962741645960035,0.0038445251078611676, -726.1415107191668, 0.003920972938656418
2021_8_20_17_34,0.4104019378345879,-0.0857466265416505,0.8048579998056072,-4.606288110024967,1.0475632216576245,0.0055962741645960035,0.0038445251078611676, -726.1415107255709, 0.003920972960509093
2021_8_20_17_34,0.4104019378345879,-0.0857466265416505,0.8048579998056072,-4.606288124926128,1.0475632365587857,0.0055962741645960035,0.0038445251078611676, -726.1415107229074, 0.003920972960509093
2021_8_20_17_35,0.4104019378345879,-0.0857466265416505,0.8048579998056072,-4.606288124926128,1.0475632216576245,0.005596289065757197,0.0038445251078611676, -726.1415106079426, 0.003920972960509093
2021_8_20_17_35,0.4104019378345879,-0.0857466265416505,0.8048579998056072,-4.606288124926128,1.0475632216576245,0.0055962741645960035,0.0038445400090223614, -726.1415116362386, 0.003920972960509093
2021_8_20_17_35,0.40271639153362887,-0.08342265997311606,0.8049537701291105,-4.698020040559717,1.0652714582315865,0.005597966492447501,0.0038422067122136864, -726.1429563983094, 0.003918313061315642
2021_8_20_17_35,0.40271640643479006,-0.08342265997311606,0.8049537701291105,-4.698020040559717,1.0652714582315865,0.005597966492447501,0.0038422067122136864, -726.1429564301253, 0.0039183130379439966
2021_8_20_17_35,0.40271639153362887,-0.08342264507195486,0.8049537701291105,-4.698020040559717,1.0652714582315865,0.005597966492447501,0.0038422067122136864, -726.1429564829841, 0.003918312968275419
2021_8_20_17_36,0.40271639153362887,-0.08342265997311606,0.8049537850302717,-4.698020040559717,1.0652714582315865,0.005597966492447501,0.0038422067122136864, -726.1429564040216, 0.003918313039356199
2021_8_20_17_36,0.40271639153362887,-0.08342265997311606,0.8049537701291105,-4.698020025658556,1.0652714582315865,0.005597966492447501,0.0038422067122136864, -726.1429563997096, 0.003918313061315642
2021_8_20_17_36,0.40271639153362887,-0.08342265997311606,0.8049537701291105,-4.698020040559717,1.0652714731327477,0.005597966492447501,0.0038422067122136864, -726.1429564036869, 0.003918313061315642
2021_8_20_17_36,0.40271639153362887,-0.08342265997311606,0.8049537701291105,-4.698020040559717,1.0652714582315865,0.005597981393608695,0.0038422067122136864, -726.1429562947841, 0.003918313061315642
2021_8_20_17_36,0.40271639153362887,-0.08342265997311606,0.8049537701291105,-4.698020040559717,1.0652714582315865,0.005597966492447501,0.0038422216133748802, -726.1429557741155, 0.003918313061315642
2021_8_20_17_37,0.4048972003442892,-0.084074038369982,0.8051711426463278,-4.653974761120869,1.0570113962548302,0.005595438530958912,0.0038416492755832875, -726.1440664929893, 0.003918645742876865
2021_8_20_17_37,0.4048972152454504,-0.084074038369982,0.8051711426463278,-4.653974761120869,1.0570113962548302,0.005595438530958912,0.0038416492755832875, -726.1440664948377, 0.003918645720000757
2021_8_20_17_37,0.4048972003442892,-0.0840740234688208,0.8051711426463278,-4.653974761120869,1.0570113962548302,0.005595438530958912,0.0038416492755832875, -726.1440664981734, 0.003918645651221409
2021_8_20_17_37,0.4048972003442892,-0.084074038369982,0.805171157547489,-4.653974761120869,1.0570113962548302,0.005595438530958912,0.0038416492755832875, -726.1440664927861, 0.003918645720973227
2021_8_20_17_37,0.4048972003442892,-0.084074038369982,0.8051711426463278,-4.653974746219708,1.0570113962548302,0.005595438530958912,0.0038416492755832875, -726.1440664929092, 0.003918645742876865
2021_8_20_17_37,0.4048972003442892,-0.084074038369982,0.8051711426463278,-4.653974761120869,1.0570114111559914,0.005595438530958912,0.0038416492755832875, -726.1440664926633, 0.003918645742876865
2021_8_20_17_38,0.4048972003442892,-0.084074038369982,0.8051711426463278,-4.653974761120869,1.0570113962548302,0.0055954534321201056,0.0038416492755832875, -726.1440664903059, 0.003918645742876865
2021_8_20_17_38,0.4048972003442892,-0.084074038369982,0.8051711426463278,-4.653974761120869,1.0570113962548302,0.005595438530958912,0.0038416641767444813, -726.1440665015461, 0.003918645742876865
2021_8_20_17_38,0.40498307359046254,-0.08408400732708866,0.8050154894977527,-4.6545946359598505,1.0570318955812597,0.005595522792541277,0.0038420788679378475, -726.1440702696176, 0.003918804121014707
2021_8_20_17_38,0.40498308849162373,-0.08408400732708866,0.8050154894977527,-4.6545946359598505,1.0570318955812597,0.005595522792541277,0.0038420788679378475, -726.1440702687338, 0.003918804098182687
2021_8_20_17_38,0.40498307359046254,-0.08408399242592747,0.8050154894977527,-4.6545946359598505,1.0570318955812597,0.005595522792541277,0.0038420788679378475, -726.1440702670706, 0.003918804029475674
2021_8_20_17_39,0.40498307359046254,-0.08408400732708866,0.8050155043989139,-4.6545946359598505,1.0570318955812597,0.005595522792541277,0.0038420788679378475, -726.1440702696583, 0.003918804099110151
2021_8_20_17_39,0.40498307359046254,-0.08408400732708866,0.8050154894977527,-4.654594621058689,1.0570318955812597,0.005595522792541277,0.0038420788679378475, -726.1440702696443, 0.003918804121014707
2021_8_20_17_39,0.40498307359046254,-0.08408400732708866,0.8050154894977527,-4.6545946359598505,1.0570319104824208,0.005595522792541277,0.0038420788679378475, -726.1440702697313, 0.003918804121014707
2021_8_20_17_39,0.40498307359046254,-0.08408400732708866,0.8050154894977527,-4.6545946359598505,1.0570318955812597,0.005595537693702471,0.0038420788679378475, -726.144070267663, 0.003918804121014707
2021_8_20_17_39,0.40498307359046254,-0.08408400732708866,0.8050154894977527,-4.6545946359598505,1.0570318955812597,0.005595522792541277,0.0038420937690990414, -726.1440702637578, 0.003918804121014707
2021_8_20_17_40,0.40496973756682597,-0.0840854364482295,0.8050598821120007,-4.654812726088144,1.0571158948460018,0.0055954843402320495,0.0038419525722032683, -726.1440709860583, 0.003918768085206343
2021_8_20_17_40,0.40496975246798717,-0.0840854364482295,0.8050598821120007,-4.654812726088144,1.0571158948460018,0.0055954843402320495,0.0038419525722032683, -726.1440709860715, 0.003918768062359921
2021_8_20_17_40,0.40496973756682597,-0.0840854215470683,0.8050598821120007,-4.654812726088144,1.0571158948460018,0.0055954843402320495,0.0038419525722032683, -726.1440709861005, 0.003918767993628397
2021_8_20_17_40,0.40496973756682597,-0.0840854364482295,0.8050598970131619,-4.654812726088144,1.0571158948460018,0.0055954843402320495,0.0038419525722032683, -726.1440709860664, 0.003918768063301444
2021_8_20_17_40,0.40496973756682597,-0.0840854364482295,0.8050598821120007,-4.654812711186983,1.0571158948460018,0.0055954843402320495,0.0038419525722032683, -726.1440709860583, 0.003918768085206343
2021_8_20_17_41,0.40496973756682597,-0.0840854364482295,0.8050598821120007,-4.654812726088144,1.057115909747163,0.0055954843402320495,0.0038419525722032683, -726.1440709860577, 0.003918768085206343
2021_8_20_17_41,0.40496973756682597,-0.0840854364482295,0.8050598821120007,-4.654812726088144,1.0571158948460018,0.005595499241393243,0.0038419525722032683, -726.1440709862687, 0.003918768085206343
2021_8_20_17_41,0.40496973756682597,-0.0840854364482295,0.8050598821120007,-4.654812726088144,1.0571158948460018,0.0055954843402320495,0.003841967473364462, -726.1440709864536, 0.003918768085206343
2021_8_20_17_41,0.40496832178211184,-0.08408495691963658,0.8050615243532108,-4.654778687298097,1.0571073444475934,0.005595483266964715,0.003841952619720042, -726.1440709862798, 0.003918764894743226
2021_8_20_17_41,0.40496833668327303,-0.08408495691963658,0.8050615243532108,-4.654778687298097,1.0571073444475934,0.005595483266964715,0.003841952619720042, -726.1440709862766, 0.003918764871897196
2021_8_20_17_41,0.40496832178211184,-0.08408494201847538,0.8050615243532108,-4.654778687298097,1.0571073444475934,0.005595483266964715,0.003841952619720042, -726.1440709862703, 0.003918764803166565
2021_8_20_17_42,0.40496832178211184,-0.08408495691963658,0.805061539254372,-4.654778687298097,1.0571073444475934,0.005595483266964715,0.003841952619720042, -726.1440709862761, 0.003918764872838508
2021_8_20_17_42,0.40496832178211184,-0.08408495691963658,0.8050615243532108,-4.654778672396936,1.0571073444475934,0.005595483266964715,0.003841952619720042, -726.1440709862798, 0.003918764894743226
2021_8_20_17_42,0.40496832178211184,-0.08408495691963658,0.8050615243532108,-4.654778687298097,1.0571073593487545,0.005595483266964715,0.003841952619720042, -726.1440709862796, 0.003918764894743226
2021_8_20_17_42,0.40496832178211184,-0.08408495691963658,0.8050615243532108,-4.654778687298097,1.0571073444475934,0.005595498168125909,0.003841952619720042, -726.1440709861618, 0.003918764894743226
2021_8_20_17_42,0.40496832178211184,-0.08408495691963658,0.8050615243532108,-4.654778687298097,1.0571073444475934,0.005595483266964715,0.0038419675208812357, -726.1440709862017, 0.003918764894743226
2021_8_20_17_43,0.4049681364681524,-0.08408486756479376,0.8050607840486551,-4.654759482806191,1.057102964717325,0.005595483463715454,0.003841952908704849, -726.1440709862842, 0.003918765717970237
2021_8_20_17_43,0.40496822695893364,-0.08408491119771573,0.8050611455472588,-4.6547688605642445,1.0571051033862882,0.0055954833676399715,0.0038419527675904877, -726.1440709862969, 0.003918765315979505
2021_8_20_17_43,0.40496824186009484,-0.08408491119771573,0.8050611455472588,-4.6547688605642445,1.0571051033862882,0.0055954833676399715,0.0038419527675904877, -726.1440709862959, 0.003918765293133428
2021_8_20_17_43,0.40496822695893364,-0.08408489629655454,0.8050611455472588,-4.6547688605642445,1.0571051033862882,0.0055954833676399715,0.0038419527675904877, -726.1440709862901, 0.003918765224402692
2021_8_20_17_43,0.40496822695893364,-0.08408491119771573,0.80506116044842,-4.6547688605642445,1.0571051033862882,0.0055954833676399715,0.0038419527675904877, -726.1440709862954, 0.003918765294074761
2021_8_20_17_44,0.40496822695893364,-0.08408491119771573,0.8050611455472588,-4.654768845663083,1.0571051033862882,0.0055954833676399715,0.0038419527675904877, -726.1440709862974, 0.003918765315979505
2021_8_20_17_44,0.40496822695893364,-0.08408491119771573,0.8050611455472588,-4.6547688605642445,1.0571051182874494,0.0055954833676399715,0.0038419527675904877, -726.1440709862972, 0.003918765315979505
2021_8_20_17_44,0.40496822695893364,-0.08408491119771573,0.8050611455472588,-4.6547688605642445,1.0571051033862882,0.005595498268801165,0.0038419527675904877, -726.1440709862335, 0.003918765315979505
2021_8_20_17_44,0.40496822695893364,-0.08408491119771573,0.8050611455472588,-4.6547688605642445,1.0571051033862882,0.0055954833676399715,0.0038419676687516816, -726.1440709862366, 0.003918765315979505
2021_8_20_17_44,0.4049339698915459,-0.08406875751536627,0.8049382656402363,-4.6507385259573955,1.056183623919144,0.00559552256700511,0.0038420047190262487, -726.1440684255529, 0.003918899219818845
2021_8_20_17_45,0.40496480125219486,-0.08408329582948078,0.8050488575565565,-4.654365827103559,1.0570129554395737,0.005595487287576486,0.003841957962734064, -726.1440709601858, 0.0039187787043437625
2021_8_20_17_45,0.40496770101689,-0.08408466319339561,0.8050592589961221,-4.654706983626688,1.0570909560925743,0.005595483969460144,0.0038419535651907023, -726.1440709856086, 0.003918767371439669
2021_8_20_17_45,0.40496803743264614,-0.08408482182791036,0.8050604657175371,-4.654746562848365,1.0571000053263622,0.005595483584509386,0.0038419530550103838, -726.1440709861882, 0.003918766056675364
2021_8_20_17_45,0.40496814595001757,-0.08408487299852363,0.8050608549687348,-4.654759329887426,1.0571029243307375,0.0055954834603361165,0.0038419528904419117, -726.1440709862692, 0.003918765632573771
2021_8_20_17_45,0.40496819018298963,-0.0840848938562746,0.8050610136321557,-4.654764533884494,1.0571041141516613,0.0055954834097216135,0.0038419528233618436, -726.1440709862879, 0.003918765459705045
2021_8_20_17_45,0.4049682098108799,-0.08408490311167001,0.8050610840372869,-4.654766843100411,1.0571046421214851,0.00559548338726199,0.003841952793595808, -726.1440709862934, 0.0039187653829965
2021_8_20_17_46,0.40496821887671136,-0.08408490738659992,0.8050611165563732,-4.654767909693006,1.057104885982919,0.005595483376888223,0.003841952779847318, -726.1440709862959, 0.003918765347565957
2021_8_20_17_46,0.40496822306382046,-0.08408490936100214,0.8050611315755098,-4.654768402305244,1.0571049986117964,0.005595483372097036,0.0038419527734974944, -726.144070986298, 0.003918765331202153
2021_8_20_17_46,0.40496822484713274,-0.08408491020191067,0.8050611379722409,-4.654768612111445,1.0571050465810412,0.005595483370056444,0.0038419527707930705, -726.1440709863006, 0.003918765324232708
2021_8_20_17_46,0.40496823974829393,-0.08408491020191067,0.8050611379722409,-4.654768612111445,1.0571050465810412,0.005595483370056444,0.0038419527707930705, -726.1440709862985, 0.003918765301386639
2021_8_20_17_46,0.40496822484713274,-0.08408489530074947,0.8050611379722409,-4.654768612111445,1.0571050465810412,0.005595483370056444,0.0038419527707930705, -726.1440709862931, 0.0039187652326559096
2021_8_20_17_47,0.40496822484713274,-0.08408491020191067,0.8050611528734021,-4.654768612111445,1.0571050465810412,0.005595483370056444,0.0038419527707930705, -726.1440709862978, 0.0039187653023279746
2021_8_20_17_47,0.40496822484713274,-0.08408491020191067,0.8050611379722409,-4.654768597210284,1.0571050465810412,0.005595483370056444,0.0038419527707930705, -726.1440709863009, 0.003918765324232708
2021_8_20_17_47,0.40496822484713274,-0.08408491020191067,0.8050611379722409,-4.654768612111445,1.0571050614822024,0.005595483370056444,0.0038419527707930705, -726.1440709863004, 0.003918765324232708
2021_8_20_17_47,0.40496822484713274,-0.08408491020191067,0.8050611379722409,-4.654768612111445,1.0571050465810412,0.005595498271217638,0.0038419527707930705, -726.1440709862378, 0.003918765324232708
2021_8_20_17_47,0.40496822484713274,-0.08408491020191067,0.8050611379722409,-4.654768612111445,1.0571050465810412,0.005595483370056444,0.0038419676719542643, -726.1440709862401, 0.003918765324232708
2021_8_20_17_48,0.4042039767157134,-0.08374070635154855,0.8027841838376286,-4.579964887804044,1.0399637241645008,0.005596256061486717,0.0038428205058204062, -726.1432482334594, 0.00392117472652277
2021_8_20_17_48,0.4048918000339908,-0.08405048981687446,0.8048334425587796,-4.647288239680705,1.0553909143393871,0.005595560639199471,0.003842039544295804, -726.1440621961115, 0.003919005748356621
2021_8_20_17_48,0.40496058236581856,-0.08408146816340704,0.8050383684308947,-4.654020574868371,1.0569336333568757,0.005595491096970747,0.0038419614481433437, -726.1440708974317, 0.003918789360038997
2021_8_20_17_48,0.4049674605990013,-0.0840845659980603,0.8050588610181063,-4.654693808387138,1.0570879052586246,0.005595484142747874,0.003841953638528098, -726.144070985312, 0.003918767727747278
2021_8_20_17_48,0.4049679617618904,-0.08408479171296754,0.8050603541521625,-4.654742861631821,1.0570991458417704,0.005595483636048212,0.0038419530695027048, -726.1440709861589, 0.003918766151618371
2021_8_20_17_48,0.40496811415415224,-0.08408486034774873,0.8050608081803456,-4.654757777610375,1.0571025638480254,0.005595483481972344,0.003841952896474996, -726.1440709862646, 0.0039187656723546
2021_8_20_17_49,0.4049681751436515,-0.08408488781634124,0.8050609898887293,-4.654763747192117,1.0571039317815911,0.005595483420309042,0.0038419528272269038, -726.1440709862868, 0.003918765480546739
2021_8_20_17_49,0.40496820218909496,-0.08408489999713094,0.8050610704662691,-4.654766394368881,1.0571045383838802,0.005595483392964804,0.0038419527965192347, -726.1440709862961, 0.003918765395490675
2021_8_20_17_49,0.40496821424394513,-0.08408490542642238,0.8050611063817523,-4.654767574283692,1.057104808762132,0.005595483380776774,0.0038419527828320366, -726.1440709862967, 0.003918765357579004
2021_8_20_17_49,0.40496822014516326,-0.08408490808422671,0.8050611239634806,-4.654768151888101,1.0571049411205606,0.00559548337481036,0.003841952776131734, -726.1440709862997, 0.003918765339020084
2021_8_20_17_49,0.4049682226451464,-0.08408490921017496,0.8050611314117776,-4.6547683965835684,1.0571049971926871,0.005595483372282758,0.003841952773293228, -726.1440709862977, 0.003918765331157813
2021_8_20_17_50,0.4049682375463076,-0.08408490921017496,0.8050611314117776,-4.6547683965835684,1.0571049971926871,0.005595483372282758,0.003841952773293228, -726.1440709862962, 0.0039187653083117314
2021_8_20_17_50,0.4049682226451464,-0.08408489430901377,0.8050611314117776,-4.6547683965835684,1.0571049971926871,0.005595483372282758,0.003841952773293228, -726.1440709862912, 0.0039187652395810055
2021_8_20_17_50,0.4049682226451464,-0.08408490921017496,0.8050611463129388,-4.6547683965835684,1.0571049971926871,0.005595483372282758,0.003841952773293228, -726.1440709862953, 0.003918765309253072
2021_8_20_17_50,0.4049682226451464,-0.08408490921017496,0.8050611314117776,-4.654768381682407,1.0571049971926871,0.005595483372282758,0.003841952773293228, -726.1440709862975, 0.003918765331157813
2021_8_20_17_50,0.4049682226451464,-0.08408490921017496,0.8050611314117776,-4.6547683965835684,1.0571050120938483,0.005595483372282758,0.003841952773293228, -726.1440709862977, 0.003918765331157813
2021_8_20_17_51,0.4049682226451464,-0.08408490921017496,0.8050611314117776,-4.6547683965835684,1.0571049971926871,0.0055954982734439515,0.003841952773293228, -726.1440709862362, 0.003918765331157813
2021_8_20_17_51,0.4049682226451464,-0.08408490921017496,0.8050611314117776,-4.6547683965835684,1.0571049971926871,0.005595483372282758,0.003841967674454422, -726.1440709862377, 0.003918765331157813
2021_8_20_17_51,0.404968678612434,-0.08408505701221969,0.8050609064316544,-4.654768391292577,1.0571050627599674,0.005595484058143715,0.0038419533680925494, -726.1440709863656, 0.003918765871137267
2021_8_20_17_51,0.4049686935135952,-0.08408505701221969,0.8050609064316544,-4.654768391292577,1.0571050627599674,0.005595484058143715,0.0038419533680925494, -726.1440709863641, 0.003918765848291174
2021_8_20_17_51,0.404968678612434,-0.0840850421110585,0.8050609064316544,-4.654768391292577,1.0571050627599674,0.005595484058143715,0.0038419533680925494, -726.1440709863613, 0.003918765779560378
2021_8_20_17_52,0.404968678612434,-0.08408505701221969,0.8050609213328156,-4.654768391292577,1.0571050627599674,0.005595484058143715,0.0038419533680925494, -726.1440709863647, 0.0039187658492325006
2021_8_20_17_52,0.404968678612434,-0.08408505701221969,0.8050609064316544,-4.654768376391416,1.0571050627599674,0.005595484058143715,0.0038419533680925494, -726.1440709863658, 0.003918765871137267
2021_8_20_17_52,0.404968678612434,-0.08408505701221969,0.8050609064316544,-4.654768391292577,1.0571050776611286,0.005595484058143715,0.0038419533680925494, -726.1440709863656, 0.003918765871137267
2021_8_20_17_52,0.404968678612434,-0.08408505701221969,0.8050609064316544,-4.654768391292577,1.0571050627599674,0.005595498959304909,0.0038419533680925494, -726.1440709863018, 0.003918765871137267
2021_8_20_17_52,0.404968678612434,-0.08408505701221969,0.8050609064316544,-4.654768391292577,1.0571050627599674,0.005595484058143715,0.0038419682692537433, -726.1440709863234, 0.003918765871137267
2021_8_20_17_52,0.404968778015768,-0.08408509269390509,0.8050608566095854,-4.654768281662279,1.057105080750446,0.005595483679469589,0.003841953276734982, -726.1440709863328, 0.003918766011259445
2021_8_20_17_53,0.4049686885527674,-0.08408506058038823,0.8050609014494475,-4.654768380329547,1.0571050645590152,0.005595484020276303,0.0038419533589567926, -726.1440709863621, 0.003918765885149487
2021_8_20_17_53,0.4049686796064674,-0.08408505736903654,0.8050609059334337,-4.654768390196274,1.0571050629398722,0.005595484054356974,0.003841953367178974, -726.1440709863617, 0.003918765872538488
2021_8_20_17_53,0.40496867871183734,-0.08408505704790137,0.8050609063818324,-4.654768391182946,1.057105062777958,0.0055954840577650405,0.003841953368001192, -726.1440709863655, 0.003918765871277386
2021_8_20_17_53,0.40496867862237435,-0.08408505701578786,0.8050609064266722,-4.654768391281614,1.0571050627617664,0.005595484058105848,0.0038419533680834135, -726.1440709863662, 0.003918765871151282

	end time: 2021-08-20 17:53:43.377258
